number,value,datetime_start,datetime_complete,duration,params_criterion,params_max_depth,params_min_samples_leaf,params_min_samples_split,params_n_estimators,state,fold_0,fold_1,fold_2,fold_3,fold_4,fold_5,fold_6,fold_7,fold_8,fold_9,accuracy,precision,recall,f1,accuracy_std,precision_std,recall_std,f1_std
0,0.45622662512735007,2024-07-07 09:50:49.436992,2024-07-07 09:50:53.802697,0 days 00:00:04.365705,gini,3,1,3,218,COMPLETE,"{'accuracy': 0.5254237288135594, 'precision': 0.5966639312746179, 'recall': 0.5254237288135594, 'f1': 0.4833871635586567}","{'accuracy': 0.4378531073446328, 'precision': 0.4953075328275673, 'recall': 0.4378531073446328, 'f1': 0.40175430429477277}","{'accuracy': 0.5141242937853108, 'precision': 0.5530197290491562, 'recall': 0.5141242937853108, 'f1': 0.4847406973543706}","{'accuracy': 0.4985875706214689, 'precision': 0.5571889112011144, 'recall': 0.4985875706214689, 'f1': 0.46060035248880987}","{'accuracy': 0.5084745762711864, 'precision': 0.5861794176316494, 'recall': 0.5084745762711864, 'f1': 0.4682933088785439}","{'accuracy': 0.4844632768361582, 'precision': 0.5398112627942138, 'recall': 0.4844632768361582, 'f1': 0.4445093173653163}","{'accuracy': 0.4759887005649718, 'precision': 0.5300925343039236, 'recall': 0.4759887005649718, 'f1': 0.43439224138823135}","{'accuracy': 0.4943502824858757, 'precision': 0.5274608812451534, 'recall': 0.4943502824858757, 'f1': 0.4670458456337787}","{'accuracy': 0.5225988700564972, 'precision': 0.5963910958401348, 'recall': 0.5225988700564972, 'f1': 0.4788289683833133}","{'accuracy': 0.4667609618104668, 'precision': 0.5398790710332154, 'recall': 0.4667609618104668, 'f1': 0.4387140519277063}",0.49286253685901277,0.5521994367200747,0.4928625368590128,0.45622662512735007,0.027361513298968024,0.03291885495416516,0.027361513298968024,0.026312993273443344
1,0.5617571917250597,2024-07-07 09:50:53.802697,2024-07-07 09:51:04.236754,0 days 00:00:10.434057,entropy,10,1,9,440,COMPLETE,"{'accuracy': 0.6087570621468926, 'precision': 0.6142078396878267, 'recall': 0.6087570621468926, 'f1': 0.589058149984603}","{'accuracy': 0.5734463276836158, 'precision': 0.5688277291668351, 'recall': 0.5734463276836158, 'f1': 0.54370887777964}","{'accuracy': 0.576271186440678, 'precision': 0.5735654973499887, 'recall': 0.576271186440678, 'f1': 0.5432128706342924}","{'accuracy': 0.6087570621468926, 'precision': 0.6207872260043636, 'recall': 0.6087570621468926, 'f1': 0.5817208079608898}","{'accuracy': 0.6045197740112994, 'precision': 0.6118497197665443, 'recall': 0.6045197740112994, 'f1': 0.5792414980793993}","{'accuracy': 0.5706214689265536, 'precision': 0.5693110604859543, 'recall': 0.5706214689265536, 'f1': 0.543636678071522}","{'accuracy': 0.5833333333333334, 'precision': 0.583289143075999, 'recall': 0.5833333333333334, 'f1': 0.5501080587687825}","{'accuracy': 0.5790960451977402, 'precision': 0.5822467262343256, 'recall': 0.5790960451977402, 'f1': 0.549497272707305}","{'accuracy': 0.6129943502824858, 'precision': 0.6177511127488856, 'recall': 0.6129943502824858, 'f1': 0.5878380715045198}","{'accuracy': 0.57991513437058, 'precision': 0.5866361788617886, 'recall': 0.57991513437058, 'f1': 0.549549631759642}",0.5897711744540072,0.5928472233382512,0.5897711744540073,0.5617571917250597,0.016818548545908273,0.0209846366761921,0.016818548545908273,0.019896455527963392
2,0.5288405852467986,2024-07-07 09:51:04.237756,2024-07-07 09:51:07.241406,0 days 00:00:03.003650,log_loss,5,3,4,132,COMPLETE,"{'accuracy': 0.577683615819209, 'precision': 0.5774656468041547, 'recall': 0.577683615819209, 'f1': 0.5711410917748427}","{'accuracy': 0.4971751412429379, 'precision': 0.4978141370037532, 'recall': 0.4971751412429379, 'f1': 0.4922474701459218}","{'accuracy': 0.5508474576271186, 'precision': 0.5416961905460694, 'recall': 0.5508474576271186, 'f1': 0.5389444773772114}","{'accuracy': 0.5480225988700564, 'precision': 0.5482487664567531, 'recall': 0.5480225988700564, 'f1': 0.5358292862489916}","{'accuracy': 0.5522598870056498, 'precision': 0.5417908132414411, 'recall': 0.5522598870056498, 'f1': 0.5367103654111011}","{'accuracy': 0.5155367231638418, 'precision': 0.5062776913828617, 'recall': 0.5155367231638418, 'f1': 0.5068923358267513}","{'accuracy': 0.557909604519774, 'precision': 0.5565183369751372, 'recall': 0.557909604519774, 'f1': 0.5494180674409044}","{'accuracy': 0.536723163841808, 'precision': 0.5245095102537404, 'recall': 0.536723163841808, 'f1': 0.5154304121883754}","{'accuracy': 0.5480225988700564, 'precision': 0.5473822663033514, 'recall': 0.5480225988700564, 'f1': 0.5346056662223483}","{'accuracy': 0.5162659123055162, 'precision': 0.5114425283662506, 'recall': 0.5162659123055162, 'f1': 0.5071866798315369}",0.5400446703265968,0.5353145887333514,0.5400446703265968,0.5288405852467986,0.023907112487776237,0.024850551148966078,0.023907112487776237,0.023400787947153015
3,0.5514380159450644,2024-07-07 09:51:07.242404,2024-07-07 09:51:10.353312,0 days 00:00:03.110908,log_loss,9,3,3,112,COMPLETE,"{'accuracy': 0.596045197740113, 'precision': 0.5926415009715826, 'recall': 0.596045197740113, 'f1': 0.5757418630528376}","{'accuracy': 0.5522598870056498, 'precision': 0.5379532921152684, 'recall': 0.5522598870056498, 'f1': 0.5229649341583248}","{'accuracy': 0.5748587570621468, 'precision': 0.5751101298564505, 'recall': 0.5748587570621468, 'f1': 0.5432286094020331}","{'accuracy': 0.6045197740112994, 'precision': 0.6128044923986048, 'recall': 0.6045197740112994, 'f1': 0.5795976156875818}","{'accuracy': 0.5720338983050848, 'precision': 0.5670246996749273, 'recall': 0.5720338983050848, 'f1': 0.5452440112262288}","{'accuracy': 0.5706214689265536, 'precision': 0.5770080881214575, 'recall': 0.5706214689265536, 'f1': 0.5373625294687672}","{'accuracy': 0.5805084745762712, 'precision': 0.576170636500744, 'recall': 0.5805084745762712, 'f1': 0.5501273221773388}","{'accuracy': 0.5833333333333334, 'precision': 0.5827567261004832, 'recall': 0.5833333333333334, 'f1': 0.5561859723917638}","{'accuracy': 0.5988700564971752, 'precision': 0.5984227799039215, 'recall': 0.5988700564971752, 'f1': 0.5744120270781703}","{'accuracy': 0.5643564356435643, 'precision': 0.5674393099743877, 'recall': 0.5643564356435643, 'f1': 0.5295152748075981}",0.5797407283101191,0.5787331655617828,0.579740728310119,0.5514380159450644,0.016389451670964107,0.020299078576504676,0.016389451670964107,0.01980714958801565
4,0.3842601554789811,2024-07-07 09:51:10.354312,2024-07-07 09:51:16.105075,0 days 00:00:05.750763,entropy,2,4,10,317,COMPLETE,"{'accuracy': 0.4590395480225989, 'precision': 0.38255648525053904, 'recall': 0.4590395480225989, 'f1': 0.3864685418446321}","{'accuracy': 0.4138418079096045, 'precision': 0.32819286911805123, 'recall': 0.4138418079096045, 'f1': 0.34857555008333635}","{'accuracy': 0.480225988700565, 'precision': 0.37128010617055607, 'recall': 0.480225988700565, 'f1': 0.41249710404561074}","{'accuracy': 0.4548022598870056, 'precision': 0.3495538624511082, 'recall': 0.4548022598870056, 'f1': 0.3901976172067083}","{'accuracy': 0.4858757062146893, 'precision': 0.38881693035256437, 'recall': 0.4858757062146893, 'f1': 0.41614904492416444}","{'accuracy': 0.4576271186440678, 'precision': 0.37125406192867916, 'recall': 0.4576271186440678, 'f1': 0.38868573388393746}","{'accuracy': 0.442090395480226, 'precision': 0.35900143264760687, 'recall': 0.442090395480226, 'f1': 0.37507535849213103}","{'accuracy': 0.4505649717514124, 'precision': 0.3460718036989223, 'recall': 0.4505649717514124, 'f1': 0.3870937055338794}","{'accuracy': 0.442090395480226, 'precision': 0.3688386176733634, 'recall': 0.442090395480226, 'f1': 0.36665664487403354}","{'accuracy': 0.43564356435643564, 'precision': 0.3414194119036555, 'recall': 0.43564356435643564, 'f1': 0.37120225390137784}",0.45218017564468316,0.3606985581195046,0.45218017564468316,0.3842601554789811,0.02096308416195448,0.01922785000526566,0.02096308416195448,0.020330916915988005
5,0.5266744817188094,2024-07-07 09:51:16.105075,2024-07-07 09:51:23.884006,0 days 00:00:07.778931,log_loss,5,2,3,414,COMPLETE,"{'accuracy': 0.5833333333333334, 'precision': 0.5775127710417752, 'recall': 0.5833333333333334, 'f1': 0.571413440113535}","{'accuracy': 0.5155367231638418, 'precision': 0.5026158932669421, 'recall': 0.5155367231638418, 'f1': 0.49987902687348834}","{'accuracy': 0.53954802259887, 'precision': 0.5270141789180915, 'recall': 0.53954802259887, 'f1': 0.5216511436851959}","{'accuracy': 0.5282485875706214, 'precision': 0.522579818142569, 'recall': 0.5282485875706214, 'f1': 0.5108665056834}","{'accuracy': 0.556497175141243, 'precision': 0.5455797425599771, 'recall': 0.556497175141243, 'f1': 0.5377780903938923}","{'accuracy': 0.5296610169491526, 'precision': 0.5183373804900528, 'recall': 0.5296610169491526, 'f1': 0.5171124646984399}","{'accuracy': 0.5494350282485876, 'precision': 0.5373559202875826, 'recall': 0.5494350282485876, 'f1': 0.5316825010652779}","{'accuracy': 0.5550847457627118, 'precision': 0.5484743120964529, 'recall': 0.5550847457627118, 'f1': 0.5392904187025684}","{'accuracy': 0.5409604519774012, 'precision': 0.5331721909636208, 'recall': 0.5409604519774012, 'f1': 0.5261003226342086}","{'accuracy': 0.5247524752475248, 'precision': 0.5148589552993601, 'recall': 0.5247524752475248, 'f1': 0.5109709033380867}",0.5423057559993287,0.5327501163066424,0.5423057559993287,0.5266744817188094,0.019693187518458333,0.02110598760722075,0.019693187518458333,0.020112443029192382
6,0.5050817929492845,2024-07-07 09:51:23.885007,2024-07-07 09:51:25.687512,0 days 00:00:01.802505,gini,4,3,6,65,COMPLETE,"{'accuracy': 0.5494350282485876, 'precision': 0.5449915192025518, 'recall': 0.5494350282485876, 'f1': 0.5390020140009016}","{'accuracy': 0.4943502824858757, 'precision': 0.5081732377738107, 'recall': 0.4943502824858757, 'f1': 0.4902307674447119}","{'accuracy': 0.5310734463276836, 'precision': 0.5339686197090546, 'recall': 0.5310734463276836, 'f1': 0.519216948170019}","{'accuracy': 0.5042372881355932, 'precision': 0.535126714788809, 'recall': 0.5042372881355932, 'f1': 0.4812919138370418}","{'accuracy': 0.5240112994350282, 'precision': 0.5253807624191222, 'recall': 0.5240112994350282, 'f1': 0.5102161538224815}","{'accuracy': 0.5112994350282486, 'precision': 0.5200024408903844, 'recall': 0.5112994350282486, 'f1': 0.5021332146247721}","{'accuracy': 0.5353107344632768, 'precision': 0.5298265346776356, 'recall': 0.5353107344632768, 'f1': 0.5237267867498342}","{'accuracy': 0.5098870056497176, 'precision': 0.5060641231243357, 'recall': 0.5098870056497176, 'f1': 0.49612352870517973}","{'accuracy': 0.5268361581920904, 'precision': 0.5432998039276897, 'recall': 0.5268361581920904, 'f1': 0.5066822058752517}","{'accuracy': 0.4908062234794908, 'precision': 0.5058367132590423, 'recall': 0.4908062234794908, 'f1': 0.48219439626265076}",0.5177246901445592,0.5252670469772437,0.5177246901445594,0.5050817929492845,0.018770941167829142,0.01481055159783199,0.018770941167829142,0.01863757146925441
7,0.566726439191446,2024-07-07 09:51:25.687512,2024-07-07 09:51:29.270315,0 days 00:00:03.582803,gini,10,4,7,133,COMPLETE,"{'accuracy': 0.614406779661017, 'precision': 0.614711508858391, 'recall': 0.614406779661017, 'f1': 0.6011093748616876}","{'accuracy': 0.557909604519774, 'precision': 0.5479200406659757, 'recall': 0.557909604519774, 'f1': 0.5340450363394584}","{'accuracy': 0.576271186440678, 'precision': 0.5740376593483938, 'recall': 0.576271186440678, 'f1': 0.5462041602676198}","{'accuracy': 0.6016949152542372, 'precision': 0.5976349049082953, 'recall': 0.6016949152542372, 'f1': 0.5853889657927125}","{'accuracy': 0.6129943502824858, 'precision': 0.621642039510916, 'recall': 0.6129943502824858, 'f1': 0.5940001422060788}","{'accuracy': 0.5677966101694916, 'precision': 0.5631583907084242, 'recall': 0.5677966101694916, 'f1': 0.551906607416429}","{'accuracy': 0.5847457627118644, 'precision': 0.5767359697806429, 'recall': 0.5847457627118644, 'f1': 0.5603050311201357}","{'accuracy': 0.5861581920903954, 'precision': 0.5908072737251269, 'recall': 0.5861581920903954, 'f1': 0.5595130446132994}","{'accuracy': 0.5988700564971752, 'precision': 0.5938403124004713, 'recall': 0.5988700564971752, 'f1': 0.5855598645070068}","{'accuracy': 0.5714285714285714, 'precision': 0.5673248231475959, 'recall': 0.5714285714285714, 'f1': 0.5492321647900315}",0.587227602905569,0.5847812923054232,0.5872276029055689,0.566726439191446,0.019326282931045345,0.02321232700899833,0.019326282931045345,0.022942468064282212
8,0.5256686527778754,2024-07-07 09:51:29.271316,2024-07-07 09:51:31.561309,0 days 00:00:02.289993,log_loss,5,4,4,89,COMPLETE,"{'accuracy': 0.559322033898305, 'precision': 0.5516862877828369, 'recall': 0.559322033898305, 'f1': 0.5505608571645575}","{'accuracy': 0.5028248587570622, 'precision': 0.5128134881385904, 'recall': 0.5028248587570622, 'f1': 0.498430061844106}","{'accuracy': 0.5480225988700564, 'precision': 0.5399248380691444, 'recall': 0.5480225988700564, 'f1': 0.5379772150446654}","{'accuracy': 0.5508474576271186, 'precision': 0.5478070499787999, 'recall': 0.5508474576271186, 'f1': 0.5375419463352316}","{'accuracy': 0.5353107344632768, 'precision': 0.5209645725842202, 'recall': 0.5353107344632768, 'f1': 0.518384330003666}","{'accuracy': 0.5282485875706214, 'precision': 0.526757746530698, 'recall': 0.5282485875706214, 'f1': 0.523342879372155}","{'accuracy': 0.53954802259887, 'precision': 0.530365466939353, 'recall': 0.53954802259887, 'f1': 0.5270345560408329}","{'accuracy': 0.536723163841808, 'precision': 0.5253813904840315, 'recall': 0.536723163841808, 'f1': 0.5140403503228579}","{'accuracy': 0.557909604519774, 'precision': 0.5577020614424018, 'recall': 0.557909604519774, 'f1': 0.5479901193502148}","{'accuracy': 0.512022630834512, 'precision': 0.5054091520076409, 'recall': 0.512022630834512, 'f1': 0.5013842123004679}",0.5370779692981404,0.5318812053957716,0.5370779692981404,0.5256686527778754,0.018638350187450182,0.0170997259862045,0.018638350187450182,0.018066463988481045
9,0.5527716277977293,2024-07-07 09:51:31.562310,2024-07-07 09:51:37.237358,0 days 00:00:05.675048,entropy,9,4,2,210,COMPLETE,"{'accuracy': 0.6059322033898306, 'precision': 0.6088647788712714, 'recall': 0.6059322033898306, 'f1': 0.5889368275555593}","{'accuracy': 0.5607344632768362, 'precision': 0.5517449879468296, 'recall': 0.5607344632768362, 'f1': 0.5300310788412537}","{'accuracy': 0.577683615819209, 'precision': 0.5791966500174739, 'recall': 0.577683615819209, 'f1': 0.5474537355788516}","{'accuracy': 0.6016949152542372, 'precision': 0.6076319428185495, 'recall': 0.6016949152542372, 'f1': 0.5750918145912433}","{'accuracy': 0.5861581920903954, 'precision': 0.5915821162883179, 'recall': 0.5861581920903954, 'f1': 0.5559862860111924}","{'accuracy': 0.559322033898305, 'precision': 0.5532252332355939, 'recall': 0.559322033898305, 'f1': 0.5342983196184076}","{'accuracy': 0.576271186440678, 'precision': 0.5678653608189916, 'recall': 0.576271186440678, 'f1': 0.5491960843949036}","{'accuracy': 0.5805084745762712, 'precision': 0.5892398406716847, 'recall': 0.5805084745762712, 'f1': 0.5473317723915248}","{'accuracy': 0.5918079096045198, 'precision': 0.5839836803891771, 'recall': 0.5918079096045198, 'f1': 0.5710143453416588}","{'accuracy': 0.5615275813295615, 'precision': 0.5616584273543249, 'recall': 0.5615275813295615, 'f1': 0.528376013652697}",0.5801640575679844,0.5794993018412213,0.5801640575679844,0.5527716277977293,0.01659895278568623,0.020626639968006077,0.01659895278568623,0.020202973844348715
10,0.5492932205929842,2024-07-07 09:51:37.238358,2024-07-07 09:51:43.630568,0 days 00:00:06.392210,gini,7,2,7,281,COMPLETE,"{'accuracy': 0.594632768361582, 'precision': 0.590091701296776, 'recall': 0.594632768361582, 'f1': 0.5819168620396837}","{'accuracy': 0.5409604519774012, 'precision': 0.5238397700808854, 'recall': 0.5409604519774012, 'f1': 0.5137491802050279}","{'accuracy': 0.557909604519774, 'precision': 0.5472810541754156, 'recall': 0.557909604519774, 'f1': 0.532562386012493}","{'accuracy': 0.5875706214689266, 'precision': 0.5870203568098294, 'recall': 0.5875706214689266, 'f1': 0.565532145830438}","{'accuracy': 0.5748587570621468, 'precision': 0.568816899903421, 'recall': 0.5748587570621468, 'f1': 0.5517744204241822}","{'accuracy': 0.5649717514124294, 'precision': 0.5569595741799311, 'recall': 0.5649717514124294, 'f1': 0.5541007963776937}","{'accuracy': 0.577683615819209, 'precision': 0.5656551000599933, 'recall': 0.577683615819209, 'f1': 0.5563477768818338}","{'accuracy': 0.5663841807909604, 'precision': 0.5620659963552005, 'recall': 0.5663841807909604, 'f1': 0.5415743115360587}","{'accuracy': 0.5734463276836158, 'precision': 0.5624583925628408, 'recall': 0.5734463276836158, 'f1': 0.5564756506898401}","{'accuracy': 0.5572842998585573, 'precision': 0.5482975436501144, 'recall': 0.5572842998585573, 'f1': 0.5388986759325921}",0.5695702378954602,0.5612486389074408,0.5695702378954602,0.5492932205929842,0.015626527241864977,0.01930910717154994,0.015626527241864977,0.018766268873089104
11,0.5621000298699975,2024-07-07 09:51:43.631568,2024-07-07 09:51:55.272576,0 days 00:00:11.641008,entropy,10,1,9,459,COMPLETE,"{'accuracy': 0.6073446327683616, 'precision': 0.6113590505539658, 'recall': 0.6073446327683616, 'f1': 0.5870968560470723}","{'accuracy': 0.5734463276836158, 'precision': 0.5699549625280829, 'recall': 0.5734463276836158, 'f1': 0.543755063332347}","{'accuracy': 0.577683615819209, 'precision': 0.5770653389062723, 'recall': 0.577683615819209, 'f1': 0.5442693309719588}","{'accuracy': 0.6087570621468926, 'precision': 0.618176322446205, 'recall': 0.6087570621468926, 'f1': 0.5817528620958196}","{'accuracy': 0.6031073446327684, 'precision': 0.6108694620529805, 'recall': 0.6031073446327684, 'f1': 0.578037915527438}","{'accuracy': 0.5677966101694916, 'precision': 0.5661633675445501, 'recall': 0.5677966101694916, 'f1': 0.5404743150946972}","{'accuracy': 0.5847457627118644, 'precision': 0.5852659192384543, 'recall': 0.5847457627118644, 'f1': 0.5530909703027941}","{'accuracy': 0.5819209039548022, 'precision': 0.5859170195465419, 'recall': 0.5819209039548022, 'f1': 0.5534157969362172}","{'accuracy': 0.614406779661017, 'precision': 0.618932342684113, 'recall': 0.614406779661017, 'f1': 0.5904218166470325}","{'accuracy': 0.57991513437058, 'precision': 0.5870704682286846, 'recall': 0.57991513437058, 'f1': 0.5486853717445982}",0.5899124173918603,0.593077425372985,0.5899124173918603,0.5621000298699975,0.01677753643492272,0.020036028813625473,0.01677753643492272,0.019793068953702714
12,0.5542893917011062,2024-07-07 09:51:55.273588,2024-07-07 09:52:05.646677,0 days 00:00:10.373089,gini,8,2,8,497,COMPLETE,"{'accuracy': 0.6059322033898306, 'precision': 0.605055891993149, 'recall': 0.6059322033898306, 'f1': 0.5884234832052596}","{'accuracy': 0.5550847457627118, 'precision': 0.544503415462313, 'recall': 0.5550847457627118, 'f1': 0.5280278483450501}","{'accuracy': 0.559322033898305, 'precision': 0.5496151828303216, 'recall': 0.559322033898305, 'f1': 0.5324590916469429}","{'accuracy': 0.6002824858757062, 'precision': 0.6024029229131295, 'recall': 0.6002824858757062, 'f1': 0.5768590842214862}","{'accuracy': 0.5932203389830508, 'precision': 0.5934543162643182, 'recall': 0.5932203389830508, 'f1': 0.5723344207630179}","{'accuracy': 0.559322033898305, 'precision': 0.5500399281483529, 'recall': 0.559322033898305, 'f1': 0.5423659340636451}","{'accuracy': 0.5734463276836158, 'precision': 0.5629817847130563, 'recall': 0.5734463276836158, 'f1': 0.5456477048736076}","{'accuracy': 0.5819209039548022, 'precision': 0.5822452459903275, 'recall': 0.5819209039548022, 'f1': 0.5564591622249571}","{'accuracy': 0.5875706214689266, 'precision': 0.5810395482153661, 'recall': 0.5875706214689266, 'f1': 0.5688397442003085}","{'accuracy': 0.5601131541725601, 'precision': 0.5532676643312641, 'recall': 0.5601131541725601, 'f1': 0.5314774434667873}",0.5776214849087815,0.5724605900861597,0.5776214849087814,0.5542893917011062,0.018789566624780648,0.023174435224605296,0.018789566624780648,0.02139583083609157
13,0.5610888679518071,2024-07-07 09:52:05.647677,2024-07-07 09:52:14.512224,0 days 00:00:08.864547,entropy,10,1,6,373,COMPLETE,"{'accuracy': 0.6115819209039548, 'precision': 0.614855622303273, 'recall': 0.6115819209039548, 'f1': 0.5937721503535697}","{'accuracy': 0.5706214689265536, 'precision': 0.5670444273877507, 'recall': 0.5706214689265536, 'f1': 0.5395653088271349}","{'accuracy': 0.5649717514124294, 'precision': 0.5605251954515196, 'recall': 0.5649717514124294, 'f1': 0.531257701534316}","{'accuracy': 0.6101694915254238, 'precision': 0.6177129153134668, 'recall': 0.6101694915254238, 'f1': 0.5865328333468138}","{'accuracy': 0.6101694915254238, 'precision': 0.6241205873294368, 'recall': 0.6101694915254238, 'f1': 0.5862889368135158}","{'accuracy': 0.5677966101694916, 'precision': 0.5630226753934094, 'recall': 0.5677966101694916, 'f1': 0.5421388773944305}","{'accuracy': 0.5833333333333334, 'precision': 0.5834124761359962, 'recall': 0.5833333333333334, 'f1': 0.5499951610537807}","{'accuracy': 0.5833333333333334, 'precision': 0.5884544797757467, 'recall': 0.5833333333333334, 'f1': 0.5522810283948119}","{'accuracy': 0.594632768361582, 'precision': 0.5915643321607504, 'recall': 0.594632768361582, 'f1': 0.5717013411885877}","{'accuracy': 0.5855728429985856, 'precision': 0.5898248270491308, 'recall': 0.5855728429985856, 'f1': 0.5573553406111103}",0.5882183012490112,0.5900537538300481,0.5882183012490111,0.5610888679518071,0.017865341825530696,0.022905005771103625,0.017865341825530696,0.022085973951715507
14,0.553028159166124,2024-07-07 09:52:14.513224,2024-07-07 09:52:18.704903,0 days 00:00:04.191679,gini,7,3,8,194,COMPLETE,"{'accuracy': 0.6059322033898306, 'precision': 0.6017955120112679, 'recall': 0.6059322033898306, 'f1': 0.5952878975247492}","{'accuracy': 0.5508474576271186, 'precision': 0.537893427541482, 'recall': 0.5508474576271186, 'f1': 0.5284420041294768}","{'accuracy': 0.5649717514124294, 'precision': 0.5566242919670498, 'recall': 0.5649717514124294, 'f1': 0.5399004333861577}","{'accuracy': 0.5748587570621468, 'precision': 0.5695901921648838, 'recall': 0.5748587570621468, 'f1': 0.5589211563937332}","{'accuracy': 0.5819209039548022, 'precision': 0.5782897425891312, 'recall': 0.5819209039548022, 'f1': 0.5576646451775201}","{'accuracy': 0.559322033898305, 'precision': 0.5497454423817533, 'recall': 0.559322033898305, 'f1': 0.5473657183589357}","{'accuracy': 0.5734463276836158, 'precision': 0.5606215646664421, 'recall': 0.5734463276836158, 'f1': 0.5500497055498816}","{'accuracy': 0.577683615819209, 'precision': 0.5748680873097687, 'recall': 0.577683615819209, 'f1': 0.5560211612165259}","{'accuracy': 0.5748587570621468, 'precision': 0.5653211884444546, 'recall': 0.5748587570621468, 'f1': 0.56129285117446}","{'accuracy': 0.5586987270155587, 'precision': 0.5523076631231282, 'recall': 0.5586987270155587, 'f1': 0.535336018749801}",0.5722540534925163,0.5647057112199361,0.5722540534925163,0.553028159166124,0.015399836511959517,0.017845321427550444,0.015399836511959517,0.018409344119689315
15,0.5449037003322788,2024-07-07 09:52:18.705903,2024-07-07 09:52:25.634864,0 days 00:00:06.928961,entropy,8,2,10,320,COMPLETE,"{'accuracy': 0.5988700564971752, 'precision': 0.5971009787008568, 'recall': 0.5988700564971752, 'f1': 0.5805189703622781}","{'accuracy': 0.5437853107344632, 'precision': 0.5265567295228312, 'recall': 0.5437853107344632, 'f1': 0.5136787977192838}","{'accuracy': 0.5706214689265536, 'precision': 0.5656693167551219, 'recall': 0.5706214689265536, 'f1': 0.5423226395719898}","{'accuracy': 0.5889830508474576, 'precision': 0.591277042050127, 'recall': 0.5889830508474576, 'f1': 0.5601467724388327}","{'accuracy': 0.5903954802259888, 'precision': 0.5953801257419882, 'recall': 0.5903954802259888, 'f1': 0.5602937900865067}","{'accuracy': 0.5508474576271186, 'precision': 0.5381957503184398, 'recall': 0.5508474576271186, 'f1': 0.5266481368486448}","{'accuracy': 0.5663841807909604, 'precision': 0.5521294452958108, 'recall': 0.5663841807909604, 'f1': 0.5389644963909864}","{'accuracy': 0.577683615819209, 'precision': 0.5825348078802549, 'recall': 0.577683615819209, 'f1': 0.5473062222966532}","{'accuracy': 0.5790960451977402, 'precision': 0.5706138447002681, 'recall': 0.5790960451977402, 'f1': 0.5552229326383676}","{'accuracy': 0.5572842998585573, 'precision': 0.5521185951892228, 'recall': 0.5572842998585573, 'f1': 0.5239342449692438}",0.5723950966525224,0.567157663615492,0.5723950966525224,0.5449037003322788,0.018022832188098144,0.024641248229294796,0.018022832188098144,0.020110324750120503
16,0.5725059543637286,2024-07-07 09:52:25.635858,2024-07-07 09:52:29.901358,0 days 00:00:04.265500,gini,10,1,7,155,COMPLETE,"{'accuracy': 0.6087570621468926, 'precision': 0.6081529874234747, 'recall': 0.6087570621468926, 'f1': 0.5945291414612625}","{'accuracy': 0.5692090395480226, 'precision': 0.5607019190197159, 'recall': 0.5692090395480226, 'f1': 0.5495057714203041}","{'accuracy': 0.5734463276836158, 'precision': 0.5708564014090908, 'recall': 0.5734463276836158, 'f1': 0.5477521406770479}","{'accuracy': 0.6087570621468926, 'precision': 0.607213576946676, 'recall': 0.6087570621468926, 'f1': 0.5910965856844635}","{'accuracy': 0.6073446327683616, 'precision': 0.6105317861614987, 'recall': 0.6073446327683616, 'f1': 0.5886427493136612}","{'accuracy': 0.5692090395480226, 'precision': 0.5636903041054532, 'recall': 0.5692090395480226, 'f1': 0.5548365492912556}","{'accuracy': 0.5861581920903954, 'precision': 0.57884856479692, 'recall': 0.5861581920903954, 'f1': 0.5643051827473674}","{'accuracy': 0.596045197740113, 'precision': 0.605320266086317, 'recall': 0.596045197740113, 'f1': 0.570671461461797}","{'accuracy': 0.614406779661017, 'precision': 0.6113183015406453, 'recall': 0.614406779661017, 'f1': 0.6010408790337426}","{'accuracy': 0.5855728429985856, 'precision': 0.588009944695028, 'recall': 0.5855728429985856, 'f1': 0.5626790825463843}",0.5918906176331918,0.590464405218482,0.591890617633192,0.5725059543637286,0.017555921295304453,0.02049332162097744,0.017555921295304453,0.019794565562077652
17,0.5619386379367783,2024-07-07 09:52:29.902362,2024-07-07 09:52:34.913554,0 days 00:00:05.011192,gini,9,4,5,151,COMPLETE,"{'accuracy': 0.6016949152542372, 'precision': 0.5991197599805936, 'recall': 0.6016949152542372, 'f1': 0.5885567738688617}","{'accuracy': 0.5621468926553672, 'precision': 0.5515064186433909, 'recall': 0.5621468926553672, 'f1': 0.5367868305201565}","{'accuracy': 0.5790960451977402, 'precision': 0.576995289040006, 'recall': 0.5790960451977402, 'f1': 0.553938255722544}","{'accuracy': 0.596045197740113, 'precision': 0.5936511416800758, 'recall': 0.596045197740113, 'f1': 0.5740970099534538}","{'accuracy': 0.6002824858757062, 'precision': 0.6036855252253612, 'recall': 0.6002824858757062, 'f1': 0.581165057962128}","{'accuracy': 0.5692090395480226, 'precision': 0.5623626256600337, 'recall': 0.5692090395480226, 'f1': 0.5576982449177879}","{'accuracy': 0.577683615819209, 'precision': 0.5679364114070821, 'recall': 0.577683615819209, 'f1': 0.5556951170877344}","{'accuracy': 0.5875706214689266, 'precision': 0.5892515415759574, 'recall': 0.5875706214689266, 'f1': 0.5648557092149965}","{'accuracy': 0.5889830508474576, 'precision': 0.5815657074913504, 'recall': 0.5889830508474576, 'f1': 0.5690479557280195}","{'accuracy': 0.562942008486563, 'precision': 0.5585454703651211, 'recall': 0.562942008486563, 'f1': 0.5375454243921013}",0.5825653872893343,0.5784619891068973,0.5825653872893343,0.5619386379367783,0.014697053589759061,0.017997305768035064,0.014697053589759061,0.017106428247123336
18,0.5538034384307331,2024-07-07 09:52:34.913554,2024-07-07 09:52:39.674301,0 days 00:00:04.760747,gini,7,2,7,169,COMPLETE,"{'accuracy': 0.6031073446327684, 'precision': 0.5993459233813149, 'recall': 0.6031073446327684, 'f1': 0.5898036932702473}","{'accuracy': 0.5451977401129944, 'precision': 0.530673411863176, 'recall': 0.5451977401129944, 'f1': 0.5232628497402183}","{'accuracy': 0.5621468926553672, 'precision': 0.5537159108692389, 'recall': 0.5621468926553672, 'f1': 0.5367778555057103}","{'accuracy': 0.5988700564971752, 'precision': 0.5991279741652416, 'recall': 0.5988700564971752, 'f1': 0.5820992982765072}","{'accuracy': 0.576271186440678, 'precision': 0.5695861760738298, 'recall': 0.576271186440678, 'f1': 0.5549148095358762}","{'accuracy': 0.5607344632768362, 'precision': 0.5525807175298947, 'recall': 0.5607344632768362, 'f1': 0.55119950674934}","{'accuracy': 0.577683615819209, 'precision': 0.5666744883973762, 'recall': 0.577683615819209, 'f1': 0.5623536271076833}","{'accuracy': 0.576271186440678, 'precision': 0.5756834872864444, 'recall': 0.576271186440678, 'f1': 0.551353653173462}","{'accuracy': 0.5663841807909604, 'precision': 0.5556141986878624, 'recall': 0.5663841807909604, 'f1': 0.550653085272704}","{'accuracy': 0.553041018387553, 'precision': 0.544884717989117, 'recall': 0.553041018387553, 'f1': 0.5356160056755821}",0.5719707685054221,0.5647887006243495,0.5719707685054221,0.5538034384307331,0.018534608540328616,0.02219732255274754,0.018534608540328616,0.02040452640365756
19,0.5565235935289495,2024-07-07 09:52:39.675299,2024-07-07 09:52:46.003351,0 days 00:00:06.328052,gini,8,3,7,241,COMPLETE,"{'accuracy': 0.6087570621468926, 'precision': 0.6074256142540623, 'recall': 0.6087570621468926, 'f1': 0.596588636812328}","{'accuracy': 0.5451977401129944, 'precision': 0.5339808012729761, 'recall': 0.5451977401129944, 'f1': 0.524428592862105}","{'accuracy': 0.5663841807909604, 'precision': 0.55853587435711, 'recall': 0.5663841807909604, 'f1': 0.5425319791120939}","{'accuracy': 0.5889830508474576, 'precision': 0.5858539519392785, 'recall': 0.5889830508474576, 'f1': 0.5689803538948585}","{'accuracy': 0.5875706214689266, 'precision': 0.5860046824818437, 'recall': 0.5875706214689266, 'f1': 0.5635380174664502}","{'accuracy': 0.557909604519774, 'precision': 0.548246192355883, 'recall': 0.557909604519774, 'f1': 0.5444928646929535}","{'accuracy': 0.5748587570621468, 'precision': 0.5617765287710936, 'recall': 0.5748587570621468, 'f1': 0.5554645343509158}","{'accuracy': 0.5819209039548022, 'precision': 0.5818751386792917, 'recall': 0.5819209039548022, 'f1': 0.5590617799432532}","{'accuracy': 0.5861581920903954, 'precision': 0.579276758157783, 'recall': 0.5861581920903954, 'f1': 0.5687971681630407}","{'accuracy': 0.5685997171145686, 'precision': 0.5685628363036266, 'recall': 0.5685997171145686, 'f1': 0.5413520079914962}",0.5766339830108919,0.5711538378572948,0.5766339830108919,0.5565235935289495,0.01805627887299032,0.02132725412743429,0.01805627887299032,0.01991246157014589
20,0.5704629501981253,2024-07-07 09:52:46.004347,2024-07-07 09:52:53.152717,0 days 00:00:07.148370,gini,10,1,6,258,COMPLETE,"{'accuracy': 0.6115819209039548, 'precision': 0.6120081829270054, 'recall': 0.6115819209039548, 'f1': 0.5949888116230773}","{'accuracy': 0.5706214689265536, 'precision': 0.5622309196264015, 'recall': 0.5706214689265536, 'f1': 0.5481618980022265}","{'accuracy': 0.5635593220338984, 'precision': 0.5585312949162016, 'recall': 0.5635593220338984, 'f1': 0.5341388438482965}","{'accuracy': 0.6101694915254238, 'precision': 0.6077136518277778, 'recall': 0.6101694915254238, 'f1': 0.5938142120334595}","{'accuracy': 0.6002824858757062, 'precision': 0.6033209149979528, 'recall': 0.6002824858757062, 'f1': 0.5779061856827505}","{'accuracy': 0.5677966101694916, 'precision': 0.5623887996118978, 'recall': 0.5677966101694916, 'f1': 0.5514983188607152}","{'accuracy': 0.5932203389830508, 'precision': 0.5886075719758532, 'recall': 0.5932203389830508, 'f1': 0.5728495577827477}","{'accuracy': 0.5903954802259888, 'precision': 0.5944698443170241, 'recall': 0.5903954802259888, 'f1': 0.5685058967431639}","{'accuracy': 0.6129943502824858, 'precision': 0.6096389696471075, 'recall': 0.6129943502824858, 'f1': 0.5996847051015781}","{'accuracy': 0.5869872701555869, 'precision': 0.593552169591272, 'recall': 0.5869872701555869, 'f1': 0.5630810723032376}",0.5907608739082141,0.5892462319438494,0.5907608739082141,0.5704629501981253,0.01852475531306963,0.020853733221140907,0.01852475531306963,0.02184939605120237
21,0.5609781772189628,2024-07-07 09:52:53.153709,2024-07-07 09:52:55.238615,0 days 00:00:02.084906,gini,10,1,6,54,COMPLETE,"{'accuracy': 0.5932203389830508, 'precision': 0.5892343017471942, 'recall': 0.5932203389830508, 'f1': 0.5796883982211603}","{'accuracy': 0.5536723163841808, 'precision': 0.5433961948912304, 'recall': 0.5536723163841808, 'f1': 0.5339467354724636}","{'accuracy': 0.5607344632768362, 'precision': 0.5543683630998785, 'recall': 0.5607344632768362, 'f1': 0.5361692341419151}","{'accuracy': 0.594632768361582, 'precision': 0.5903912495860016, 'recall': 0.594632768361582, 'f1': 0.5781824272068101}","{'accuracy': 0.5819209039548022, 'precision': 0.5766466444484784, 'recall': 0.5819209039548022, 'f1': 0.5631391295494355}","{'accuracy': 0.5621468926553672, 'precision': 0.5566858938977965, 'recall': 0.5621468926553672, 'f1': 0.5435936665729038}","{'accuracy': 0.597457627118644, 'precision': 0.5923762333997646, 'recall': 0.597457627118644, 'f1': 0.5723857893046413}","{'accuracy': 0.5819209039548022, 'precision': 0.5812521276342071, 'recall': 0.5819209039548022, 'f1': 0.5621353982023967}","{'accuracy': 0.597457627118644, 'precision': 0.5911315847546759, 'recall': 0.597457627118644, 'f1': 0.5860705990052711}","{'accuracy': 0.5785007072135785, 'precision': 0.5786283899762695, 'recall': 0.5785007072135785, 'f1': 0.5544703945126298}",0.5801664549021488,0.5754110983435495,0.5801664549021488,0.5609781772189628,0.016298686327993906,0.017684942050597088,0.016298686327993906,0.018566952879972794
22,0.5643484256994897,2024-07-07 09:52:55.239616,2024-07-07 09:53:02.097724,0 days 00:00:06.858108,gini,9,1,5,259,COMPLETE,"{'accuracy': 0.6115819209039548, 'precision': 0.6103297677181753, 'recall': 0.6115819209039548, 'f1': 0.5976742459499818}","{'accuracy': 0.5677966101694916, 'precision': 0.5605956148779638, 'recall': 0.5677966101694916, 'f1': 0.5457333763387199}","{'accuracy': 0.5805084745762712, 'precision': 0.5769470073213934, 'recall': 0.5805084745762712, 'f1': 0.5592598665433665}","{'accuracy': 0.6129943502824858, 'precision': 0.6159091021281972, 'recall': 0.6129943502824858, 'f1': 0.5933921452717582}","{'accuracy': 0.594632768361582, 'precision': 0.6016844485354307, 'recall': 0.594632768361582, 'f1': 0.5710135617982872}","{'accuracy': 0.557909604519774, 'precision': 0.5501966466099889, 'recall': 0.557909604519774, 'f1': 0.5411156123603057}","{'accuracy': 0.5677966101694916, 'precision': 0.5565533032170477, 'recall': 0.5677966101694916, 'f1': 0.5367333852391151}","{'accuracy': 0.5861581920903954, 'precision': 0.5906011532793993, 'recall': 0.5861581920903954, 'f1': 0.560824644845248}","{'accuracy': 0.6059322033898306, 'precision': 0.60087163261469, 'recall': 0.6059322033898306, 'f1': 0.5920250354860405}","{'accuracy': 0.5728429985855729, 'precision': 0.5738378933204614, 'recall': 0.5728429985855729, 'f1': 0.5457123831620744}",0.585815373304885,0.5837526569622747,0.585815373304885,0.5643484256994897,0.019747550787705667,0.023448688279304315,0.019747550787705667,0.023091733479246545
23,0.5635759610448059,2024-07-07 09:53:02.098709,2024-07-07 09:53:06.657067,0 days 00:00:04.558358,gini,10,1,8,154,COMPLETE,"{'accuracy': 0.6016949152542372, 'precision': 0.6005877070639988, 'recall': 0.6016949152542372, 'f1': 0.5853765133976253}","{'accuracy': 0.5621468926553672, 'precision': 0.5524586040657071, 'recall': 0.5621468926553672, 'f1': 0.5368011149322797}","{'accuracy': 0.5663841807909604, 'precision': 0.5607303189174881, 'recall': 0.5663841807909604, 'f1': 0.5386697946867465}","{'accuracy': 0.6059322033898306, 'precision': 0.6051859978838097, 'recall': 0.6059322033898306, 'f1': 0.5849364375402841}","{'accuracy': 0.6059322033898306, 'precision': 0.6137505596829806, 'recall': 0.6059322033898306, 'f1': 0.5848027313040571}","{'accuracy': 0.5677966101694916, 'precision': 0.5604097655185026, 'recall': 0.5677966101694916, 'f1': 0.552714714912214}","{'accuracy': 0.5861581920903954, 'precision': 0.5777681185094234, 'recall': 0.5861581920903954, 'f1': 0.5599726570473377}","{'accuracy': 0.5875706214689266, 'precision': 0.5912667621142197, 'recall': 0.5875706214689266, 'f1': 0.564785391116458}","{'accuracy': 0.5932203389830508, 'precision': 0.5868728286426703, 'recall': 0.5932203389830508, 'f1': 0.5770578351218946}","{'accuracy': 0.5756718528995757, 'precision': 0.5756229071979134, 'recall': 0.5756718528995757, 'f1': 0.5506424203891633}",0.5852508011091666,0.5824653569596714,0.5852508011091666,0.5635759610448059,0.016605598546061428,0.020678628059026323,0.016605598546061428,0.01885844907172169
24,0.5624414782322165,2024-07-07 09:53:06.658077,2024-07-07 09:53:14.469137,0 days 00:00:07.811060,gini,9,2,5,295,COMPLETE,"{'accuracy': 0.614406779661017, 'precision': 0.6150346541612967, 'recall': 0.614406779661017, 'f1': 0.6006331650462396}","{'accuracy': 0.5635593220338984, 'precision': 0.554134348356837, 'recall': 0.5635593220338984, 'f1': 0.5371287405580212}","{'accuracy': 0.5649717514124294, 'precision': 0.5604769636849408, 'recall': 0.5649717514124294, 'f1': 0.5398922139667306}","{'accuracy': 0.6045197740112994, 'precision': 0.6048570652557758, 'recall': 0.6045197740112994, 'f1': 0.5830033744533302}","{'accuracy': 0.5932203389830508, 'precision': 0.594877322825364, 'recall': 0.5932203389830508, 'f1': 0.5725216873211245}","{'accuracy': 0.5466101694915254, 'precision': 0.5356753439408128, 'recall': 0.5466101694915254, 'f1': 0.528523423666601}","{'accuracy': 0.5748587570621468, 'precision': 0.5626616785950588, 'recall': 0.5748587570621468, 'f1': 0.5498679939967395}","{'accuracy': 0.5819209039548022, 'precision': 0.5818972396030391, 'recall': 0.5819209039548022, 'f1': 0.5571451106233327}","{'accuracy': 0.6002824858757062, 'precision': 0.5929045232107976, 'recall': 0.6002824858757062, 'f1': 0.5871422289174432}","{'accuracy': 0.5898161244695899, 'precision': 0.5929274500190582, 'recall': 0.5898161244695899, 'f1': 0.5685568437726031}",0.5834166406955466,0.579544658965298,0.5834166406955464,0.5624414782322165,0.021060683600382893,0.025204233930914335,0.021060683600382893,0.023842805488244353
25,0.5558884726299939,2024-07-07 09:53:14.470146,2024-07-07 09:53:17.665456,0 days 00:00:03.195310,gini,8,1,7,106,COMPLETE,"{'accuracy': 0.6016949152542372, 'precision': 0.5986992799911407, 'recall': 0.6016949152542372, 'f1': 0.5859428318422304}","{'accuracy': 0.5621468926553672, 'precision': 0.552449886205639, 'recall': 0.5621468926553672, 'f1': 0.5364003145053315}","{'accuracy': 0.5677966101694916, 'precision': 0.5645407193054981, 'recall': 0.5677966101694916, 'f1': 0.5381758943857206}","{'accuracy': 0.596045197740113, 'precision': 0.5933513505020805, 'recall': 0.596045197740113, 'f1': 0.5795360212976154}","{'accuracy': 0.5875706214689266, 'precision': 0.5906777726167972, 'recall': 0.5875706214689266, 'f1': 0.5611605243595605}","{'accuracy': 0.5649717514124294, 'precision': 0.5587425455116133, 'recall': 0.5649717514124294, 'f1': 0.5552168275515118}","{'accuracy': 0.5805084745762712, 'precision': 0.5680877784516972, 'recall': 0.5805084745762712, 'f1': 0.5539353659510846}","{'accuracy': 0.5819209039548022, 'precision': 0.5827757508014402, 'recall': 0.5819209039548022, 'f1': 0.5579100203912827}","{'accuracy': 0.5734463276836158, 'precision': 0.5630667781328108, 'recall': 0.5734463276836158, 'f1': 0.556138087598492}","{'accuracy': 0.5601131541725601, 'precision': 0.5538088206804861, 'recall': 0.5601131541725601, 'f1': 0.5344688384171092}",0.5776214849087815,0.5726200682199203,0.5776214849087814,0.5558884726299939,0.014394245703904808,0.01722239408562007,0.014394245703904808,0.017162636277177963
26,0.5432565303950619,2024-07-07 09:53:17.666461,2024-07-07 09:53:22.193721,0 days 00:00:04.527260,gini,6,2,6,185,COMPLETE,"{'accuracy': 0.5988700564971752, 'precision': 0.5932820302750792, 'recall': 0.5988700564971752, 'f1': 0.5918243421988285}","{'accuracy': 0.5240112994350282, 'precision': 0.5083994551110809, 'recall': 0.5240112994350282, 'f1': 0.5067312389777461}","{'accuracy': 0.557909604519774, 'precision': 0.5468517896214117, 'recall': 0.557909604519774, 'f1': 0.5377691616734984}","{'accuracy': 0.5790960451977402, 'precision': 0.5754772878907517, 'recall': 0.5790960451977402, 'f1': 0.5607067685831395}","{'accuracy': 0.5607344632768362, 'precision': 0.5500061220587058, 'recall': 0.5607344632768362, 'f1': 0.5373248996398897}","{'accuracy': 0.5466101694915254, 'precision': 0.5381614638378837, 'recall': 0.5466101694915254, 'f1': 0.5388196830064536}","{'accuracy': 0.5621468926553672, 'precision': 0.5502954142042908, 'recall': 0.5621468926553672, 'f1': 0.5472359259779321}","{'accuracy': 0.5607344632768362, 'precision': 0.5511312558339753, 'recall': 0.5607344632768362, 'f1': 0.5379805936780238}","{'accuracy': 0.5607344632768362, 'precision': 0.5515858041228016, 'recall': 0.5607344632768362, 'f1': 0.5497998230927444}","{'accuracy': 0.5417256011315418, 'precision': 0.5290558716001406, 'recall': 0.5417256011315418, 'f1': 0.5243728671223633}",0.5592573058758661,0.5494246494556121,0.5592573058758661,0.5432565303950619,0.02024584808553859,0.02319559799846059,0.02024584808553859,0.022423944688087942
27,0.5634913113104845,2024-07-07 09:53:22.194720,2024-07-07 09:53:28.521409,0 days 00:00:06.326689,gini,10,4,8,235,COMPLETE,"{'accuracy': 0.6115819209039548, 'precision': 0.612746297780781, 'recall': 0.6115819209039548, 'f1': 0.5972637782535193}","{'accuracy': 0.5748587570621468, 'precision': 0.5681198714083754, 'recall': 0.5748587570621468, 'f1': 0.5529473143567702}","{'accuracy': 0.5734463276836158, 'precision': 0.5689154693755378, 'recall': 0.5734463276836158, 'f1': 0.5507989013172359}","{'accuracy': 0.596045197740113, 'precision': 0.592034969704654, 'recall': 0.596045197740113, 'f1': 0.5776066970550238}","{'accuracy': 0.596045197740113, 'precision': 0.6007374766592107, 'recall': 0.596045197740113, 'f1': 0.5728614859351228}","{'accuracy': 0.5607344632768362, 'precision': 0.5559102861224445, 'recall': 0.5607344632768362, 'f1': 0.5428558737019455}","{'accuracy': 0.5734463276836158, 'precision': 0.562265499540885, 'recall': 0.5734463276836158, 'f1': 0.5481946088259996}","{'accuracy': 0.5903954802259888, 'precision': 0.5957210035410219, 'recall': 0.5903954802259888, 'f1': 0.5660553704074975}","{'accuracy': 0.594632768361582, 'precision': 0.5891842598838563, 'recall': 0.594632768361582, 'f1': 0.5804996133529521}","{'accuracy': 0.57001414427157, 'precision': 0.5694322581046778, 'recall': 0.57001414427157, 'f1': 0.5458294698987782}",0.5841200584949536,0.5815067392121445,0.5841200584949536,0.5634913113104845,0.015804223797327977,0.018934124596930786,0.015804223797327977,0.018158269391033766
28,0.5624612168325708,2024-07-07 09:53:28.522411,2024-07-07 09:53:37.361667,0 days 00:00:08.839256,gini,9,1,9,343,COMPLETE,"{'accuracy': 0.6200564971751412, 'precision': 0.6212380751036969, 'recall': 0.6200564971751412, 'f1': 0.6061813193187405}","{'accuracy': 0.5635593220338984, 'precision': 0.5546557375152235, 'recall': 0.5635593220338984, 'f1': 0.5409342137770794}","{'accuracy': 0.5720338983050848, 'precision': 0.5672068309780175, 'recall': 0.5720338983050848, 'f1': 0.5486623498808829}","{'accuracy': 0.6073446327683616, 'precision': 0.6106956847634074, 'recall': 0.6073446327683616, 'f1': 0.5866238751514283}","{'accuracy': 0.5918079096045198, 'precision': 0.5950872367362903, 'recall': 0.5918079096045198, 'f1': 0.5677951520211347}","{'accuracy': 0.5635593220338984, 'precision': 0.5538606967298422, 'recall': 0.5635593220338984, 'f1': 0.5415667426775637}","{'accuracy': 0.5833333333333334, 'precision': 0.575978288020522, 'recall': 0.5833333333333334, 'f1': 0.5589163254783573}","{'accuracy': 0.5734463276836158, 'precision': 0.571734628889252, 'recall': 0.5734463276836158, 'f1': 0.5471857196090579}","{'accuracy': 0.596045197740113, 'precision': 0.5900995399580761, 'recall': 0.596045197740113, 'f1': 0.578697292890124}","{'accuracy': 0.5728429985855729, 'precision': 0.5732379014058022, 'recall': 0.5728429985855729, 'f1': 0.5480491775213396}",0.584402943926354,0.581379462010013,0.5844029439263541,0.5624612168325708,0.019045567627000767,0.022541016098799497,0.019045567627000767,0.021937679498323506
29,0.37587615629558413,2024-07-07 09:53:37.362667,2024-07-07 09:53:42.278326,0 days 00:00:04.915659,gini,2,1,7,216,COMPLETE,"{'accuracy': 0.4491525423728814, 'precision': 0.3790735288160984, 'recall': 0.4491525423728814, 'f1': 0.3755920215138317}","{'accuracy': 0.4081920903954802, 'precision': 0.3258434883108247, 'recall': 0.4081920903954802, 'f1': 0.3374529951247168}","{'accuracy': 0.4774011299435028, 'precision': 0.3766129677799953, 'recall': 0.4774011299435028, 'f1': 0.40972108442622884}","{'accuracy': 0.4562146892655367, 'precision': 0.3587213657875253, 'recall': 0.4562146892655367, 'f1': 0.39019584089974396}","{'accuracy': 0.4548022598870056, 'precision': 0.3909774385807225, 'recall': 0.4548022598870056, 'f1': 0.37452270288440576}","{'accuracy': 0.4533898305084746, 'precision': 0.3876056165582562, 'recall': 0.4533898305084746, 'f1': 0.3763844953848848}","{'accuracy': 0.442090395480226, 'precision': 0.36616633357080125, 'recall': 0.442090395480226, 'f1': 0.3698450567820889}","{'accuracy': 0.4519774011299435, 'precision': 0.34429206053044215, 'recall': 0.4519774011299435, 'f1': 0.388123881686374}","{'accuracy': 0.4392655367231638, 'precision': 0.36704005890131025, 'recall': 0.4392655367231638, 'f1': 0.3628364288265845}","{'accuracy': 0.43847241867043846, 'precision': 0.34407782227328043, 'recall': 0.43847241867043846, 'f1': 0.37408705542698184}",0.44709582943766535,0.3640410681109257,0.44709582943766535,0.37587615629558413,0.017647348403793665,0.02096108312768934,0.017647348403793665,0.018822737821898645
30,0.4490313130852372,2024-07-07 09:53:42.278326,2024-07-07 09:53:45.576647,0 days 00:00:03.298321,log_loss,3,3,5,130,COMPLETE,"{'accuracy': 0.5254237288135594, 'precision': 0.5951052089001222, 'recall': 0.5254237288135594, 'f1': 0.481175681556872}","{'accuracy': 0.4519774011299435, 'precision': 0.5110671456569449, 'recall': 0.4519774011299435, 'f1': 0.4238517483510014}","{'accuracy': 0.5070621468926554, 'precision': 0.5366711478683095, 'recall': 0.5070621468926554, 'f1': 0.4805952275649967}","{'accuracy': 0.4901129943502825, 'precision': 0.5540012062530726, 'recall': 0.4901129943502825, 'f1': 0.4502920892068759}","{'accuracy': 0.501412429378531, 'precision': 0.5626143949985077, 'recall': 0.501412429378531, 'f1': 0.46011159761460696}","{'accuracy': 0.4717514124293785, 'precision': 0.5214238326067807, 'recall': 0.4717514124293785, 'f1': 0.42741212616665014}","{'accuracy': 0.4759887005649718, 'precision': 0.551498607404072, 'recall': 0.4759887005649718, 'f1': 0.4311415605644188}","{'accuracy': 0.4901129943502825, 'precision': 0.5204401537999149, 'recall': 0.4901129943502825, 'f1': 0.46262438577548975}","{'accuracy': 0.501412429378531, 'precision': 0.5755431949538322, 'recall': 0.501412429378531, 'f1': 0.44255603347834266}","{'accuracy': 0.4596888260254597, 'precision': 0.5445242496228383, 'recall': 0.4596888260254597, 'f1': 0.4305526805731178}",0.48749430633135954,0.5472889142064395,0.48749430633135954,0.4490313130852372,0.02269972537486238,0.026256437078000947,0.02269972537486238,0.02145669303130507
31,0.5636703241160008,2024-07-07 09:53:45.577654,2024-07-07 09:53:52.299203,0 days 00:00:06.721549,gini,9,1,5,255,COMPLETE,"{'accuracy': 0.6115819209039548, 'precision': 0.6102883592718454, 'recall': 0.6115819209039548, 'f1': 0.5976944504266621}","{'accuracy': 0.5649717514124294, 'precision': 0.5570275778950752, 'recall': 0.5649717514124294, 'f1': 0.5433598902015219}","{'accuracy': 0.577683615819209, 'precision': 0.5735984047151012, 'recall': 0.577683615819209, 'f1': 0.5548849455870666}","{'accuracy': 0.6115819209039548, 'precision': 0.613934556894385, 'recall': 0.6115819209039548, 'f1': 0.5922359063976719}","{'accuracy': 0.594632768361582, 'precision': 0.6005151345096208, 'recall': 0.594632768361582, 'f1': 0.5709992751848242}","{'accuracy': 0.5607344632768362, 'precision': 0.5547386166953614, 'recall': 0.5607344632768362, 'f1': 0.5434742726902944}","{'accuracy': 0.5677966101694916, 'precision': 0.5555278528336192, 'recall': 0.5677966101694916, 'f1': 0.5367650332496398}","{'accuracy': 0.5861581920903954, 'precision': 0.5906011532793993, 'recall': 0.5861581920903954, 'f1': 0.560824644845248}","{'accuracy': 0.6059322033898306, 'precision': 0.6009020604061299, 'recall': 0.6059322033898306, 'f1': 0.5915104846447108}","{'accuracy': 0.5728429985855729, 'precision': 0.5740813373077774, 'recall': 0.5728429985855729, 'f1': 0.5449543379323689}",0.5853916444913256,0.5831215053808314,0.5853916444913256,0.5636703241160008,0.019525418630516347,0.023051678332764888,0.019525418630516347,0.023051342513688736
32,0.567156931540025,2024-07-07 09:53:52.301207,2024-07-07 09:54:01.148271,0 days 00:00:08.847064,gini,10,1,4,268,COMPLETE,"{'accuracy': 0.617231638418079, 'precision': 0.6176633261495291, 'recall': 0.617231638418079, 'f1': 0.6037671533972672}","{'accuracy': 0.576271186440678, 'precision': 0.5696793164863038, 'recall': 0.576271186440678, 'f1': 0.5559616587175311}","{'accuracy': 0.5748587570621468, 'precision': 0.5713166012424488, 'recall': 0.5748587570621468, 'f1': 0.5503499927523657}","{'accuracy': 0.6031073446327684, 'precision': 0.6005773714381766, 'recall': 0.6031073446327684, 'f1': 0.5825676730435634}","{'accuracy': 0.5861581920903954, 'precision': 0.5867164015264794, 'recall': 0.5861581920903954, 'f1': 0.5644988354337187}","{'accuracy': 0.5706214689265536, 'precision': 0.5664512389003424, 'recall': 0.5706214689265536, 'f1': 0.5531292704909042}","{'accuracy': 0.5889830508474576, 'precision': 0.5859701691967096, 'recall': 0.5889830508474576, 'f1': 0.5637526733483975}","{'accuracy': 0.5819209039548022, 'precision': 0.5847486686013368, 'recall': 0.5819209039548022, 'f1': 0.5586868800537073}","{'accuracy': 0.5988700564971752, 'precision': 0.5937734928368291, 'recall': 0.5988700564971752, 'f1': 0.5819612788497575}","{'accuracy': 0.5770862800565771, 'precision': 0.575486911662161, 'recall': 0.5770862800565771, 'f1': 0.5568938993130377}",0.5875108878926634,0.5852383498040318,0.5875108878926633,0.567156931540025,0.014799325739075728,0.01579879745502275,0.014799325739075728,0.016987827826294554
33,0.5699200886007975,2024-07-07 09:54:01.149270,2024-07-07 09:54:10.791781,0 days 00:00:09.642511,gini,10,1,4,373,COMPLETE,"{'accuracy': 0.614406779661017, 'precision': 0.6141826030617844, 'recall': 0.614406779661017, 'f1': 0.6012344500894944}","{'accuracy': 0.5720338983050848, 'precision': 0.5659082920892454, 'recall': 0.5720338983050848, 'f1': 0.5516351096730309}","{'accuracy': 0.577683615819209, 'precision': 0.5733592641708102, 'recall': 0.577683615819209, 'f1': 0.5527632105680709}","{'accuracy': 0.6073446327683616, 'precision': 0.608149921028788, 'recall': 0.6073446327683616, 'f1': 0.5861352766861287}","{'accuracy': 0.594632768361582, 'precision': 0.5989207340333492, 'recall': 0.594632768361582, 'f1': 0.5744034097143381}","{'accuracy': 0.5635593220338984, 'precision': 0.5577963095879269, 'recall': 0.5635593220338984, 'f1': 0.5439592892378934}","{'accuracy': 0.5847457627118644, 'precision': 0.581129710762895, 'recall': 0.5847457627118644, 'f1': 0.5601659220896805}","{'accuracy': 0.5918079096045198, 'precision': 0.5955266748935565, 'recall': 0.5918079096045198, 'f1': 0.5705065455425447}","{'accuracy': 0.6101694915254238, 'precision': 0.6070651095808183, 'recall': 0.6101694915254238, 'f1': 0.5941907718789625}","{'accuracy': 0.5827439886845828, 'precision': 0.5829991183911295, 'recall': 0.5827439886845828, 'f1': 0.5642069005278304}",0.5899128169475543,0.5885037737600304,0.5899128169475544,0.5699200886007975,0.016937240130244925,0.019192791240067918,0.016937240130244925,0.019100546911574933
34,0.5705752291918386,2024-07-07 09:54:10.792782,2024-07-07 09:54:19.666021,0 days 00:00:08.873239,gini,10,1,4,375,COMPLETE,"{'accuracy': 0.617231638418079, 'precision': 0.6176633261495291, 'recall': 0.617231638418079, 'f1': 0.6037671533972672}","{'accuracy': 0.5734463276836158, 'precision': 0.5676482564030835, 'recall': 0.5734463276836158, 'f1': 0.5527750102906932}","{'accuracy': 0.5805084745762712, 'precision': 0.5770660008481034, 'recall': 0.5805084745762712, 'f1': 0.5558432288299845}","{'accuracy': 0.6059322033898306, 'precision': 0.605376680943598, 'recall': 0.6059322033898306, 'f1': 0.5849581677824407}","{'accuracy': 0.5932203389830508, 'precision': 0.5959256518217028, 'recall': 0.5932203389830508, 'f1': 0.5731992535541712}","{'accuracy': 0.5663841807909604, 'precision': 0.5612192361154528, 'recall': 0.5663841807909604, 'f1': 0.5469226210283641}","{'accuracy': 0.5861581920903954, 'precision': 0.5830377335775524, 'recall': 0.5861581920903954, 'f1': 0.5612931743870884}","{'accuracy': 0.5918079096045198, 'precision': 0.5955266748935565, 'recall': 0.5918079096045198, 'f1': 0.5705065455425447}","{'accuracy': 0.6101694915254238, 'precision': 0.6070651095808183, 'recall': 0.6101694915254238, 'f1': 0.5941907718789625}","{'accuracy': 0.5813295615275813, 'precision': 0.5810476374707437, 'recall': 0.5813295615275813, 'f1': 0.562296365226869}",0.5906188318589728,0.589157630780414,0.5906188318589728,0.5705752291918386,0.01641060377401351,0.018182166524206612,0.01641060377401351,0.018622502705476145
35,0.570697413761534,2024-07-07 09:54:19.667026,2024-07-07 09:54:28.904972,0 days 00:00:09.237946,gini,10,1,2,388,COMPLETE,"{'accuracy': 0.615819209039548, 'precision': 0.6161964217762612, 'recall': 0.615819209039548, 'f1': 0.602060530267097}","{'accuracy': 0.5833333333333334, 'precision': 0.5796963571218327, 'recall': 0.5833333333333334, 'f1': 0.5611388144340076}","{'accuracy': 0.5819209039548022, 'precision': 0.5800042585902637, 'recall': 0.5819209039548022, 'f1': 0.5584495112260265}","{'accuracy': 0.6002824858757062, 'precision': 0.6013258161033584, 'recall': 0.6002824858757062, 'f1': 0.5766723664715303}","{'accuracy': 0.596045197740113, 'precision': 0.6006920217549317, 'recall': 0.596045197740113, 'f1': 0.5744873252648582}","{'accuracy': 0.5663841807909604, 'precision': 0.5591540122071794, 'recall': 0.5663841807909604, 'f1': 0.5503890616954795}","{'accuracy': 0.5847457627118644, 'precision': 0.5788723178188206, 'recall': 0.5847457627118644, 'f1': 0.5593970552170401}","{'accuracy': 0.5932203389830508, 'precision': 0.5984508323448294, 'recall': 0.5932203389830508, 'f1': 0.5716257478911504}","{'accuracy': 0.6016949152542372, 'precision': 0.5966770841120961, 'recall': 0.6016949152542372, 'f1': 0.5875362189194885}","{'accuracy': 0.5869872701555869, 'precision': 0.5896102865051535, 'recall': 0.5869872701555869, 'f1': 0.5652175062286618}",0.5910433597839202,0.5900679408334726,0.5910433597839203,0.570697413761534,0.013537059509086888,0.01607735421373822,0.013537059509086888,0.015382711509643448
36,0.5521805220712963,2024-07-07 09:54:28.905968,2024-07-07 09:54:39.229479,0 days 00:00:10.323511,log_loss,9,1,2,406,COMPLETE,"{'accuracy': 0.596045197740113, 'precision': 0.5946620331981445, 'recall': 0.596045197740113, 'f1': 0.5772311432269059}","{'accuracy': 0.559322033898305, 'precision': 0.5473668952155074, 'recall': 0.559322033898305, 'f1': 0.5300059218483705}","{'accuracy': 0.5734463276836158, 'precision': 0.570809114800737, 'recall': 0.5734463276836158, 'f1': 0.5406259069976467}","{'accuracy': 0.6016949152542372, 'precision': 0.6119012045545926, 'recall': 0.6016949152542372, 'f1': 0.5728112009786377}","{'accuracy': 0.5875706214689266, 'precision': 0.5910898366038684, 'recall': 0.5875706214689266, 'f1': 0.5556199738325913}","{'accuracy': 0.556497175141243, 'precision': 0.5500267086647447, 'recall': 0.556497175141243, 'f1': 0.5296959004171994}","{'accuracy': 0.5805084745762712, 'precision': 0.5751596601277618, 'recall': 0.5805084745762712, 'f1': 0.5479507194414186}","{'accuracy': 0.5748587570621468, 'precision': 0.5777300222881404, 'recall': 0.5748587570621468, 'f1': 0.5410304655758993}","{'accuracy': 0.6031073446327684, 'precision': 0.6013442108343727, 'recall': 0.6031073446327684, 'f1': 0.5806569553944148}","{'accuracy': 0.5770862800565771, 'precision': 0.5792532929188082, 'recall': 0.5770862800565771, 'f1': 0.546177032999879}",0.5810137127514204,0.5799342979206676,0.5810137127514203,0.5521805220712963,0.01621795177131904,0.02078489854141927,0.01621795177131904,0.01881173606002249
37,0.5561797223297698,2024-07-07 09:54:39.230478,2024-07-07 09:54:47.461948,0 days 00:00:08.231470,gini,8,1,3,383,COMPLETE,"{'accuracy': 0.6101694915254238, 'precision': 0.61077524334963, 'recall': 0.6101694915254238, 'f1': 0.5944815048247557}","{'accuracy': 0.556497175141243, 'precision': 0.5457113507960966, 'recall': 0.556497175141243, 'f1': 0.5307217685674421}","{'accuracy': 0.5720338983050848, 'precision': 0.5649896535285986, 'recall': 0.5720338983050848, 'f1': 0.5445338236033592}","{'accuracy': 0.596045197740113, 'precision': 0.5939674534189213, 'recall': 0.596045197740113, 'f1': 0.5750367136119229}","{'accuracy': 0.5903954802259888, 'precision': 0.5916676775013687, 'recall': 0.5903954802259888, 'f1': 0.5664833700875338}","{'accuracy': 0.5508474576271186, 'precision': 0.5409526961936771, 'recall': 0.5508474576271186, 'f1': 0.5351524210843713}","{'accuracy': 0.577683615819209, 'precision': 0.5685357784073167, 'recall': 0.577683615819209, 'f1': 0.5505868623485478}","{'accuracy': 0.5833333333333334, 'precision': 0.5836278193158566, 'recall': 0.5833333333333334, 'f1': 0.5609565346033085}","{'accuracy': 0.5875706214689266, 'precision': 0.5790028620377805, 'recall': 0.5875706214689266, 'f1': 0.5701402239718283}","{'accuracy': 0.5601131541725601, 'precision': 0.5558239892670069, 'recall': 0.5601131541725601, 'f1': 0.5337040005946279}",0.5784689425359001,0.5735054523816253,0.5784689425359001,0.5561797223297698,0.018818611359500095,0.022391282275813752,0.018818611359500095,0.020840162283649103
38,0.568633554044353,2024-07-07 09:54:47.462954,2024-07-07 09:54:56.176112,0 days 00:00:08.713158,gini,10,2,2,353,COMPLETE,"{'accuracy': 0.6087570621468926, 'precision': 0.6101775718745459, 'recall': 0.6087570621468926, 'f1': 0.59525474549803}","{'accuracy': 0.5748587570621468, 'precision': 0.5706770603077634, 'recall': 0.5748587570621468, 'f1': 0.551238366469272}","{'accuracy': 0.5706214689265536, 'precision': 0.5658322724066951, 'recall': 0.5706214689265536, 'f1': 0.5461076985999096}","{'accuracy': 0.615819209039548, 'precision': 0.6196591821121419, 'recall': 0.615819209039548, 'f1': 0.5970598056004839}","{'accuracy': 0.6073446327683616, 'precision': 0.6142476351811327, 'recall': 0.6073446327683616, 'f1': 0.5877193921113909}","{'accuracy': 0.5607344632768362, 'precision': 0.553886061356401, 'recall': 0.5607344632768362, 'f1': 0.5367332700087338}","{'accuracy': 0.5833333333333334, 'precision': 0.5797061309567773, 'recall': 0.5833333333333334, 'f1': 0.5549516908212561}","{'accuracy': 0.5861581920903954, 'precision': 0.5899830108320462, 'recall': 0.5861581920903954, 'f1': 0.5614264560341102}","{'accuracy': 0.6045197740112994, 'precision': 0.6002651744995988, 'recall': 0.6045197740112994, 'f1': 0.5869251633064032}","{'accuracy': 0.5884016973125884, 'precision': 0.5908803789322877, 'recall': 0.5884016973125884, 'f1': 0.5689189519939398}",0.5900548589967956,0.5895314478459391,0.5900548589967956,0.568633554044353,0.018418299510798434,0.021975588511372064,0.018418299510798434,0.021813460999183947
39,0.5325247030475412,2024-07-07 09:54:56.177105,2024-07-07 09:55:05.001189,0 days 00:00:08.824084,log_loss,6,1,3,444,COMPLETE,"{'accuracy': 0.596045197740113, 'precision': 0.5928034715164198, 'recall': 0.596045197740113, 'f1': 0.5809909597539831}","{'accuracy': 0.5240112994350282, 'precision': 0.5033133617063332, 'recall': 0.5240112994350282, 'f1': 0.496555980540643}","{'accuracy': 0.5635593220338984, 'precision': 0.5573243905807957, 'recall': 0.5635593220338984, 'f1': 0.534631893717991}","{'accuracy': 0.5734463276836158, 'precision': 0.5716711771807798, 'recall': 0.5734463276836158, 'f1': 0.5430170264266381}","{'accuracy': 0.5677966101694916, 'precision': 0.5594034512149597, 'recall': 0.5677966101694916, 'f1': 0.5419463138980323}","{'accuracy': 0.53954802259887, 'precision': 0.5252246913948195, 'recall': 0.53954802259887, 'f1': 0.5199556695001196}","{'accuracy': 0.559322033898305, 'precision': 0.5457904015500215, 'recall': 0.559322033898305, 'f1': 0.5354264554569838}","{'accuracy': 0.5635593220338984, 'precision': 0.5605370979849394, 'recall': 0.5635593220338984, 'f1': 0.5354689112186165}","{'accuracy': 0.557909604519774, 'precision': 0.544521310559723, 'recall': 0.557909604519774, 'f1': 0.5363151835934393}","{'accuracy': 0.5318246110325319, 'precision': 0.515485994800392, 'recall': 0.5318246110325319, 'f1': 0.5009386363689649}",0.5577022351145526,0.5476075348489184,0.5577022351145526,0.5325247030475412,0.0211490460335594,0.0269362449931932,0.0211490460335594,0.023648207297460738
40,0.5574083747588667,2024-07-07 09:55:05.002187,2024-07-07 09:55:12.985643,0 days 00:00:07.983456,entropy,9,1,3,324,COMPLETE,"{'accuracy': 0.6002824858757062, 'precision': 0.5999559273317492, 'recall': 0.6002824858757062, 'f1': 0.5797108139342002}","{'accuracy': 0.5536723163841808, 'precision': 0.5405950004450265, 'recall': 0.5536723163841808, 'f1': 0.5244917007764061}","{'accuracy': 0.5790960451977402, 'precision': 0.579564450814129, 'recall': 0.5790960451977402, 'f1': 0.5493351572589884}","{'accuracy': 0.6073446327683616, 'precision': 0.6135925064654874, 'recall': 0.6073446327683616, 'f1': 0.5814963021839371}","{'accuracy': 0.5875706214689266, 'precision': 0.5932315753467079, 'recall': 0.5875706214689266, 'f1': 0.5564188968798627}","{'accuracy': 0.5734463276836158, 'precision': 0.5717152019895618, 'recall': 0.5734463276836158, 'f1': 0.549603901553403}","{'accuracy': 0.5875706214689266, 'precision': 0.5823519828577957, 'recall': 0.5875706214689266, 'f1': 0.5608345798902948}","{'accuracy': 0.5720338983050848, 'precision': 0.5722622649725153, 'recall': 0.5720338983050848, 'f1': 0.5403684153004578}","{'accuracy': 0.6031073446327684, 'precision': 0.6005205574536354, 'recall': 0.6031073446327684, 'f1': 0.5824125575719089}","{'accuracy': 0.5770862800565771, 'precision': 0.5780137102130082, 'recall': 0.5770862800565771, 'f1': 0.5494114222392085}",0.5841210573841888,0.5831803177889616,0.5841210573841888,0.5574083747588667,0.016488104296189673,0.020310507579441448,0.016488104296189673,0.019088855631427232
41,0.5711662289746109,2024-07-07 09:55:12.985643,2024-07-07 09:55:22.904186,0 days 00:00:09.918543,gini,10,1,4,401,COMPLETE,"{'accuracy': 0.6186440677966102, 'precision': 0.6203961374560534, 'recall': 0.6186440677966102, 'f1': 0.6051207415612289}","{'accuracy': 0.5720338983050848, 'precision': 0.5658523321546481, 'recall': 0.5720338983050848, 'f1': 0.550943371494939}","{'accuracy': 0.5833333333333334, 'precision': 0.5819711694250045, 'recall': 0.5833333333333334, 'f1': 0.5589269587189656}","{'accuracy': 0.6101694915254238, 'precision': 0.6118534610173514, 'recall': 0.6101694915254238, 'f1': 0.5892218541220983}","{'accuracy': 0.5903954802259888, 'precision': 0.5921639448788023, 'recall': 0.5903954802259888, 'f1': 0.5701312021088234}","{'accuracy': 0.5706214689265536, 'precision': 0.566146866060208, 'recall': 0.5706214689265536, 'f1': 0.550667634947864}","{'accuracy': 0.5889830508474576, 'precision': 0.5869532841385141, 'recall': 0.5889830508474576, 'f1': 0.5637359606413564}","{'accuracy': 0.5875706214689266, 'precision': 0.5898431525481826, 'recall': 0.5875706214689266, 'f1': 0.5662534051455751}","{'accuracy': 0.614406779661017, 'precision': 0.6127175331279853, 'recall': 0.614406779661017, 'f1': 0.5973596681954154}","{'accuracy': 0.57991513437058, 'precision': 0.5820293795187238, 'recall': 0.57991513437058, 'f1': 0.5593014928098435}",0.5916073326460976,0.5909927260325473,0.5916073326460977,0.5711662289746109,0.017155162570945008,0.018861467778481338,0.017155162570945008,0.019336651471390725
42,0.5718978097367122,2024-07-07 09:55:22.905182,2024-07-07 09:55:33.144846,0 days 00:00:10.239664,gini,10,1,4,422,COMPLETE,"{'accuracy': 0.617231638418079, 'precision': 0.6190482423548889, 'recall': 0.617231638418079, 'f1': 0.6028870375879251}","{'accuracy': 0.5734463276836158, 'precision': 0.5676170229756408, 'recall': 0.5734463276836158, 'f1': 0.5521996105474198}","{'accuracy': 0.5861581920903954, 'precision': 0.5858186637386004, 'recall': 0.5861581920903954, 'f1': 0.5620491793409398}","{'accuracy': 0.6101694915254238, 'precision': 0.6140538716363872, 'recall': 0.6101694915254238, 'f1': 0.5885129893159552}","{'accuracy': 0.594632768361582, 'precision': 0.5979163929400428, 'recall': 0.594632768361582, 'f1': 0.5743888788138285}","{'accuracy': 0.5706214689265536, 'precision': 0.5662172058373071, 'recall': 0.5706214689265536, 'f1': 0.5512913640032284}","{'accuracy': 0.5903954802259888, 'precision': 0.5889935674404841, 'recall': 0.5903954802259888, 'f1': 0.5640543410359418}","{'accuracy': 0.5875706214689266, 'precision': 0.5907179134432307, 'recall': 0.5875706214689266, 'f1': 0.5662104805328969}","{'accuracy': 0.6101694915254238, 'precision': 0.6087098915010513, 'recall': 0.6101694915254238, 'f1': 0.5913298764500238}","{'accuracy': 0.5855728429985856, 'precision': 0.5891954263501945, 'recall': 0.5855728429985856, 'f1': 0.5660543397389634}",0.5925968323224574,0.5928288198217827,0.5925968323224574,0.5718978097367122,0.015631787751645226,0.01776818130655974,0.015631787751645226,0.017184809542959558
43,0.5650152095240198,2024-07-07 09:55:33.145842,2024-07-07 09:55:42.978178,0 days 00:00:09.832336,gini,9,1,4,417,COMPLETE,"{'accuracy': 0.615819209039548, 'precision': 0.617200784030427, 'recall': 0.615819209039548, 'f1': 0.6013689955396608}","{'accuracy': 0.5692090395480226, 'precision': 0.5617170552503464, 'recall': 0.5692090395480226, 'f1': 0.5446989489737097}","{'accuracy': 0.5805084745762712, 'precision': 0.5804634261426295, 'recall': 0.5805084745762712, 'f1': 0.554316661249727}","{'accuracy': 0.6031073446327684, 'precision': 0.6076734550761136, 'recall': 0.6031073446327684, 'f1': 0.5798232773905584}","{'accuracy': 0.5988700564971752, 'precision': 0.602832893437042, 'recall': 0.5988700564971752, 'f1': 0.57719978788574}","{'accuracy': 0.5621468926553672, 'precision': 0.5551166506791669, 'recall': 0.5621468926553672, 'f1': 0.5408822276646943}","{'accuracy': 0.5805084745762712, 'precision': 0.5755277996274368, 'recall': 0.5805084745762712, 'f1': 0.5497458621362771}","{'accuracy': 0.5847457627118644, 'precision': 0.5888207503287497, 'recall': 0.5847457627118644, 'f1': 0.5588465907376667}","{'accuracy': 0.6045197740112994, 'precision': 0.6002966123257125, 'recall': 0.6045197740112994, 'f1': 0.587691779849895}","{'accuracy': 0.57991513437058, 'precision': 0.5799797575687654, 'recall': 0.57991513437058, 'f1': 0.5555779638122694}",0.5879350162619168,0.586962918446639,0.5879350162619168,0.5650152095240198,0.017006023309457285,0.020137466844477713,0.017006023309457285,0.020202981211690157
44,0.569171937268429,2024-07-07 09:55:42.979215,2024-07-07 09:55:53.856545,0 days 00:00:10.877330,gini,10,2,3,470,COMPLETE,"{'accuracy': 0.6087570621468926, 'precision': 0.6110699847621819, 'recall': 0.6087570621468926, 'f1': 0.5932227647435366}","{'accuracy': 0.5748587570621468, 'precision': 0.5699176751281176, 'recall': 0.5748587570621468, 'f1': 0.5514008182095653}","{'accuracy': 0.5706214689265536, 'precision': 0.5656900288946284, 'recall': 0.5706214689265536, 'f1': 0.547461430844549}","{'accuracy': 0.6129943502824858, 'precision': 0.6159163971281706, 'recall': 0.6129943502824858, 'f1': 0.5928352649354005}","{'accuracy': 0.6073446327683616, 'precision': 0.6126521649180494, 'recall': 0.6073446327683616, 'f1': 0.5879369271863085}","{'accuracy': 0.5621468926553672, 'precision': 0.5573778151248289, 'recall': 0.5621468926553672, 'f1': 0.5397013405132546}","{'accuracy': 0.5861581920903954, 'precision': 0.582098994253361, 'recall': 0.5861581920903954, 'f1': 0.5589724640163685}","{'accuracy': 0.5903954802259888, 'precision': 0.5983610836814384, 'recall': 0.5903954802259888, 'f1': 0.5643265791495383}","{'accuracy': 0.6045197740112994, 'precision': 0.600205751389713, 'recall': 0.6045197740112994, 'f1': 0.5868816753072651}","{'accuracy': 0.5898161244695899, 'precision': 0.5948544984808215, 'recall': 0.5898161244695899, 'f1': 0.5689801077785033}",0.5907612734639082,0.5908144393761311,0.5907612734639082,0.569171937268429,0.017581436774461404,0.0209248122279727,0.017581436774461404,0.019964895385815216
45,0.5708571496086903,2024-07-07 09:55:53.857546,2024-07-07 09:56:03.612635,0 days 00:00:09.755089,gini,10,1,2,405,COMPLETE,"{'accuracy': 0.614406779661017, 'precision': 0.6144474881595756, 'recall': 0.614406779661017, 'f1': 0.6007968860618885}","{'accuracy': 0.5861581920903954, 'precision': 0.5829114151853175, 'recall': 0.5861581920903954, 'f1': 0.5661876350072891}","{'accuracy': 0.5875706214689266, 'precision': 0.5881206622585224, 'recall': 0.5875706214689266, 'f1': 0.5632418194182037}","{'accuracy': 0.6016949152542372, 'precision': 0.6035652292441561, 'recall': 0.6016949152542372, 'f1': 0.5791755656393813}","{'accuracy': 0.597457627118644, 'precision': 0.6027799472159017, 'recall': 0.597457627118644, 'f1': 0.575680990196556}","{'accuracy': 0.5649717514124294, 'precision': 0.5572942224605635, 'recall': 0.5649717514124294, 'f1': 0.5479929292460313}","{'accuracy': 0.5847457627118644, 'precision': 0.5788723178188206, 'recall': 0.5847457627118644, 'f1': 0.5593970552170401}","{'accuracy': 0.5918079096045198, 'precision': 0.5967310187751274, 'recall': 0.5918079096045198, 'f1': 0.5697440726602299}","{'accuracy': 0.596045197740113, 'precision': 0.5896254718288616, 'recall': 0.596045197740113, 'f1': 0.5811370364116197}","{'accuracy': 0.5869872701555869, 'precision': 0.5896102865051535, 'recall': 0.5869872701555869, 'f1': 0.5652175062286618}",0.5911846027217733,0.5903958059451999,0.5911846027217734,0.5708571496086903,0.012899683033379943,0.0157632746564562,0.012899683033379943,0.014381615769881355
46,0.5603180957919821,2024-07-07 09:56:03.613633,2024-07-07 09:56:12.784750,0 days 00:00:09.171117,gini,9,1,2,405,COMPLETE,"{'accuracy': 0.6059322033898306, 'precision': 0.6048805255445164, 'recall': 0.6059322033898306, 'f1': 0.5889303055467934}","{'accuracy': 0.5635593220338984, 'precision': 0.5552170661356289, 'recall': 0.5635593220338984, 'f1': 0.5382917952122933}","{'accuracy': 0.5621468926553672, 'precision': 0.5544742226149515, 'recall': 0.5621468926553672, 'f1': 0.5338939293988952}","{'accuracy': 0.614406779661017, 'precision': 0.619599894611359, 'recall': 0.614406779661017, 'f1': 0.5922255502165923}","{'accuracy': 0.5903954802259888, 'precision': 0.5922806790706949, 'recall': 0.5903954802259888, 'f1': 0.5687514545935196}","{'accuracy': 0.5677966101694916, 'precision': 0.5616054107985964, 'recall': 0.5677966101694916, 'f1': 0.5508796661040521}","{'accuracy': 0.577683615819209, 'precision': 0.5673850869404105, 'recall': 0.577683615819209, 'f1': 0.5499632869117644}","{'accuracy': 0.577683615819209, 'precision': 0.5789676278577817, 'recall': 0.577683615819209, 'f1': 0.5506365676863232}","{'accuracy': 0.597457627118644, 'precision': 0.5925916254954408, 'recall': 0.597457627118644, 'f1': 0.5805759224071121}","{'accuracy': 0.5756718528995757, 'precision': 0.5739862621635952, 'recall': 0.5756718528995757, 'f1': 0.5490324798424757}",0.5832733999792231,0.5800988401232975,0.5832733999792231,0.5603180957919821,0.0180413264006848,0.021850363644033362,0.0180413264006848,0.02086741984075394
47,0.5058826219051079,2024-07-07 09:56:12.785747,2024-07-07 09:56:20.753208,0 days 00:00:07.967461,log_loss,4,2,2,428,COMPLETE,"{'accuracy': 0.5663841807909604, 'precision': 0.5708626285411672, 'recall': 0.5663841807909604, 'f1': 0.5547892240341638}","{'accuracy': 0.4915254237288136, 'precision': 0.500151872565999, 'recall': 0.4915254237288136, 'f1': 0.4838076535101337}","{'accuracy': 0.5240112994350282, 'precision': 0.518582675992914, 'recall': 0.5240112994350282, 'f1': 0.5078890521735477}","{'accuracy': 0.5028248587570622, 'precision': 0.5131060141694345, 'recall': 0.5028248587570622, 'f1': 0.48252821915678307}","{'accuracy': 0.5240112994350282, 'precision': 0.5170734474013085, 'recall': 0.5240112994350282, 'f1': 0.5107222286332834}","{'accuracy': 0.5141242937853108, 'precision': 0.5151248939384533, 'recall': 0.5141242937853108, 'f1': 0.5061853192820971}","{'accuracy': 0.5296610169491526, 'precision': 0.537278976280907, 'recall': 0.5296610169491526, 'f1': 0.5188115269630617}","{'accuracy': 0.5268361581920904, 'precision': 0.5352761613303626, 'recall': 0.5268361581920904, 'f1': 0.515348913144213}","{'accuracy': 0.5254237288135594, 'precision': 0.5340719237224983, 'recall': 0.5254237288135594, 'f1': 0.5063303489611212}","{'accuracy': 0.4837340876944837, 'precision': 0.4907790343975941, 'recall': 0.4837340876944837, 'f1': 0.47241373319267427}",0.5188536347581489,0.5232307628340639,0.5188536347581489,0.5058826219051079,0.02308328922320579,0.022465410625984727,0.02308328922320579,0.02316429603595078
48,0.5635636024989179,2024-07-07 09:56:20.753208,2024-07-07 09:56:31.907357,0 days 00:00:11.154149,entropy,10,1,3,484,COMPLETE,"{'accuracy': 0.6073446327683616, 'precision': 0.6103495452968579, 'recall': 0.6073446327683616, 'f1': 0.5873239808704558}","{'accuracy': 0.5805084745762712, 'precision': 0.5799670778459279, 'recall': 0.5805084745762712, 'f1': 0.5518247477874932}","{'accuracy': 0.5819209039548022, 'precision': 0.5811511241163982, 'recall': 0.5819209039548022, 'f1': 0.5518705397163719}","{'accuracy': 0.6073446327683616, 'precision': 0.6151422458462876, 'recall': 0.6073446327683616, 'f1': 0.5797950884721836}","{'accuracy': 0.596045197740113, 'precision': 0.5995923285629966, 'recall': 0.596045197740113, 'f1': 0.5684722287389389}","{'accuracy': 0.5692090395480226, 'precision': 0.5686366010300389, 'recall': 0.5692090395480226, 'f1': 0.5423285309551176}","{'accuracy': 0.5903954802259888, 'precision': 0.5941474350866744, 'recall': 0.5903954802259888, 'f1': 0.5584127991284027}","{'accuracy': 0.5903954802259888, 'precision': 0.5993397864510444, 'recall': 0.5903954802259888, 'f1': 0.5627870743932891}","{'accuracy': 0.6045197740112994, 'precision': 0.6035295332197729, 'recall': 0.6045197740112994, 'f1': 0.5838970313179725}","{'accuracy': 0.5785007072135785, 'precision': 0.5834412819045118, 'recall': 0.5785007072135785, 'f1': 0.5489240036089524}",0.5906184323032788,0.5935296959360511,0.5906184323032787,0.5635636024989179,0.013188326773477381,0.014830586191635896,0.013188326773477381,0.01574966657116267
49,0.5554338504176345,2024-07-07 09:56:31.908358,2024-07-07 09:56:40.909149,0 days 00:00:09.000791,gini,8,1,2,446,COMPLETE,"{'accuracy': 0.6087570621468926, 'precision': 0.6080504325048703, 'recall': 0.6087570621468926, 'f1': 0.5918781959627506}","{'accuracy': 0.538135593220339, 'precision': 0.5207898552675967, 'recall': 0.538135593220339, 'f1': 0.5106134242223604}","{'accuracy': 0.5663841807909604, 'precision': 0.5579595768263356, 'recall': 0.5663841807909604, 'f1': 0.5389802569865505}","{'accuracy': 0.6115819209039548, 'precision': 0.615879626674933, 'recall': 0.6115819209039548, 'f1': 0.5911338939712508}","{'accuracy': 0.5875706214689266, 'precision': 0.5865700693812946, 'recall': 0.5875706214689266, 'f1': 0.5641385194750259}","{'accuracy': 0.557909604519774, 'precision': 0.5482708891513561, 'recall': 0.557909604519774, 'f1': 0.5418731289456183}","{'accuracy': 0.5734463276836158, 'precision': 0.5627620553926248, 'recall': 0.5734463276836158, 'f1': 0.5439885588085057}","{'accuracy': 0.5833333333333334, 'precision': 0.5846195528319249, 'recall': 0.5833333333333334, 'f1': 0.5609875080883625}","{'accuracy': 0.5847457627118644, 'precision': 0.5775631727640849, 'recall': 0.5847457627118644, 'f1': 0.5670224427774369}","{'accuracy': 0.5685997171145686, 'precision': 0.5672193616729426, 'recall': 0.5685997171145686, 'f1': 0.5437225749384831}",0.5780464123894229,0.5729684592467964,0.5780464123894229,0.5554338504176345,0.022301197578589248,0.028105045703393918,0.022301197578589248,0.024889146369620467
