number,value,datetime_start,datetime_complete,duration,params_criterion,params_max_depth,params_min_samples_leaf,params_min_samples_split,state,fold_0,fold_1,fold_2,fold_3,fold_4,accuracy,balanced_accuracy,precision,recall,f1,accuracy_std,balanced_accuracy_std,precision_std,recall_std,f1_std
0,0.5754879264259244,2024-07-10 11:27:43.189145,2024-07-10 11:27:44.336127,0 days 00:00:01.146982,entropy,7,1,3,COMPLETE,"{'accuracy': 0.5769774011299436, 'balanced_accuracy': 0.5876760078391293, 'precision': 0.5789680819484028, 'recall': 0.5769774011299436, 'f1': 0.5766927213870957}","{'accuracy': 0.5649717514124294, 'balanced_accuracy': 0.5737761752281675, 'precision': 0.5690014048077253, 'recall': 0.5649717514124294, 'f1': 0.5653607548497506}","{'accuracy': 0.5741525423728814, 'balanced_accuracy': 0.5930810430909371, 'precision': 0.569942340256398, 'recall': 0.5741525423728814, 'f1': 0.5611633556552456}","{'accuracy': 0.5939265536723164, 'balanced_accuracy': 0.6175421525335519, 'precision': 0.5978290233154855, 'recall': 0.5939265536723164, 'f1': 0.5857664686379015}","{'accuracy': 0.5901060070671378, 'balanced_accuracy': 0.5971071172789242, 'precision': 0.5877028463310322, 'recall': 0.5901060070671378, 'f1': 0.5884563315996286}",0.5800268511309417,0.5938364991941419,0.5806887393318088,0.5800268511309417,0.5754879264259244,0.011887533294935665,0.015918494810939952,0.012227290943157968,0.011887533294935665,0.012073032195234418
1,0.5719497442379785,2024-07-10 11:27:44.336631,2024-07-10 11:27:45.624543,0 days 00:00:01.287912,entropy,8,4,2,COMPLETE,"{'accuracy': 0.5706214689265536, 'balanced_accuracy': 0.5775668346427194, 'precision': 0.5724776691000418, 'recall': 0.5706214689265536, 'f1': 0.5708373963519874}","{'accuracy': 0.5692090395480226, 'balanced_accuracy': 0.5783050648828195, 'precision': 0.5716084172762539, 'recall': 0.5692090395480226, 'f1': 0.569167247783342}","{'accuracy': 0.5755649717514124, 'balanced_accuracy': 0.5894833018963266, 'precision': 0.5757296693797138, 'recall': 0.5755649717514124, 'f1': 0.5730386577469683}","{'accuracy': 0.5734463276836158, 'balanced_accuracy': 0.5960046662100645, 'precision': 0.5805030028782491, 'recall': 0.5734463276836158, 'f1': 0.5678411383459285}","{'accuracy': 0.5809187279151944, 'balanced_accuracy': 0.5899330294805766, 'precision': 0.5791428821291625, 'recall': 0.5809187279151944, 'f1': 0.5788642809616663}",0.5739521071649598,0.5862585794225013,0.5758923281526842,0.5739521071649597,0.5719497442379785,0.004609251328294877,0.00802638534433454,0.003932641265688256,0.004609251328294877,0.004325991142183744
2,0.4892457072541526,2024-07-10 11:27:45.624543,2024-07-10 11:27:46.305170,0 days 00:00:00.680627,gini,3,3,4,COMPLETE,"{'accuracy': 0.5600282485875706, 'balanced_accuracy': 0.6009447932421197, 'precision': 0.5946758101672482, 'recall': 0.5600282485875706, 'f1': 0.47972961630192335}","{'accuracy': 0.5444915254237288, 'balanced_accuracy': 0.5795765693793242, 'precision': 0.5340039579166826, 'recall': 0.5444915254237288, 'f1': 0.524577272414301}","{'accuracy': 0.5550847457627118, 'balanced_accuracy': 0.5972885819649153, 'precision': 0.5999816889062957, 'recall': 0.5550847457627118, 'f1': 0.47179782664717557}","{'accuracy': 0.567090395480226, 'balanced_accuracy': 0.6054839688717312, 'precision': 0.6060714830977325, 'recall': 0.567090395480226, 'f1': 0.49434648770876916}","{'accuracy': 0.5568904593639576, 'balanced_accuracy': 0.5985148758286113, 'precision': 0.5872518077748844, 'recall': 0.5568904593639576, 'f1': 0.4757773331985941}",0.556717074923639,0.5963617578573404,0.5843969495725687,0.556717074923639,0.4892457072541526,0.008226911200914606,0.00989262881261005,0.029008310456419436,0.008226911200914606,0.021509992342507202
3,0.5214085821223267,2024-07-10 11:27:46.305170,2024-07-10 11:27:47.044590,0 days 00:00:00.739420,log_loss,3,2,4,COMPLETE,"{'accuracy': 0.536723163841808, 'balanced_accuracy': 0.574344733155103, 'precision': 0.5256459533340352, 'recall': 0.536723163841808, 'f1': 0.5075739668781484}","{'accuracy': 0.5360169491525424, 'balanced_accuracy': 0.5718722948084173, 'precision': 0.5234445524280018, 'recall': 0.5360169491525424, 'f1': 0.5153921945574291}","{'accuracy': 0.5423728813559322, 'balanced_accuracy': 0.5786543087684684, 'precision': 0.540015725157271, 'recall': 0.5423728813559322, 'f1': 0.5220189786627047}","{'accuracy': 0.5515536723163842, 'balanced_accuracy': 0.5765995133967023, 'precision': 0.545755892194002, 'recall': 0.5515536723163842, 'f1': 0.5409363799296498}","{'accuracy': 0.5363957597173145, 'balanced_accuracy': 0.5710512169185217, 'precision': 0.5368053953651506, 'recall': 0.5363957597173145, 'f1': 0.5211213905837011}",0.5406124852767962,0.5745044134094426,0.5343335036956921,0.5406124852767962,0.5214085821223267,0.006648968268247582,0.003181555734459058,0.009525119935816399,0.006648968268247582,0.012342846596364662
4,0.5638128396531027,2024-07-10 11:27:47.044590,2024-07-10 11:27:48.100252,0 days 00:00:01.055662,entropy,6,1,7,COMPLETE,"{'accuracy': 0.5755649717514124, 'balanced_accuracy': 0.5878273987488553, 'precision': 0.5767267802157772, 'recall': 0.5755649717514124, 'f1': 0.5747503650146497}","{'accuracy': 0.5663841807909604, 'balanced_accuracy': 0.5845100759718409, 'precision': 0.5565480967678947, 'recall': 0.5663841807909604, 'f1': 0.5513601250902488}","{'accuracy': 0.568502824858757, 'balanced_accuracy': 0.5971183808098505, 'precision': 0.5770742914026232, 'recall': 0.568502824858757, 'f1': 0.5590492545870587}","{'accuracy': 0.5515536723163842, 'balanced_accuracy': 0.5747018468692797, 'precision': 0.5645477043659787, 'recall': 0.5515536723163842, 'f1': 0.5454887971567578}","{'accuracy': 0.5901060070671378, 'balanced_accuracy': 0.603105272948417, 'precision': 0.5919971293342372, 'recall': 0.5901060070671378, 'f1': 0.5884156564167982}",0.5704223313569303,0.5894525950696486,0.5733788004173023,0.5704223313569303,0.5638128396531027,0.014052680339262024,0.011065873382387103,0.013534849803513181,0.014052680339262024,0.017595883253020177
5,0.5691226878283591,2024-07-10 11:27:48.101254,2024-07-10 11:27:49.460270,0 days 00:00:01.359016,gini,10,4,10,COMPLETE,"{'accuracy': 0.559322033898305, 'balanced_accuracy': 0.5584933483323473, 'precision': 0.564798576757765, 'recall': 0.559322033898305, 'f1': 0.5609504918096385}","{'accuracy': 0.5875706214689266, 'balanced_accuracy': 0.5906267241898578, 'precision': 0.586711623811555, 'recall': 0.5875706214689266, 'f1': 0.587023377518146}","{'accuracy': 0.5607344632768362, 'balanced_accuracy': 0.5672116937732515, 'precision': 0.565543188520619, 'recall': 0.5607344632768362, 'f1': 0.5617100130628125}","{'accuracy': 0.5607344632768362, 'balanced_accuracy': 0.5697068690163852, 'precision': 0.5623271186137322, 'recall': 0.5607344632768362, 'f1': 0.5594143597329241}","{'accuracy': 0.5780918727915194, 'balanced_accuracy': 0.5854033265513798, 'precision': 0.5759628496541122, 'recall': 0.5780918727915194, 'f1': 0.5765151970182744}",0.5692906909424847,0.5742883923726444,0.5710686714715566,0.5692906909424847,0.5691226878283591,0.012819992677343958,0.013332631810078908,0.010184727953180926,0.012819992677343958,0.01215594559104517
6,0.5523895189020631,2024-07-10 11:27:49.460270,2024-07-10 11:27:50.626925,0 days 00:00:01.166655,log_loss,5,2,3,COMPLETE,"{'accuracy': 0.5529661016949152, 'balanced_accuracy': 0.5813619594660664, 'precision': 0.5649921858949798, 'recall': 0.5529661016949152, 'f1': 0.5425194767378931}","{'accuracy': 0.5607344632768362, 'balanced_accuracy': 0.5738493570313735, 'precision': 0.5685304827386682, 'recall': 0.5607344632768362, 'f1': 0.5591428986883098}","{'accuracy': 0.5649717514124294, 'balanced_accuracy': 0.5908169056529655, 'precision': 0.5672982831345899, 'recall': 0.5649717514124294, 'f1': 0.5562842895628403}","{'accuracy': 0.557909604519774, 'balanced_accuracy': 0.5888754411004186, 'precision': 0.5486538345045597, 'recall': 0.557909604519774, 'f1': 0.5195531902714414}","{'accuracy': 0.5957597173144876, 'balanced_accuracy': 0.618326433375273, 'precision': 0.5986382029801673, 'recall': 0.5957597173144876, 'f1': 0.5844477392498307}",0.5664683276436885,0.5906460193252194,0.5696225978505931,0.5664683276436885,0.5523895189020631,0.016945975163173563,0.016864838444611594,0.018094406915485917,0.016945975163173563,0.023791537776928356
7,0.5743633022661475,2024-07-10 11:27:50.628024,2024-07-10 11:27:51.911776,0 days 00:00:01.283752,entropy,7,3,4,COMPLETE,"{'accuracy': 0.576271186440678, 'balanced_accuracy': 0.5867702107376799, 'precision': 0.578211980788243, 'recall': 0.576271186440678, 'f1': 0.5760141548076588}","{'accuracy': 0.5628531073446328, 'balanced_accuracy': 0.5715956576104078, 'precision': 0.5667200829955796, 'recall': 0.5628531073446328, 'f1': 0.5632230598983969}","{'accuracy': 0.5741525423728814, 'balanced_accuracy': 0.5930250916178929, 'precision': 0.5699865300679013, 'recall': 0.5741525423728814, 'f1': 0.5614137586938993}","{'accuracy': 0.5925141242937854, 'balanced_accuracy': 0.6162674320172415, 'precision': 0.596642975715966, 'recall': 0.5925141242937854, 'f1': 0.5842894407602591}","{'accuracy': 0.5886925795053004, 'balanced_accuracy': 0.595888348235658, 'precision': 0.5861609012635598, 'recall': 0.5886925795053004, 'f1': 0.586876097170524}",0.5788967079914557,0.592709348043776,0.5795444941662499,0.5788967079914557,0.5743633022661475,0.011918375707405617,0.016172896558611604,0.012183294973709034,0.011918375707405617,0.011721979937054887
8,0.5715107566187663,2024-07-10 11:27:51.912774,2024-07-10 11:27:53.239359,0 days 00:00:01.326585,log_loss,8,4,10,COMPLETE,"{'accuracy': 0.5706214689265536, 'balanced_accuracy': 0.5775668346427194, 'precision': 0.5722156312585683, 'recall': 0.5706214689265536, 'f1': 0.5708176873208718}","{'accuracy': 0.568502824858757, 'balanced_accuracy': 0.5778801899949141, 'precision': 0.5709380690391628, 'recall': 0.568502824858757, 'f1': 0.5683802188954306}","{'accuracy': 0.5755649717514124, 'balanced_accuracy': 0.5894273504232824, 'precision': 0.575914917136511, 'recall': 0.5755649717514124, 'f1': 0.5731406017530583}","{'accuracy': 0.5727401129943502, 'balanced_accuracy': 0.5953952816884315, 'precision': 0.5795326715548091, 'recall': 0.5727401129943502, 'f1': 0.5670136413742839}","{'accuracy': 0.5802120141342756, 'balanced_accuracy': 0.5892676934858994, 'precision': 0.5784797874392109, 'recall': 0.5802120141342756, 'f1': 0.5782016337501871}",0.5735282785330698,0.5859074700470494,0.5754162152856525,0.5735282785330698,0.5715107566187663,0.004559231637296246,0.007869286072251166,0.0037708394957676047,0.004559231637296246,0.00441386703924724
9,0.5214085821223267,2024-07-10 11:27:53.240359,2024-07-10 11:27:54.027263,0 days 00:00:00.786904,entropy,3,2,2,COMPLETE,"{'accuracy': 0.536723163841808, 'balanced_accuracy': 0.574344733155103, 'precision': 0.5256459533340352, 'recall': 0.536723163841808, 'f1': 0.5075739668781484}","{'accuracy': 0.5360169491525424, 'balanced_accuracy': 0.5718722948084173, 'precision': 0.5234445524280018, 'recall': 0.5360169491525424, 'f1': 0.5153921945574291}","{'accuracy': 0.5423728813559322, 'balanced_accuracy': 0.5786543087684684, 'precision': 0.540015725157271, 'recall': 0.5423728813559322, 'f1': 0.5220189786627047}","{'accuracy': 0.5515536723163842, 'balanced_accuracy': 0.5765995133967023, 'precision': 0.545755892194002, 'recall': 0.5515536723163842, 'f1': 0.5409363799296498}","{'accuracy': 0.5363957597173145, 'balanced_accuracy': 0.5710512169185217, 'precision': 0.5368053953651506, 'recall': 0.5363957597173145, 'f1': 0.5211213905837011}",0.5406124852767962,0.5745044134094426,0.5343335036956921,0.5406124852767962,0.5214085821223267,0.006648968268247582,0.003181555734459058,0.009525119935816399,0.006648968268247582,0.012342846596364662
10,0.552143312763536,2024-07-10 11:27:54.028270,2024-07-10 11:27:55.147005,0 days 00:00:01.118735,entropy,5,1,7,COMPLETE,"{'accuracy': 0.5529661016949152, 'balanced_accuracy': 0.5813619594660664, 'precision': 0.5649921858949798, 'recall': 0.5529661016949152, 'f1': 0.5425194767378931}","{'accuracy': 0.5607344632768362, 'balanced_accuracy': 0.5738493570313735, 'precision': 0.5685304827386682, 'recall': 0.5607344632768362, 'f1': 0.5591428986883098}","{'accuracy': 0.5642655367231638, 'balanced_accuracy': 0.5904313270235091, 'precision': 0.5659649323985444, 'recall': 0.5642655367231638, 'f1': 0.5550532588702051}","{'accuracy': 0.557909604519774, 'balanced_accuracy': 0.5888754411004186, 'precision': 0.5486538345045597, 'recall': 0.557909604519774, 'f1': 0.5195531902714414}","{'accuracy': 0.5957597173144876, 'balanced_accuracy': 0.618326433375273, 'precision': 0.5986382029801673, 'recall': 0.5957597173144876, 'f1': 0.5844477392498307}",0.5663270847058354,0.5905689035993281,0.5693559277033838,0.5663270847058354,0.552143312763536,0.0169645004090136,0.016864743249771854,0.018146974674279434,0.0169645004090136,0.023747485466721632
11,0.5703997853575976,2024-07-10 11:27:55.147520,2024-07-10 11:27:56.356884,0 days 00:00:01.209364,entropy,8,3,5,COMPLETE,"{'accuracy': 0.568502824858757, 'balanced_accuracy': 0.5772207439769007, 'precision': 0.5694547218490765, 'recall': 0.568502824858757, 'f1': 0.5680699517653964}","{'accuracy': 0.5663841807909604, 'balanced_accuracy': 0.5743854638972062, 'precision': 0.5687119162682365, 'recall': 0.5663841807909604, 'f1': 0.5666273086972958}","{'accuracy': 0.5713276836158192, 'balanced_accuracy': 0.5855305821867115, 'precision': 0.570886177142468, 'recall': 0.5713276836158192, 'f1': 0.5684024386818077}","{'accuracy': 0.5748587570621468, 'balanced_accuracy': 0.597279386726375, 'precision': 0.5811476165249633, 'recall': 0.5748587570621468, 'f1': 0.5693208119963137}","{'accuracy': 0.5816254416961131, 'balanced_accuracy': 0.5907853432209748, 'precision': 0.5800079611304777, 'recall': 0.5816254416961131, 'f1': 0.5795784156471745}",0.5725397776047594,0.5850403040016336,0.5740416785830444,0.5725397776047594,0.5703997853575976,0.00599133727038947,0.00945663961067712,0.006031057312431397,0.00599133727038947,0.005221602626834462
12,0.5743633022661475,2024-07-10 11:27:56.356884,2024-07-10 11:27:57.473657,0 days 00:00:01.116773,entropy,7,3,6,COMPLETE,"{'accuracy': 0.576271186440678, 'balanced_accuracy': 0.5867702107376799, 'precision': 0.578211980788243, 'recall': 0.576271186440678, 'f1': 0.5760141548076588}","{'accuracy': 0.5628531073446328, 'balanced_accuracy': 0.5715956576104078, 'precision': 0.5667200829955796, 'recall': 0.5628531073446328, 'f1': 0.5632230598983969}","{'accuracy': 0.5741525423728814, 'balanced_accuracy': 0.5930250916178929, 'precision': 0.5699865300679013, 'recall': 0.5741525423728814, 'f1': 0.5614137586938993}","{'accuracy': 0.5925141242937854, 'balanced_accuracy': 0.6162674320172415, 'precision': 0.596642975715966, 'recall': 0.5925141242937854, 'f1': 0.5842894407602591}","{'accuracy': 0.5886925795053004, 'balanced_accuracy': 0.595888348235658, 'precision': 0.5861609012635598, 'recall': 0.5886925795053004, 'f1': 0.586876097170524}",0.5788967079914557,0.592709348043776,0.5795444941662499,0.5788967079914557,0.5743633022661475,0.011918375707405617,0.016172896558611604,0.012183294973709034,0.011918375707405617,0.011721979937054887
13,0.564617943562235,2024-07-10 11:27:57.474656,2024-07-10 11:27:58.894611,0 days 00:00:01.419955,entropy,10,1,4,COMPLETE,"{'accuracy': 0.5586158192090396, 'balanced_accuracy': 0.5654061812522055, 'precision': 0.5592034824527101, 'recall': 0.5586158192090396, 'f1': 0.5584189811136718}","{'accuracy': 0.568502824858757, 'balanced_accuracy': 0.5741840114910999, 'precision': 0.5678652279595322, 'recall': 0.568502824858757, 'f1': 0.5677512633401787}","{'accuracy': 0.5677966101694916, 'balanced_accuracy': 0.58176227625823, 'precision': 0.56724791249855, 'recall': 0.5677966101694916, 'f1': 0.5645073178158249}","{'accuracy': 0.5769774011299436, 'balanced_accuracy': 0.5881296054527408, 'precision': 0.583577963636086, 'recall': 0.5769774011299436, 'f1': 0.5765104007366312}","{'accuracy': 0.5597173144876325, 'balanced_accuracy': 0.5692236201506529, 'precision': 0.5577527992527561, 'recall': 0.5597173144876325, 'f1': 0.5559017548048687}",0.5663219939709728,0.5757411389209859,0.5671294771599269,0.5663219939709728,0.564617943562235,0.007474542436775071,0.009239077938468693,0.010269512454330514,0.007474542436775071,0.008149532968584824
14,0.5636415539109311,2024-07-10 11:27:58.895613,2024-07-10 11:27:59.962972,0 days 00:00:01.067359,entropy,6,2,3,COMPLETE,"{'accuracy': 0.5755649717514124, 'balanced_accuracy': 0.5878273987488553, 'precision': 0.576855228353659, 'recall': 0.5755649717514124, 'f1': 0.5747614005821466}","{'accuracy': 0.5663841807909604, 'balanced_accuracy': 0.5845100759718409, 'precision': 0.5565480967678947, 'recall': 0.5663841807909604, 'f1': 0.5513601250902488}","{'accuracy': 0.5677966101694916, 'balanced_accuracy': 0.5965089962882173, 'precision': 0.5757153258421195, 'recall': 0.5677966101694916, 'f1': 0.5581817903087039}","{'accuracy': 0.5515536723163842, 'balanced_accuracy': 0.5747018468692797, 'precision': 0.5645477043659787, 'recall': 0.5515536723163842, 'f1': 0.5454887971567578}","{'accuracy': 0.5901060070671378, 'balanced_accuracy': 0.603105272948417, 'precision': 0.5919971293342372, 'recall': 0.5901060070671378, 'f1': 0.5884156564167982}",0.5702810884190772,0.589330718165322,0.5731326969327778,0.5702810884190773,0.5636415539109311,0.014080318334381633,0.010963216591217516,0.013464259003869114,0.014080318334381633,0.017660494296652826
15,0.5702586760427746,2024-07-10 11:27:59.962972,2024-07-10 11:28:01.197429,0 days 00:00:01.234457,gini,9,3,6,COMPLETE,"{'accuracy': 0.567090395480226, 'balanced_accuracy': 0.5678869323325105, 'precision': 0.5695870145529338, 'recall': 0.567090395480226, 'f1': 0.5680074604823194}","{'accuracy': 0.5783898305084746, 'balanced_accuracy': 0.5858926570989648, 'precision': 0.5754393604660694, 'recall': 0.5783898305084746, 'f1': 0.5758051341924394}","{'accuracy': 0.5543785310734464, 'balanced_accuracy': 0.5638973688687591, 'precision': 0.558572690120386, 'recall': 0.5543785310734464, 'f1': 0.5546076527303989}","{'accuracy': 0.567090395480226, 'balanced_accuracy': 0.5756722519246276, 'precision': 0.5699943216457958, 'recall': 0.567090395480226, 'f1': 0.5663166685263046}","{'accuracy': 0.5858657243816254, 'balanced_accuracy': 0.5912481608670936, 'precision': 0.5883600372371699, 'recall': 0.5858657243816254, 'f1': 0.5865564642824108}",0.5705629753847996,0.5769194742183911,0.572390684804471,0.5705629753847996,0.5702586760427746,0.012057027494799892,0.011603306384303673,0.010826526921944772,0.012057027494799892,0.011852668739508377
16,0.552143312763536,2024-07-10 11:28:01.198438,2024-07-10 11:28:02.164952,0 days 00:00:00.966514,entropy,5,1,5,COMPLETE,"{'accuracy': 0.5529661016949152, 'balanced_accuracy': 0.5813619594660664, 'precision': 0.5649921858949798, 'recall': 0.5529661016949152, 'f1': 0.5425194767378931}","{'accuracy': 0.5607344632768362, 'balanced_accuracy': 0.5738493570313735, 'precision': 0.5685304827386682, 'recall': 0.5607344632768362, 'f1': 0.5591428986883098}","{'accuracy': 0.5642655367231638, 'balanced_accuracy': 0.5904313270235091, 'precision': 0.5659649323985444, 'recall': 0.5642655367231638, 'f1': 0.5550532588702051}","{'accuracy': 0.557909604519774, 'balanced_accuracy': 0.5888754411004186, 'precision': 0.5486538345045597, 'recall': 0.557909604519774, 'f1': 0.5195531902714414}","{'accuracy': 0.5957597173144876, 'balanced_accuracy': 0.618326433375273, 'precision': 0.5986382029801673, 'recall': 0.5957597173144876, 'f1': 0.5844477392498307}",0.5663270847058354,0.5905689035993281,0.5693559277033838,0.5663270847058354,0.552143312763536,0.0169645004090136,0.016864743249771854,0.018146974674279434,0.0169645004090136,0.023747485466721632
17,0.5745358273318537,2024-07-10 11:28:02.165956,2024-07-10 11:28:03.286753,0 days 00:00:01.120797,entropy,7,2,8,COMPLETE,"{'accuracy': 0.576271186440678, 'balanced_accuracy': 0.5867702107376799, 'precision': 0.5783403355579446, 'recall': 0.576271186440678, 'f1': 0.5760280487383752}","{'accuracy': 0.5642655367231638, 'balanced_accuracy': 0.5731108392334902, 'precision': 0.5683551567789662, 'recall': 0.5642655367231638, 'f1': 0.5646307847670962}","{'accuracy': 0.5741525423728814, 'balanced_accuracy': 0.5930250916178929, 'precision': 0.5699865300679013, 'recall': 0.5741525423728814, 'f1': 0.5614137586938993}","{'accuracy': 0.5925141242937854, 'balanced_accuracy': 0.6162674320172415, 'precision': 0.596642975715966, 'recall': 0.5925141242937854, 'f1': 0.5842894407602591}","{'accuracy': 0.5879858657243816, 'balanced_accuracy': 0.5951670607679364, 'precision': 0.5856757368895831, 'recall': 0.5879858657243816, 'f1': 0.5863171036996386}",0.579037851110978,0.5928681268748482,0.5798001470020722,0.579037851110978,0.5745358273318537,0.011307285833215774,0.01565544803160773,0.011700741040654534,0.011307285833215774,0.011252296721556717
18,0.5784153080787146,2024-07-10 11:28:03.286753,2024-07-10 11:28:04.347936,0 days 00:00:01.061183,gini,7,1,8,COMPLETE,"{'accuracy': 0.588276836158192, 'balanced_accuracy': 0.5943454478849312, 'precision': 0.5875756989190104, 'recall': 0.588276836158192, 'f1': 0.5876531294522043}","{'accuracy': 0.565677966101695, 'balanced_accuracy': 0.564520668542892, 'precision': 0.5694136923608375, 'recall': 0.565677966101695, 'f1': 0.5669139231460824}","{'accuracy': 0.5840395480225988, 'balanced_accuracy': 0.6012587600677616, 'precision': 0.5904385993846221, 'recall': 0.5840395480225988, 'f1': 0.5813732708663423}","{'accuracy': 0.5720338983050848, 'balanced_accuracy': 0.5946752964938892, 'precision': 0.5710675886725687, 'recall': 0.5720338983050848, 'f1': 0.5585590589069362}","{'accuracy': 0.5985865724381625, 'balanced_accuracy': 0.6082315242391297, 'precision': 0.5985634328114273, 'recall': 0.5985865724381625, 'f1': 0.5975771580220075}",0.5817229642051467,0.5926063394457207,0.5834118024296933,0.5817229642051467,0.5784153080787146,0.013076897978423114,0.016696712056130988,0.012694610189226132,0.013076897978423114,0.01571476906743379
19,0.5378328137265117,2024-07-10 11:28:04.348938,2024-07-10 11:28:05.135494,0 days 00:00:00.786556,gini,4,1,9,COMPLETE,"{'accuracy': 0.5536723163841808, 'balanced_accuracy': 0.5736457694260949, 'precision': 0.5481336664903214, 'recall': 0.5536723163841808, 'f1': 0.5471982678996362}","{'accuracy': 0.5466101694915254, 'balanced_accuracy': 0.5647616386599928, 'precision': 0.5382552815763875, 'recall': 0.5466101694915254, 'f1': 0.5386700430697072}","{'accuracy': 0.5529661016949152, 'balanced_accuracy': 0.5668583050892096, 'precision': 0.5399200566530864, 'recall': 0.5529661016949152, 'f1': 0.538452397023869}","{'accuracy': 0.567090395480226, 'balanced_accuracy': 0.6025744922734347, 'precision': 0.5728091730235803, 'recall': 0.567090395480226, 'f1': 0.526458588970928}","{'accuracy': 0.5639575971731449, 'balanced_accuracy': 0.5841934728891399, 'precision': 0.5477502222514791, 'recall': 0.5639575971731449, 'f1': 0.5383847716684181}",0.5568593160447984,0.5784067356675744,0.5493736799989709,0.5568593160447985,0.5378328137265117,0.008447184017062277,0.015490226820108916,0.013841832968534157,0.008447184017062277,0.0073904366356889505
20,0.5711050744920471,2024-07-10 11:28:05.136998,2024-07-10 11:28:06.485414,0 days 00:00:01.348416,gini,9,1,8,COMPLETE,"{'accuracy': 0.5677966101694916, 'balanced_accuracy': 0.5680880013282392, 'precision': 0.5701806886081524, 'recall': 0.5677966101694916, 'f1': 0.5686536055398983}","{'accuracy': 0.5741525423728814, 'balanced_accuracy': 0.5824768110759379, 'precision': 0.570459929447456, 'recall': 0.5741525423728814, 'f1': 0.5710483726887647}","{'accuracy': 0.5550847457627118, 'balanced_accuracy': 0.5644900981757969, 'precision': 0.5581765459304829, 'recall': 0.5550847457627118, 'f1': 0.5549797700359518}","{'accuracy': 0.5741525423728814, 'balanced_accuracy': 0.584137397779488, 'precision': 0.5759377962770404, 'recall': 0.5741525423728814, 'f1': 0.5726271437521275}","{'accuracy': 0.5872791519434629, 'balanced_accuracy': 0.5917381422540648, 'precision': 0.5901331242586277, 'recall': 0.5872791519434629, 'f1': 0.5882164804434932}",0.5716931185242858,0.5781860901227054,0.5729776169043519,0.5716931185242858,0.5711050744920471,0.011683779271110877,0.011478654742673228,0.011579155350232823,0.011683779271110877,0.011844358017504351
21,0.5777892249619173,2024-07-10 11:28:06.486924,2024-07-10 11:28:07.709411,0 days 00:00:01.222487,gini,7,2,8,COMPLETE,"{'accuracy': 0.5889830508474576, 'balanced_accuracy': 0.5950107838796085, 'precision': 0.5882277398042404, 'recall': 0.5889830508474576, 'f1': 0.5883034196613137}","{'accuracy': 0.5642655367231638, 'balanced_accuracy': 0.5632459480265816, 'precision': 0.5679399680258472, 'recall': 0.5642655367231638, 'f1': 0.5655041878410684}","{'accuracy': 0.5812146892655368, 'balanced_accuracy': 0.5987652705081848, 'precision': 0.5875047298432193, 'recall': 0.5812146892655368, 'f1': 0.5783603265233264}","{'accuracy': 0.5727401129943502, 'balanced_accuracy': 0.5953406324885666, 'precision': 0.5719040118150278, 'recall': 0.5727401129943502, 'f1': 0.5592010327618704}","{'accuracy': 0.5985865724381625, 'balanced_accuracy': 0.6082315242391297, 'precision': 0.5985634328114273, 'recall': 0.5985865724381625, 'f1': 0.5975771580220075}",0.5811579924537342,0.5921188318284143,0.5828279764599523,0.5811579924537342,0.5777892249619173,0.01342763855699563,0.017001329426257938,0.012645353412112847,0.01342763855699563,0.015802529609902582
22,0.574613856831612,2024-07-10 11:28:07.710411,2024-07-10 11:28:09.033481,0 days 00:00:01.323070,gini,6,1,8,COMPLETE,"{'accuracy': 0.5932203389830508, 'balanced_accuracy': 0.6049477066585901, 'precision': 0.5914457504952596, 'recall': 0.5932203389830508, 'f1': 0.5907304432602405}","{'accuracy': 0.5649717514124294, 'balanced_accuracy': 0.5813223359866918, 'precision': 0.5563527822709948, 'recall': 0.5649717514124294, 'f1': 0.5542068881048265}","{'accuracy': 0.5663841807909604, 'balanced_accuracy': 0.5738605618691346, 'precision': 0.5644095743125577, 'recall': 0.5663841807909604, 'f1': 0.5651082589097329}","{'accuracy': 0.5741525423728814, 'balanced_accuracy': 0.5878395621125605, 'precision': 0.5730752707156309, 'recall': 0.5741525423728814, 'f1': 0.5711113761593607}","{'accuracy': 0.5985865724381625, 'balanced_accuracy': 0.617589605304714, 'precision': 0.59559391119588, 'recall': 0.5985865724381625, 'f1': 0.5919123177239}",0.5794630771994969,0.5931119543863382,0.5761754577980647,0.5794630771994969,0.574613856831612,0.015526011693295151,0.017865117985065845,0.016964991973275733,0.015526011693295151,0.01641683010420551
23,0.5777904776654307,2024-07-10 11:28:09.034483,2024-07-10 11:28:10.159456,0 days 00:00:01.124973,gini,7,2,9,COMPLETE,"{'accuracy': 0.588276836158192, 'balanced_accuracy': 0.5943454478849312, 'precision': 0.5875814615069299, 'recall': 0.588276836158192, 'f1': 0.587634142996748}","{'accuracy': 0.5642655367231638, 'balanced_accuracy': 0.5632459480265816, 'precision': 0.5679399680258472, 'recall': 0.5642655367231638, 'f1': 0.5655041878410684}","{'accuracy': 0.5812146892655368, 'balanced_accuracy': 0.5987652705081848, 'precision': 0.5875047298432193, 'recall': 0.5812146892655368, 'f1': 0.5783603265233264}","{'accuracy': 0.5727401129943502, 'balanced_accuracy': 0.5953406324885666, 'precision': 0.5719040118150278, 'recall': 0.5727401129943502, 'f1': 0.5592010327618704}","{'accuracy': 0.5992932862190813, 'balanced_accuracy': 0.608896860233807, 'precision': 0.599211672676405, 'recall': 0.5992932862190813, 'f1': 0.5982526982041402}",0.5811580922720648,0.5921188318284142,0.5828283687734859,0.5811580922720648,0.5777904776654307,0.013562685808170378,0.017136646564359845,0.012785528361596353,0.013562685808170378,0.015909472993482065
24,0.5732408082610447,2024-07-10 11:28:10.160468,2024-07-10 11:28:11.547494,0 days 00:00:01.387026,gini,9,2,9,COMPLETE,"{'accuracy': 0.5692090395480226, 'balanced_accuracy': 0.5696031829513216, 'precision': 0.571631374647777, 'recall': 0.5692090395480226, 'f1': 0.5700684995730617}","{'accuracy': 0.5798022598870056, 'balanced_accuracy': 0.5877042513018634, 'precision': 0.5765633538357535, 'recall': 0.5798022598870056, 'f1': 0.5770543224852037}","{'accuracy': 0.5557909604519774, 'balanced_accuracy': 0.5655077982233344, 'precision': 0.5588319381430453, 'recall': 0.5557909604519774, 'f1': 0.5556871518312495}","{'accuracy': 0.5727401129943502, 'balanced_accuracy': 0.5824377065226778, 'precision': 0.57413740995465, 'recall': 0.5727401129943502, 'f1': 0.5711605845707308}","{'accuracy': 0.5915194346289753, 'balanced_accuracy': 0.5962160166596587, 'precision': 0.5938437185974703, 'recall': 0.5915194346289753, 'f1': 0.5922334828449778}",0.5738123615020662,0.5802937911317712,0.5750015590357392,0.5738123615020663,0.5732408082610447,0.013195932205291768,0.01270770679994075,0.012560132525213862,0.013195932205291768,0.01320782254629739
25,0.579251905275533,2024-07-10 11:28:11.548489,2024-07-10 11:28:12.962393,0 days 00:00:01.413904,gini,8,2,9,COMPLETE,"{'accuracy': 0.5889830508474576, 'balanced_accuracy': 0.6023758162873046, 'precision': 0.588423363251716, 'recall': 0.5889830508474576, 'f1': 0.5867289034809295}","{'accuracy': 0.5727401129943502, 'balanced_accuracy': 0.5750666882857235, 'precision': 0.572753095931062, 'recall': 0.5727401129943502, 'f1': 0.572721286354222}","{'accuracy': 0.5649717514124294, 'balanced_accuracy': 0.578530748163742, 'precision': 0.5640565609632429, 'recall': 0.5649717514124294, 'f1': 0.5613795722329329}","{'accuracy': 0.586864406779661, 'balanced_accuracy': 0.6042451434993987, 'precision': 0.5900293292301694, 'recall': 0.586864406779661, 'f1': 0.5807446230330966}","{'accuracy': 0.5943462897526501, 'balanced_accuracy': 0.5985416518001031, 'precision': 0.5955987833989576, 'recall': 0.5943462897526501, 'f1': 0.5946851412764839}",0.5815811223573097,0.5917520096072544,0.5821722265550295,0.5815811223573097,0.579251905275533,0.012244241381485799,0.013858612896764592,0.013209660883955211,0.012244241381485799,0.012829533836126852
26,0.579251905275533,2024-07-10 11:28:12.963394,2024-07-10 11:28:14.185076,0 days 00:00:01.221682,gini,8,2,9,COMPLETE,"{'accuracy': 0.5889830508474576, 'balanced_accuracy': 0.6023758162873046, 'precision': 0.588423363251716, 'recall': 0.5889830508474576, 'f1': 0.5867289034809295}","{'accuracy': 0.5727401129943502, 'balanced_accuracy': 0.5750666882857235, 'precision': 0.572753095931062, 'recall': 0.5727401129943502, 'f1': 0.572721286354222}","{'accuracy': 0.5649717514124294, 'balanced_accuracy': 0.578530748163742, 'precision': 0.5640565609632429, 'recall': 0.5649717514124294, 'f1': 0.5613795722329329}","{'accuracy': 0.586864406779661, 'balanced_accuracy': 0.6042451434993987, 'precision': 0.5900293292301694, 'recall': 0.586864406779661, 'f1': 0.5807446230330966}","{'accuracy': 0.5943462897526501, 'balanced_accuracy': 0.5985416518001031, 'precision': 0.5955987833989576, 'recall': 0.5943462897526501, 'f1': 0.5946851412764839}",0.5815811223573097,0.5917520096072544,0.5821722265550295,0.5815811223573097,0.579251905275533,0.012244241381485799,0.013858612896764592,0.013209660883955211,0.012244241381485799,0.012829533836126852
27,0.5798502939112403,2024-07-10 11:28:14.186075,2024-07-10 11:28:15.377181,0 days 00:00:01.191106,gini,8,2,10,COMPLETE,"{'accuracy': 0.5911016949152542, 'balanced_accuracy': 0.6043158727982924, 'precision': 0.59056147584104, 'recall': 0.5911016949152542, 'f1': 0.5889014678142325}","{'accuracy': 0.5741525423728814, 'balanced_accuracy': 0.5762854573289898, 'precision': 0.5743412927481646, 'recall': 0.5741525423728814, 'f1': 0.5742225568785579}","{'accuracy': 0.5649717514124294, 'balanced_accuracy': 0.578530748163742, 'precision': 0.5640565609632429, 'recall': 0.5649717514124294, 'f1': 0.5613795722329329}","{'accuracy': 0.58545197740113, 'balanced_accuracy': 0.6029704229830882, 'precision': 0.5883869013551412, 'recall': 0.58545197740113, 'f1': 0.5792334827589801}","{'accuracy': 0.5950530035335689, 'balanced_accuracy': 0.5990950848486921, 'precision': 0.5966172334658244, 'recall': 0.5950530035335689, 'f1': 0.5955143898714984}",0.5821461939270527,0.5922395172245609,0.5827926928746827,0.5821461939270527,0.5798502939112403,0.012415462913274989,0.013697188453337438,0.013278138828151955,0.012415462913274989,0.013233547244583112
28,0.5717846929927102,2024-07-10 11:28:15.378967,2024-07-10 11:28:17.155956,0 days 00:00:01.776989,gini,9,2,10,COMPLETE,"{'accuracy': 0.5677966101694916, 'balanced_accuracy': 0.5684963168541438, 'precision': 0.5697350939417745, 'recall': 0.5677966101694916, 'f1': 0.568524535878451}","{'accuracy': 0.577683615819209, 'balanced_accuracy': 0.5858760977369639, 'precision': 0.5742155175971564, 'recall': 0.577683615819209, 'f1': 0.5747520887273309}","{'accuracy': 0.5557909604519774, 'balanced_accuracy': 0.5655077982233344, 'precision': 0.5588319381430453, 'recall': 0.5557909604519774, 'f1': 0.5556871518312495}","{'accuracy': 0.5699152542372882, 'balanced_accuracy': 0.5798323140170127, 'precision': 0.5714184572337635, 'recall': 0.5699152542372882, 'f1': 0.568385317186304}","{'accuracy': 0.5908127208480566, 'balanced_accuracy': 0.5954947291919374, 'precision': 0.5932093804910646, 'recall': 0.5908127208480566, 'f1': 0.5915743713402156}",0.5723998323052045,0.5790414512046784,0.5734820774813609,0.5723998323052045,0.5717846929927102,0.012943823229223729,0.012373437630924373,0.012476271631024346,0.012943823229223729,0.013055190713575632
29,0.5800033931580253,2024-07-10 11:28:17.156956,2024-07-10 11:28:18.533651,0 days 00:00:01.376695,gini,8,3,9,COMPLETE,"{'accuracy': 0.5932203389830508, 'balanced_accuracy': 0.6069440022004055, 'precision': 0.5917605426207069, 'recall': 0.5932203389830508, 'f1': 0.5903381808687073}","{'accuracy': 0.5727401129943502, 'balanced_accuracy': 0.5749547853396352, 'precision': 0.5732270405999219, 'recall': 0.5727401129943502, 'f1': 0.5729549872748678}","{'accuracy': 0.5727401129943502, 'balanced_accuracy': 0.58568158968606, 'precision': 0.5717499260881084, 'recall': 0.5727401129943502, 'f1': 0.5691137347309223}","{'accuracy': 0.5805084745762712, 'balanced_accuracy': 0.5965012851122596, 'precision': 0.5831043617039209, 'recall': 0.5805084745762712, 'f1': 0.5748002103054025}","{'accuracy': 0.5929328621908128, 'balanced_accuracy': 0.5976026401220575, 'precision': 0.5932261515299662, 'recall': 0.5929328621908128, 'f1': 0.5928098526102267}",0.582428380347767,0.5923368604920836,0.5826136045085247,0.582428380347767,0.5800033931580253,0.01022523345418749,0.012297038490246827,0.010033201938660133,0.01022523345418749,0.01079526561364139
30,0.5688769694674359,2024-07-10 11:28:18.533651,2024-07-10 11:28:19.742239,0 days 00:00:01.208588,gini,10,3,10,COMPLETE,"{'accuracy': 0.5586158192090396, 'balanced_accuracy': 0.5574030415971702, 'precision': 0.5634205370860458, 'recall': 0.5586158192090396, 'f1': 0.5600851719697149}","{'accuracy': 0.5840395480225988, 'balanced_accuracy': 0.5859691805219278, 'precision': 0.5829765510587813, 'recall': 0.5840395480225988, 'f1': 0.5834462697831747}","{'accuracy': 0.5614406779661016, 'balanced_accuracy': 0.5676758649196056, 'precision': 0.5645363083123812, 'recall': 0.5614406779661016, 'f1': 0.5621158302539991}","{'accuracy': 0.5628531073446328, 'balanced_accuracy': 0.5701255663698436, 'precision': 0.5664007727473923, 'recall': 0.5628531073446328, 'f1': 0.5628965615355727}","{'accuracy': 0.5780918727915194, 'balanced_accuracy': 0.5856830839166006, 'precision': 0.5751028153944936, 'recall': 0.5780918727915194, 'f1': 0.5758410137947185}",0.5690082050667785,0.5733713474650296,0.5704873969198188,0.5690082050667785,0.5688769694674359,0.011309384030460758,0.012331308333009798,0.008356696707634578,0.011309384030460758,0.01024129399561456
31,0.5800033931580253,2024-07-10 11:28:19.743234,2024-07-10 11:28:20.793604,0 days 00:00:01.050370,gini,8,3,9,COMPLETE,"{'accuracy': 0.5932203389830508, 'balanced_accuracy': 0.6069440022004055, 'precision': 0.5917605426207069, 'recall': 0.5932203389830508, 'f1': 0.5903381808687073}","{'accuracy': 0.5727401129943502, 'balanced_accuracy': 0.5749547853396352, 'precision': 0.5732270405999219, 'recall': 0.5727401129943502, 'f1': 0.5729549872748678}","{'accuracy': 0.5727401129943502, 'balanced_accuracy': 0.58568158968606, 'precision': 0.5717499260881084, 'recall': 0.5727401129943502, 'f1': 0.5691137347309223}","{'accuracy': 0.5805084745762712, 'balanced_accuracy': 0.5965012851122596, 'precision': 0.5831043617039209, 'recall': 0.5805084745762712, 'f1': 0.5748002103054025}","{'accuracy': 0.5929328621908128, 'balanced_accuracy': 0.5976026401220575, 'precision': 0.5932261515299662, 'recall': 0.5929328621908128, 'f1': 0.5928098526102267}",0.582428380347767,0.5923368604920836,0.5826136045085247,0.582428380347767,0.5800033931580253,0.01022523345418749,0.012297038490246827,0.010033201938660133,0.01022523345418749,0.01079526561364139
32,0.5800033931580253,2024-07-10 11:28:20.794606,2024-07-10 11:28:21.850480,0 days 00:00:01.055874,gini,8,3,9,COMPLETE,"{'accuracy': 0.5932203389830508, 'balanced_accuracy': 0.6069440022004055, 'precision': 0.5917605426207069, 'recall': 0.5932203389830508, 'f1': 0.5903381808687073}","{'accuracy': 0.5727401129943502, 'balanced_accuracy': 0.5749547853396352, 'precision': 0.5732270405999219, 'recall': 0.5727401129943502, 'f1': 0.5729549872748678}","{'accuracy': 0.5727401129943502, 'balanced_accuracy': 0.58568158968606, 'precision': 0.5717499260881084, 'recall': 0.5727401129943502, 'f1': 0.5691137347309223}","{'accuracy': 0.5805084745762712, 'balanced_accuracy': 0.5965012851122596, 'precision': 0.5831043617039209, 'recall': 0.5805084745762712, 'f1': 0.5748002103054025}","{'accuracy': 0.5929328621908128, 'balanced_accuracy': 0.5976026401220575, 'precision': 0.5932261515299662, 'recall': 0.5929328621908128, 'f1': 0.5928098526102267}",0.582428380347767,0.5923368604920836,0.5826136045085247,0.582428380347767,0.5800033931580253,0.01022523345418749,0.012297038490246827,0.010033201938660133,0.01022523345418749,0.01079526561364139
33,0.5795607892495017,2024-07-10 11:28:21.850480,2024-07-10 11:28:22.936883,0 days 00:00:01.086403,gini,8,3,7,COMPLETE,"{'accuracy': 0.5918079096045198, 'balanced_accuracy': 0.6053895243188742, 'precision': 0.5908731625556121, 'recall': 0.5918079096045198, 'f1': 0.5893226489910252}","{'accuracy': 0.5699152542372882, 'balanced_accuracy': 0.5725172472531027, 'precision': 0.5700195934941161, 'recall': 0.5699152542372882, 'f1': 0.5699580276496723}","{'accuracy': 0.5748587570621468, 'balanced_accuracy': 0.5877335491431359, 'precision': 0.5736651208613616, 'recall': 0.5748587570621468, 'f1': 0.5709539113033903}","{'accuracy': 0.5812146892655368, 'balanced_accuracy': 0.597463033686753, 'precision': 0.5839424182526716, 'recall': 0.5812146892655368, 'f1': 0.5752852744178493}","{'accuracy': 0.592226148409894, 'balanced_accuracy': 0.596825401181292, 'precision': 0.5928634907691465, 'recall': 0.592226148409894, 'f1': 0.5922840838855711}",0.5820045517158772,0.5919857511166315,0.5822727571865816,0.5820045517158771,0.5795607892495017,0.009980283592131833,0.012551771164522153,0.010163043367831968,0.009980283592131833,0.010508895486771008
34,0.5691923012636504,2024-07-10 11:28:22.936883,2024-07-10 11:28:24.067323,0 days 00:00:01.130440,gini,9,4,10,COMPLETE,"{'accuracy': 0.5663841807909604, 'balanced_accuracy': 0.5662597519107454, 'precision': 0.5687470378482883, 'recall': 0.5663841807909604, 'f1': 0.5672236059935286}","{'accuracy': 0.5826271186440678, 'balanced_accuracy': 0.5921047745010205, 'precision': 0.5795426206271038, 'recall': 0.5826271186440678, 'f1': 0.579665301740808}","{'accuracy': 0.557909604519774, 'balanced_accuracy': 0.5674811651635129, 'precision': 0.5617642359873998, 'recall': 0.557909604519774, 'f1': 0.5580539548393851}","{'accuracy': 0.559322033898305, 'balanced_accuracy': 0.5685440514461632, 'precision': 0.5595471614286556, 'recall': 0.559322033898305, 'f1': 0.5572060179793135}","{'accuracy': 0.5830388692579506, 'balanced_accuracy': 0.5884557906157077, 'precision': 0.585703498626357, 'recall': 0.5830388692579506, 'f1': 0.5838126257652168}",0.5698563614222116,0.5765691067274299,0.5710609109035609,0.5698563614222116,0.5691923012636504,0.012274199037634013,0.01260877886537867,0.011299262974170032,0.012274199037634013,0.012196794011456067
35,0.5705473060686661,2024-07-10 11:28:24.068884,2024-07-10 11:28:25.269651,0 days 00:00:01.200767,log_loss,8,3,9,COMPLETE,"{'accuracy': 0.5699152542372882, 'balanced_accuracy': 0.5784395130201669, 'precision': 0.5711518707945633, 'recall': 0.5699152542372882, 'f1': 0.5696066581497795}","{'accuracy': 0.565677966101695, 'balanced_accuracy': 0.5737201279025289, 'precision': 0.5679308708834195, 'recall': 0.565677966101695, 'f1': 0.565885561193476}","{'accuracy': 0.5741525423728814, 'balanced_accuracy': 0.5881359746923767, 'precision': 0.5737971225608912, 'recall': 0.5741525423728814, 'f1': 0.5712389307720598}","{'accuracy': 0.5727401129943502, 'balanced_accuracy': 0.5953952816884315, 'precision': 0.5789802194794799, 'recall': 0.5727401129943502, 'f1': 0.5670142049213222}","{'accuracy': 0.5809187279151944, 'balanced_accuracy': 0.5900640557532534, 'precision': 0.5794564555744502, 'recall': 0.5809187279151944, 'f1': 0.5789911753066932}",0.5726809207242818,0.5851509906113515,0.5742633078585608,0.5726809207242819,0.5705473060686661,0.005628519474058076,0.008855822836549532,0.004980365594455038,0.005628519474058076,0.005169060841808565
36,0.5719966860070821,2024-07-10 11:28:25.270657,2024-07-10 11:28:26.444895,0 days 00:00:01.174238,gini,9,3,10,COMPLETE,"{'accuracy': 0.5734463276836158, 'balanced_accuracy': 0.5741154173913784, 'precision': 0.5750107270735652, 'recall': 0.5734463276836158, 'f1': 0.5740463354825721}","{'accuracy': 0.5798022598870056, 'balanced_accuracy': 0.5877042513018634, 'precision': 0.5767857112469112, 'recall': 0.5798022598870056, 'f1': 0.5771736939504692}","{'accuracy': 0.5572033898305084, 'balanced_accuracy': 0.5672074894801447, 'precision': 0.5604183311551656, 'recall': 0.5572033898305084, 'f1': 0.5570891428663988}","{'accuracy': 0.5649717514124294, 'balanced_accuracy': 0.5740845594664999, 'precision': 0.567239858474678, 'recall': 0.5649717514124294, 'f1': 0.5638477687430927}","{'accuracy': 0.5872791519434629, 'balanced_accuracy': 0.5926907358025365, 'precision': 0.5892672122934947, 'recall': 0.5872791519434629, 'f1': 0.5878264889928778}",0.5725405761514044,0.5791604906884846,0.5737443680487629,0.5725405761514044,0.5719966860070821,0.011866912457158459,0.0106084336555299,0.0108593741896541,0.011866912457158459,0.011939690446720717
37,0.574439065855493,2024-07-10 11:28:26.445893,2024-07-10 11:28:27.475948,0 days 00:00:01.030055,gini,6,4,7,COMPLETE,"{'accuracy': 0.5918079096045198, 'balanced_accuracy': 0.6036170346692357, 'precision': 0.590100076518687, 'recall': 0.5918079096045198, 'f1': 0.5893902724517505}","{'accuracy': 0.565677966101695, 'balanced_accuracy': 0.5819876719813691, 'precision': 0.5570865526059853, 'recall': 0.565677966101695, 'f1': 0.5548249444544023}","{'accuracy': 0.5677966101694916, 'balanced_accuracy': 0.5751912338584892, 'precision': 0.5656144144588694, 'recall': 0.5677966101694916, 'f1': 0.5663980974226072}","{'accuracy': 0.5734463276836158, 'balanced_accuracy': 0.586821862065023, 'precision': 0.5724307751146219, 'recall': 0.5734463276836158, 'f1': 0.5706515124075612}","{'accuracy': 0.5978798586572438, 'balanced_accuracy': 0.6170361722561251, 'precision': 0.5946250421312075, 'recall': 0.5978798586572438, 'f1': 0.5909305025411441}",0.5793217344433133,0.5929307949660484,0.5759713721658744,0.5793217344433133,0.574439065855493,0.014610012433043,0.017080895493407185,0.0160001445313656,0.014610012433043,0.015485659135448039
38,0.5626901471299305,2024-07-10 11:28:27.476946,2024-07-10 11:28:28.802662,0 days 00:00:01.325716,log_loss,10,3,9,COMPLETE,"{'accuracy': 0.5614406779661016, 'balanced_accuracy': 0.5682520348646426, 'precision': 0.5640292369705167, 'recall': 0.5614406779661016, 'f1': 0.5616530845906484}","{'accuracy': 0.568502824858757, 'balanced_accuracy': 0.5737423855360048, 'precision': 0.5670038091441305, 'recall': 0.568502824858757, 'f1': 0.567237402980958}","{'accuracy': 0.5614406779661016, 'balanced_accuracy': 0.5757016456184946, 'precision': 0.5608715427984681, 'recall': 0.5614406779661016, 'f1': 0.558074334321051}","{'accuracy': 0.5663841807909604, 'balanced_accuracy': 0.5783567162101624, 'precision': 0.5721563809554824, 'recall': 0.5663841807909604, 'f1': 0.5654233177437871}","{'accuracy': 0.5646643109540636, 'balanced_accuracy': 0.5743859538775125, 'precision': 0.5628570199733618, 'recall': 0.5646643109540636, 'f1': 0.561062596013208}",0.5644865345071969,0.5740877472213632,0.5653835979683919,0.5644865345071968,0.5626901471299305,0.0030950661628324906,0.0037112162722434806,0.004389538858985727,0.0030950661628324906,0.003646159164576337
39,0.4993230211808803,2024-07-10 11:28:28.802662,2024-07-10 11:28:29.341637,0 days 00:00:00.538975,gini,2,3,10,COMPLETE,"{'accuracy': 0.5451977401129944, 'balanced_accuracy': 0.5853501446356154, 'precision': 0.5260950773364723, 'recall': 0.5451977401129944, 'f1': 0.49038680839410986}","{'accuracy': 0.5360169491525424, 'balanced_accuracy': 0.5718722948084173, 'precision': 0.5234445524280018, 'recall': 0.5360169491525424, 'f1': 0.5153921945574291}","{'accuracy': 0.5501412429378532, 'balanced_accuracy': 0.5908407828647609, 'precision': 0.5437690521149335, 'recall': 0.5501412429378532, 'f1': 0.4926641765707354}","{'accuracy': 0.5543785310734464, 'balanced_accuracy': 0.5916615223570821, 'precision': 0.5443502155820458, 'recall': 0.5543785310734464, 'f1': 0.5070030057022252}","{'accuracy': 0.5484098939929328, 'balanced_accuracy': 0.588908251174203, 'precision': 0.5375527803929352, 'recall': 0.5484098939929328, 'f1': 0.49116892067990187}",0.5468288714539538,0.5857265991680158,0.5350423355708778,0.5468288714539539,0.4993230211808803,0.006892514976217381,0.008117643822809691,0.009793576324426977,0.006892514976217381,0.011268162680160364
40,0.5788126917670456,2024-07-10 11:28:29.342665,2024-07-10 11:28:30.422952,0 days 00:00:01.080287,gini,8,4,8,COMPLETE,"{'accuracy': 0.5903954802259888, 'balanced_accuracy': 0.60398624564188, 'precision': 0.5892022264517394, 'recall': 0.5903954802259888, 'f1': 0.5877330391209108}","{'accuracy': 0.5790960451977402, 'balanced_accuracy': 0.5817034888704957, 'precision': 0.5779482490634701, 'recall': 0.5790960451977402, 'f1': 0.578438209555193}","{'accuracy': 0.5713276836158192, 'balanced_accuracy': 0.5834783351718521, 'precision': 0.5714289104050837, 'recall': 0.5713276836158192, 'f1': 0.5687770802178133}","{'accuracy': 0.577683615819209, 'balanced_accuracy': 0.5939518440796387, 'precision': 0.5797790049568576, 'recall': 0.577683615819209, 'f1': 0.5716615943430414}","{'accuracy': 0.5872791519434629, 'balanced_accuracy': 0.5920370229458741, 'precision': 0.588148503727857, 'recall': 0.5872791519434629, 'f1': 0.5874535355982694}",0.5811563953604441,0.5910313873419482,0.5813013789210016,0.581156395360444,0.5788126917670456,0.007677200863946752,0.0089641928118743,0.007421813234489641,0.007677200863946752,0.008749695844583499
41,0.5800033931580253,2024-07-10 11:28:30.423954,2024-07-10 11:28:31.474962,0 days 00:00:01.051008,gini,8,3,9,COMPLETE,"{'accuracy': 0.5932203389830508, 'balanced_accuracy': 0.6069440022004055, 'precision': 0.5917605426207069, 'recall': 0.5932203389830508, 'f1': 0.5903381808687073}","{'accuracy': 0.5727401129943502, 'balanced_accuracy': 0.5749547853396352, 'precision': 0.5732270405999219, 'recall': 0.5727401129943502, 'f1': 0.5729549872748678}","{'accuracy': 0.5727401129943502, 'balanced_accuracy': 0.58568158968606, 'precision': 0.5717499260881084, 'recall': 0.5727401129943502, 'f1': 0.5691137347309223}","{'accuracy': 0.5805084745762712, 'balanced_accuracy': 0.5965012851122596, 'precision': 0.5831043617039209, 'recall': 0.5805084745762712, 'f1': 0.5748002103054025}","{'accuracy': 0.5929328621908128, 'balanced_accuracy': 0.5976026401220575, 'precision': 0.5932261515299662, 'recall': 0.5929328621908128, 'f1': 0.5928098526102267}",0.582428380347767,0.5923368604920836,0.5826136045085247,0.582428380347767,0.5800033931580253,0.01022523345418749,0.012297038490246827,0.010033201938660133,0.01022523345418749,0.01079526561364139
42,0.5800033931580253,2024-07-10 11:28:31.475965,2024-07-10 11:28:32.522199,0 days 00:00:01.046234,gini,8,3,9,COMPLETE,"{'accuracy': 0.5932203389830508, 'balanced_accuracy': 0.6069440022004055, 'precision': 0.5917605426207069, 'recall': 0.5932203389830508, 'f1': 0.5903381808687073}","{'accuracy': 0.5727401129943502, 'balanced_accuracy': 0.5749547853396352, 'precision': 0.5732270405999219, 'recall': 0.5727401129943502, 'f1': 0.5729549872748678}","{'accuracy': 0.5727401129943502, 'balanced_accuracy': 0.58568158968606, 'precision': 0.5717499260881084, 'recall': 0.5727401129943502, 'f1': 0.5691137347309223}","{'accuracy': 0.5805084745762712, 'balanced_accuracy': 0.5965012851122596, 'precision': 0.5831043617039209, 'recall': 0.5805084745762712, 'f1': 0.5748002103054025}","{'accuracy': 0.5929328621908128, 'balanced_accuracy': 0.5976026401220575, 'precision': 0.5932261515299662, 'recall': 0.5929328621908128, 'f1': 0.5928098526102267}",0.582428380347767,0.5923368604920836,0.5826136045085247,0.582428380347767,0.5800033931580253,0.01022523345418749,0.012297038490246827,0.010033201938660133,0.01022523345418749,0.01079526561364139
43,0.5776095698991999,2024-07-10 11:28:32.523199,2024-07-10 11:28:33.485943,0 days 00:00:00.962744,gini,7,3,9,COMPLETE,"{'accuracy': 0.588276836158192, 'balanced_accuracy': 0.5944013993579754, 'precision': 0.5874141911358262, 'recall': 0.588276836158192, 'f1': 0.5875805409938759}","{'accuracy': 0.5628531073446328, 'balanced_accuracy': 0.561971227510271, 'precision': 0.5665483398582382, 'recall': 0.5628531073446328, 'f1': 0.5641036634883995}","{'accuracy': 0.5826271186440678, 'balanced_accuracy': 0.6000959424975394, 'precision': 0.5888759414728203, 'recall': 0.5826271186440678, 'f1': 0.5797645279630952}","{'accuracy': 0.5720338983050848, 'balanced_accuracy': 0.5944907868601614, 'precision': 0.5711182891223622, 'recall': 0.5720338983050848, 'f1': 0.5584789981237877}","{'accuracy': 0.5992932862190813, 'balanced_accuracy': 0.6091957409256161, 'precision': 0.5990319377742759, 'recall': 0.5992932862190813, 'f1': 0.5981201189268409}",0.5810168493342117,0.5920310194303127,0.5825977398727046,0.5810168493342117,0.5776095698991999,0.014141635808817688,0.01785308723427292,0.01343556762034659,0.014141635808817688,0.016379369757981974
44,0.5649733981199512,2024-07-10 11:28:33.485943,2024-07-10 11:28:34.723462,0 days 00:00:01.237519,log_loss,9,3,8,COMPLETE,"{'accuracy': 0.5572033898305084, 'balanced_accuracy': 0.5661277562777104, 'precision': 0.5616801484063084, 'recall': 0.5572033898305084, 'f1': 0.5575136411626304}","{'accuracy': 0.567090395480226, 'balanced_accuracy': 0.5736699705535542, 'precision': 0.5664390258772435, 'recall': 0.567090395480226, 'f1': 0.5662983679678569}","{'accuracy': 0.559322033898305, 'balanced_accuracy': 0.573471162356949, 'precision': 0.5555625188069037, 'recall': 0.559322033898305, 'f1': 0.5543216415299582}","{'accuracy': 0.5692090395480226, 'balanced_accuracy': 0.5844784611419929, 'precision': 0.5897037272696523, 'recall': 0.5692090395480226, 'f1': 0.5683385640639412}","{'accuracy': 0.5851590106007067, 'balanced_accuracy': 0.6018637978548115, 'precision': 0.5858631306418539, 'recall': 0.5851590106007067, 'f1': 0.5783947758753694}",0.5675967738715537,0.5799222296370036,0.5718497102003923,0.5675967738715537,0.5649733981199512,0.011042890609653222,0.013903112685136295,0.01510885479938163,0.011042890609653222,0.009517367809652502
45,0.5772788190525417,2024-07-10 11:28:34.724464,2024-07-10 11:28:35.708714,0 days 00:00:00.984250,gini,7,3,7,COMPLETE,"{'accuracy': 0.5889830508474576, 'balanced_accuracy': 0.5950667353526526, 'precision': 0.5880584671986729, 'recall': 0.5889830508474576, 'f1': 0.5882479312546497}","{'accuracy': 0.5628531073446328, 'balanced_accuracy': 0.561971227510271, 'precision': 0.5665483398582382, 'recall': 0.5628531073446328, 'f1': 0.5641036634883995}","{'accuracy': 0.5826271186440678, 'balanced_accuracy': 0.6000959424975394, 'precision': 0.5888759414728203, 'recall': 0.5826271186440678, 'f1': 0.5797645279630952}","{'accuracy': 0.5699152542372882, 'balanced_accuracy': 0.5926066818222179, 'precision': 0.5686101168430117, 'recall': 0.5699152542372882, 'f1': 0.5560864223097336}","{'accuracy': 0.5992932862190813, 'balanced_accuracy': 0.6091397894525721, 'precision': 0.5990945807657949, 'recall': 0.5992932862190813, 'f1': 0.5981915502468312}",0.5807343634585055,0.5917760753270506,0.5822374892277076,0.5807343634585055,0.5772788190525417,0.014601792907180002,0.017822500258821115,0.014088728242120166,0.014601792907180002,0.017223130530909455
46,0.5800033931580253,2024-07-10 11:28:35.708714,2024-07-10 11:28:36.780702,0 days 00:00:01.071988,gini,8,3,9,COMPLETE,"{'accuracy': 0.5932203389830508, 'balanced_accuracy': 0.6069440022004055, 'precision': 0.5917605426207069, 'recall': 0.5932203389830508, 'f1': 0.5903381808687073}","{'accuracy': 0.5727401129943502, 'balanced_accuracy': 0.5749547853396352, 'precision': 0.5732270405999219, 'recall': 0.5727401129943502, 'f1': 0.5729549872748678}","{'accuracy': 0.5727401129943502, 'balanced_accuracy': 0.58568158968606, 'precision': 0.5717499260881084, 'recall': 0.5727401129943502, 'f1': 0.5691137347309223}","{'accuracy': 0.5805084745762712, 'balanced_accuracy': 0.5965012851122596, 'precision': 0.5831043617039209, 'recall': 0.5805084745762712, 'f1': 0.5748002103054025}","{'accuracy': 0.5929328621908128, 'balanced_accuracy': 0.5976026401220575, 'precision': 0.5932261515299662, 'recall': 0.5929328621908128, 'f1': 0.5928098526102267}",0.582428380347767,0.5923368604920836,0.5826136045085247,0.582428380347767,0.5800033931580253,0.01022523345418749,0.012297038490246827,0.010033201938660133,0.01022523345418749,0.01079526561364139
47,0.574439065855493,2024-07-10 11:28:36.781700,2024-07-10 11:28:37.714927,0 days 00:00:00.933227,gini,6,4,8,COMPLETE,"{'accuracy': 0.5918079096045198, 'balanced_accuracy': 0.6036170346692357, 'precision': 0.590100076518687, 'recall': 0.5918079096045198, 'f1': 0.5893902724517505}","{'accuracy': 0.565677966101695, 'balanced_accuracy': 0.5819876719813691, 'precision': 0.5570865526059853, 'recall': 0.565677966101695, 'f1': 0.5548249444544023}","{'accuracy': 0.5677966101694916, 'balanced_accuracy': 0.5751912338584892, 'precision': 0.5656144144588694, 'recall': 0.5677966101694916, 'f1': 0.5663980974226072}","{'accuracy': 0.5734463276836158, 'balanced_accuracy': 0.586821862065023, 'precision': 0.5724307751146219, 'recall': 0.5734463276836158, 'f1': 0.5706515124075612}","{'accuracy': 0.5978798586572438, 'balanced_accuracy': 0.6170361722561251, 'precision': 0.5946250421312075, 'recall': 0.5978798586572438, 'f1': 0.5909305025411441}",0.5793217344433133,0.5929307949660484,0.5759713721658744,0.5793217344433133,0.574439065855493,0.014610012433043,0.017080895493407185,0.0160001445313656,0.014610012433043,0.015485659135448039
48,0.5660774041505263,2024-07-10 11:28:37.715930,2024-07-10 11:28:38.910094,0 days 00:00:01.194164,gini,10,3,6,COMPLETE,"{'accuracy': 0.5543785310734464, 'balanced_accuracy': 0.5531146130492902, 'precision': 0.561207600794761, 'recall': 0.5543785310734464, 'f1': 0.5562916507763519}","{'accuracy': 0.5833333333333334, 'balanced_accuracy': 0.5853597960002946, 'precision': 0.5820192020371767, 'recall': 0.5833333333333334, 'f1': 0.5825632218785367}","{'accuracy': 0.5536723163841808, 'balanced_accuracy': 0.5601000526567881, 'precision': 0.5577882959647693, 'recall': 0.5536723163841808, 'f1': 0.5545605376169862}","{'accuracy': 0.5642655367231638, 'balanced_accuracy': 0.5720490635188304, 'precision': 0.5670000919830577, 'recall': 0.5642655367231638, 'f1': 0.5638435923125027}","{'accuracy': 0.5752650176678445, 'balanced_accuracy': 0.5834516469023772, 'precision': 0.5728224686305236, 'recall': 0.5752650176678445, 'f1': 0.5731280181682543}",0.5661829470363938,0.5708150344255161,0.5681675318820576,0.5661829470363938,0.5660774041505263,0.013001503133682016,0.014149846670200965,0.009631579531713102,0.013001503133682016,0.011777971423035898
49,0.5705473060686661,2024-07-10 11:28:38.911101,2024-07-10 11:28:40.068462,0 days 00:00:01.157361,log_loss,8,3,9,COMPLETE,"{'accuracy': 0.5699152542372882, 'balanced_accuracy': 0.5784395130201669, 'precision': 0.5711518707945633, 'recall': 0.5699152542372882, 'f1': 0.5696066581497795}","{'accuracy': 0.565677966101695, 'balanced_accuracy': 0.5737201279025289, 'precision': 0.5679308708834195, 'recall': 0.565677966101695, 'f1': 0.565885561193476}","{'accuracy': 0.5741525423728814, 'balanced_accuracy': 0.5881359746923767, 'precision': 0.5737971225608912, 'recall': 0.5741525423728814, 'f1': 0.5712389307720598}","{'accuracy': 0.5727401129943502, 'balanced_accuracy': 0.5953952816884315, 'precision': 0.5789802194794799, 'recall': 0.5727401129943502, 'f1': 0.5670142049213222}","{'accuracy': 0.5809187279151944, 'balanced_accuracy': 0.5900640557532534, 'precision': 0.5794564555744502, 'recall': 0.5809187279151944, 'f1': 0.5789911753066932}",0.5726809207242818,0.5851509906113515,0.5742633078585608,0.5726809207242819,0.5705473060686661,0.005628519474058076,0.008855822836549532,0.004980365594455038,0.005628519474058076,0.005169060841808565
