number,value,datetime_start,datetime_complete,duration,params_metric,params_n_neighbors,params_weights,state,fold_0,fold_1,fold_2,fold_3,fold_4,accuracy,balanced_accuracy,precision,recall,f1,accuracy_std,balanced_accuracy_std,precision_std,recall_std,f1_std
0,0.6490996433350554,2024-07-24 17:28:10.436359,2024-07-24 17:29:03.272816,0 days 00:00:52.836457,cityblock,189,uniform,COMPLETE,"{'accuracy': 0.6858247422680412, 'balanced_accuracy': 0.662288060087063, 'precision': 0.6877524604013753, 'recall': 0.6858247422680412, 'f1': 0.6605485334148089}","{'accuracy': 0.6778350515463918, 'balanced_accuracy': 0.6549867433060005, 'precision': 0.6731842197918293, 'recall': 0.6778350515463918, 'f1': 0.6525362422680323}","{'accuracy': 0.6713917525773195, 'balanced_accuracy': 0.6484650444737712, 'precision': 0.6652368759492725, 'recall': 0.6713917525773195, 'f1': 0.6468849397374409}","{'accuracy': 0.6605670103092783, 'balanced_accuracy': 0.6361605147117523, 'precision': 0.6516550340848704, 'recall': 0.6605670103092783, 'f1': 0.6307609442436756}","{'accuracy': 0.6804123711340206, 'balanced_accuracy': 0.6572738681956688, 'precision': 0.6792131213444794, 'recall': 0.6804123711340206, 'f1': 0.6547675570113193}",0.6752061855670103,0.6518348461548511,0.6714083423143654,0.6752061855670103,0.6490996433350554,0.009690516010101556,0.010072578213675463,0.013779320517272469,0.009690516010101556,0.011360296410255516
1,0.6919196953925877,2024-07-24 17:29:03.273816,2024-07-24 17:29:09.316725,0 days 00:00:06.042909,euclidean,31,uniform,COMPLETE,"{'accuracy': 0.7095360824742268, 'balanced_accuracy': 0.6944889113236231, 'precision': 0.7039125196989711, 'recall': 0.7095360824742268, 'f1': 0.7003420740999489}","{'accuracy': 0.7030927835051546, 'balanced_accuracy': 0.6882662746291911, 'precision': 0.6949415233897995, 'recall': 0.7030927835051546, 'f1': 0.6930012492061461}","{'accuracy': 0.6935567010309278, 'balanced_accuracy': 0.6767469882438665, 'precision': 0.6851073576439543, 'recall': 0.6935567010309278, 'f1': 0.682872492937178}","{'accuracy': 0.6938144329896907, 'balanced_accuracy': 0.6781691887783808, 'precision': 0.6857771857743504, 'recall': 0.6938144329896907, 'f1': 0.6839654058432865}","{'accuracy': 0.7085051546391753, 'balanced_accuracy': 0.6935882639484124, 'precision': 0.7009881029612114, 'recall': 0.7085051546391753, 'f1': 0.6994172548763794}",0.7017010309278351,0.6862519253846948,0.6941453378936573,0.7017010309278351,0.6919196953925877,0.007716048923476221,0.008387518477722443,0.008581466110431545,0.007716048923476221,0.008268044122676815
2,0.6002142688573668,2024-07-24 17:29:09.317725,2024-07-24 17:29:16.868856,0 days 00:00:07.551131,euclidean,417,uniform,COMPLETE,"{'accuracy': 0.6420103092783506, 'balanced_accuracy': 0.6105065430284657, 'precision': 0.6460724407728378, 'recall': 0.6420103092783506, 'f1': 0.592452930335464}","{'accuracy': 0.6469072164948454, 'balanced_accuracy': 0.6172077553834451, 'precision': 0.6390514535288144, 'recall': 0.6469072164948454, 'f1': 0.6026685979658548}","{'accuracy': 0.6451030927835052, 'balanced_accuracy': 0.6134721173564753, 'precision': 0.6300579656935485, 'recall': 0.6451030927835052, 'f1': 0.5987320768015477}","{'accuracy': 0.6438144329896908, 'balanced_accuracy': 0.612551372091409, 'precision': 0.6312303350693914, 'recall': 0.6438144329896908, 'f1': 0.5960592687210187}","{'accuracy': 0.656701030927835, 'balanced_accuracy': 0.6258905767051564, 'precision': 0.6624689285238999, 'recall': 0.656701030927835, 'f1': 0.6111584704629492}",0.6469072164948454,0.6159256729129904,0.6417762247176985,0.6469072164948454,0.6002142688573668,0.005760179546037868,0.006076920532986873,0.013253331885480108,0.005760179546037868,0.007167610746116236
3,0.649208050060109,2024-07-24 17:29:16.869856,2024-07-24 17:29:23.215002,0 days 00:00:06.345146,euclidean,218,distance,COMPLETE,"{'accuracy': 0.6824742268041237, 'balanced_accuracy': 0.6582290652914936, 'precision': 0.6826420203122098, 'recall': 0.6824742268041237, 'f1': 0.6585571019185523}","{'accuracy': 0.6693298969072164, 'balanced_accuracy': 0.6444303376546339, 'precision': 0.6602940124501664, 'recall': 0.6693298969072164, 'f1': 0.6412930048973362}","{'accuracy': 0.6737113402061856, 'balanced_accuracy': 0.648677094540303, 'precision': 0.6660594712217444, 'recall': 0.6737113402061856, 'f1': 0.648866832838831}","{'accuracy': 0.668041237113402, 'balanced_accuracy': 0.6423640253863718, 'precision': 0.6588973970492962, 'recall': 0.668041237113402, 'f1': 0.6399903948382705}","{'accuracy': 0.6832474226804124, 'balanced_accuracy': 0.6583215774101695, 'precision': 0.6792441409945725, 'recall': 0.6832474226804124, 'f1': 0.657332915807555}",0.675360824742268,0.6504044200565943,0.6694274084055979,0.6753608247422681,0.649208050060109,0.007167080451177087,0.0075370371176425935,0.010916011958159492,0.007167080451177087,0.008676804581402667
4,0.6223436345452168,2024-07-24 17:29:23.216003,2024-07-24 17:29:35.999446,0 days 00:00:12.783443,cosine,230,uniform,COMPLETE,"{'accuracy': 0.6505154639175258, 'balanced_accuracy': 0.6260498507400967, 'precision': 0.6445759718910381, 'recall': 0.6505154639175258, 'f1': 0.6229282729173072}","{'accuracy': 0.6461340206185567, 'balanced_accuracy': 0.6212275374005319, 'precision': 0.6287259448799866, 'recall': 0.6461340206185567, 'f1': 0.6174108757087661}","{'accuracy': 0.6536082474226804, 'balanced_accuracy': 0.629444872463051, 'precision': 0.6425329068994292, 'recall': 0.6536082474226804, 'f1': 0.6275866533830188}","{'accuracy': 0.6461340206185567, 'balanced_accuracy': 0.6200200017313137, 'precision': 0.6331321040725355, 'recall': 0.6461340206185567, 'f1': 0.6158528705170343}","{'accuracy': 0.6551546391752577, 'balanced_accuracy': 0.6309872208649651, 'precision': 0.6440815655105432, 'recall': 0.6551546391752577, 'f1': 0.6279395001999574}",0.6503092783505154,0.6255458966399916,0.6386096986507065,0.6503092783505154,0.6223436345452168,0.0041613935528153805,0.004854063570552952,0.007221875401098227,0.0041613935528153805,0.005603723949163241
5,0.6061623601866849,2024-07-24 17:29:35.999446,2024-07-24 17:29:48.708346,0 days 00:00:12.708900,cosine,305,uniform,COMPLETE,"{'accuracy': 0.6391752577319587, 'balanced_accuracy': 0.6120427666875566, 'precision': 0.6341887406449778, 'recall': 0.6391752577319587, 'f1': 0.6049460026572652}","{'accuracy': 0.6368556701030927, 'balanced_accuracy': 0.6102658801200923, 'precision': 0.6173160896726745, 'recall': 0.6368556701030927, 'f1': 0.6033114141456808}","{'accuracy': 0.6448453608247423, 'balanced_accuracy': 0.6189152739426027, 'precision': 0.6315584641563979, 'recall': 0.6448453608247423, 'f1': 0.6143804491127255}","{'accuracy': 0.636340206185567, 'balanced_accuracy': 0.6086169550729216, 'precision': 0.6205463843579785, 'recall': 0.636340206185567, 'f1': 0.6015954321308831}","{'accuracy': 0.6404639175257731, 'balanced_accuracy': 0.6136692540916986, 'precision': 0.627492601746154, 'recall': 0.6404639175257731, 'f1': 0.6065785028868695}",0.6395360824742268,0.6127020259829743,0.6262204561156365,0.6395360824742268,0.6061623601866849,0.0034123944933327297,0.003955920065108861,0.0071604656753352655,0.0034123944933327297,0.004954150057734196
6,0.6612102354550888,2024-07-24 17:29:48.709347,2024-07-24 17:29:54.852091,0 days 00:00:06.142744,euclidean,154,distance,COMPLETE,"{'accuracy': 0.6873711340206186, 'balanced_accuracy': 0.6651477738398165, 'precision': 0.6820115239451844, 'recall': 0.6873711340206186, 'f1': 0.6680655448094678}","{'accuracy': 0.6829896907216495, 'balanced_accuracy': 0.6602046917588712, 'precision': 0.6751654186117234, 'recall': 0.6829896907216495, 'f1': 0.6601363488183629}","{'accuracy': 0.6760309278350516, 'balanced_accuracy': 0.6529751765844115, 'precision': 0.6675384110206988, 'recall': 0.6760309278350516, 'f1': 0.6554243882055805}","{'accuracy': 0.6770618556701031, 'balanced_accuracy': 0.6534389990076478, 'precision': 0.6702138194560836, 'recall': 0.6770618556701031, 'f1': 0.6533156778729124}","{'accuracy': 0.6899484536082474, 'balanced_accuracy': 0.6677867115884726, 'precision': 0.6829841911007867, 'recall': 0.6899484536082474, 'f1': 0.66910921756912}",0.6826804123711341,0.659910670555844,0.6755826728268954,0.6826804123711339,0.6612102354550888,0.00613813428725944,0.00669942779045313,0.006888784999255344,0.00613813428725944,0.0071823130867343255
7,0.7189681123921249,2024-07-24 17:29:54.853091,2024-07-24 17:30:46.636745,0 days 00:00:51.783654,cityblock,20,uniform,COMPLETE,"{'accuracy': 0.7353092783505155, 'balanced_accuracy': 0.7213249226845345, 'precision': 0.7332070464709393, 'recall': 0.7353092783505155, 'f1': 0.7268307200420039}","{'accuracy': 0.7288659793814433, 'balanced_accuracy': 0.7151757088865076, 'precision': 0.7238645860494455, 'recall': 0.7288659793814433, 'f1': 0.7201425562337167}","{'accuracy': 0.7224226804123711, 'balanced_accuracy': 0.7083116735955298, 'precision': 0.7168842595330477, 'recall': 0.7224226804123711, 'f1': 0.713886969359773}","{'accuracy': 0.722680412371134, 'balanced_accuracy': 0.7077404118704266, 'precision': 0.7170642534464766, 'recall': 0.722680412371134, 'f1': 0.7123613185320314}","{'accuracy': 0.7306701030927835, 'balanced_accuracy': 0.7170527791603895, 'precision': 0.7245630961102144, 'recall': 0.7306701030927835, 'f1': 0.7216189977930992}",0.7279896907216494,0.7139210992394776,0.7231166483220247,0.7279896907216495,0.7189681123921249,0.00549338001002397,0.005828048955438765,0.0067071214130617115,0.00549338001002397,0.005909628804482435
8,0.6539080692633439,2024-07-24 17:30:46.637745,2024-07-24 17:30:58.992876,0 days 00:00:12.355131,cosine,275,distance,COMPLETE,"{'accuracy': 0.6793814432989691, 'balanced_accuracy': 0.6583987089570914, 'precision': 0.6808242458663437, 'recall': 0.6793814432989691, 'f1': 0.65928838057976}","{'accuracy': 0.6737113402061856, 'balanced_accuracy': 0.6512613596637261, 'precision': 0.6657804098159167, 'recall': 0.6737113402061856, 'f1': 0.6496595575906345}","{'accuracy': 0.6719072164948454, 'balanced_accuracy': 0.6498418099316953, 'precision': 0.6632976890331331, 'recall': 0.6719072164948454, 'f1': 0.6508504770910579}","{'accuracy': 0.6713917525773195, 'balanced_accuracy': 0.648431783585545, 'precision': 0.6662340927597776, 'recall': 0.6713917525773195, 'f1': 0.6483186509889157}","{'accuracy': 0.6832474226804124, 'balanced_accuracy': 0.6614078406521428, 'precision': 0.6795759964307142, 'recall': 0.6832474226804124, 'f1': 0.661423280066351}",0.6759278350515464,0.6538683005580401,0.671142486781177,0.6759278350515464,0.6539080692633439,0.005175858387125305,0.005699424301530219,0.00835532161185977,0.005175858387125305,0.006001384449584812
9,0.6161089374484247,2024-07-24 17:30:58.993877,2024-07-24 17:31:06.154408,0 days 00:00:07.160531,euclidean,300,uniform,COMPLETE,"{'accuracy': 0.6520618556701031, 'balanced_accuracy': 0.6227515797594018, 'precision': 0.6522651328015361, 'recall': 0.6520618556701031, 'f1': 0.6122905329001632}","{'accuracy': 0.6510309278350516, 'balanced_accuracy': 0.6232588438364252, 'precision': 0.6391017336802272, 'recall': 0.6510309278350516, 'f1': 0.6137335894733883}","{'accuracy': 0.6559278350515464, 'balanced_accuracy': 0.6264077798144905, 'precision': 0.6451732187860343, 'recall': 0.6559278350515464, 'f1': 0.6186542754444884}","{'accuracy': 0.6518041237113402, 'balanced_accuracy': 0.6221138610620699, 'precision': 0.6411510185846616, 'recall': 0.6518041237113402, 'f1': 0.6113980678060612}","{'accuracy': 0.6631443298969072, 'balanced_accuracy': 0.6338473100715456, 'precision': 0.6612040927701253, 'recall': 0.6631443298969072, 'f1': 0.6244682216180224}",0.6547938144329897,0.6256758749087866,0.6477790393245169,0.6547938144329897,0.6161089374484247,0.005039302434826896,0.004857713489385863,0.009032907720567437,0.005039302434826896,0.0054491091342146825
10,0.7294570537480609,2024-07-24 17:31:06.155409,2024-07-24 17:31:57.363594,0 days 00:00:51.208185,cityblock,13,distance,COMPLETE,"{'accuracy': 0.7404639175257732, 'balanced_accuracy': 0.729014685007062, 'precision': 0.7354239779743853, 'recall': 0.7404639175257732, 'f1': 0.7356289462734582}","{'accuracy': 0.7368556701030928, 'balanced_accuracy': 0.7267147116958402, 'precision': 0.7319935723533678, 'recall': 0.7368556701030928, 'f1': 0.73222308124713}","{'accuracy': 0.7291237113402061, 'balanced_accuracy': 0.7171418866233136, 'precision': 0.7233636560973663, 'recall': 0.7291237113402061, 'f1': 0.724235168440402}","{'accuracy': 0.7288659793814433, 'balanced_accuracy': 0.7176692287079466, 'precision': 0.7235255041812344, 'recall': 0.7288659793814433, 'f1': 0.7227488852855057}","{'accuracy': 0.7376288659793815, 'balanced_accuracy': 0.7264001713963079, 'precision': 0.7322217210486676, 'recall': 0.7376288659793815, 'f1': 0.7324491874938083}",0.7345876288659794,0.7233881366860941,0.7293056863310043,0.7345876288659794,0.7294570537480609,0.005280046642756757,0.005556933702782764,0.00551995723170223,0.005280046642756757,0.005633907172457338
11,0.720811897995668,2024-07-24 17:31:57.364595,2024-07-24 17:32:48.580514,0 days 00:00:51.215919,cityblock,5,distance,COMPLETE,"{'accuracy': 0.7265463917525773, 'balanced_accuracy': 0.7174891002602096, 'precision': 0.7232738636052343, 'recall': 0.7265463917525773, 'f1': 0.7243564940004544}","{'accuracy': 0.7239690721649484, 'balanced_accuracy': 0.7162823929400933, 'precision': 0.7215228101542137, 'recall': 0.7239690721649484, 'f1': 0.7222345622132325}","{'accuracy': 0.7224226804123711, 'balanced_accuracy': 0.7127675925510027, 'precision': 0.718907845030704, 'recall': 0.7224226804123711, 'f1': 0.7201286143137225}","{'accuracy': 0.7154639175257732, 'balanced_accuracy': 0.7079214306969064, 'precision': 0.7121242410973029, 'recall': 0.7154639175257732, 'f1': 0.7127698955954084}","{'accuracy': 0.7262886597938144, 'balanced_accuracy': 0.7172542593551309, 'precision': 0.72351012869581, 'recall': 0.7262886597938144, 'f1': 0.7245699238555223}",0.7229381443298969,0.7143429551606686,0.719867777716653,0.7229381443298969,0.720811897995668,0.004512149845363797,0.00405749564974965,0.00470348552251163,0.004512149845363797,0.0048438510472612216
12,0.6996169213170946,2024-07-24 17:32:48.581512,2024-07-24 17:33:40.342988,0 days 00:00:51.761476,cityblock,98,distance,COMPLETE,"{'accuracy': 0.7201030927835051, 'balanced_accuracy': 0.7022477193928077, 'precision': 0.7179120190950693, 'recall': 0.7201030927835051, 'f1': 0.7068756790912885}","{'accuracy': 0.7162371134020619, 'balanced_accuracy': 0.6989551245900136, 'precision': 0.7105081453245693, 'recall': 0.7162371134020619, 'f1': 0.7028515315349645}","{'accuracy': 0.7097938144329897, 'balanced_accuracy': 0.6923435423257166, 'precision': 0.7058063324233342, 'recall': 0.7097938144329897, 'f1': 0.6961371932693297}","{'accuracy': 0.7007731958762886, 'balanced_accuracy': 0.6832477336009563, 'precision': 0.6959091917604484, 'recall': 0.7007731958762886, 'f1': 0.6860658645505883}","{'accuracy': 0.7193298969072165, 'balanced_accuracy': 0.7022580715601769, 'precision': 0.7146487589655723, 'recall': 0.7193298969072165, 'f1': 0.7061543381393021}",0.7132474226804124,0.6958104382939342,0.7089568895137986,0.7132474226804123,0.6996169213170946,0.008069521364069231,0.008104636503879088,0.008590205831452605,0.008069521364069231,0.008683745349339885
13,0.7017808473871393,2024-07-24 17:33:40.343987,2024-07-24 17:34:32.113597,0 days 00:00:51.769610,cityblock,92,distance,COMPLETE,"{'accuracy': 0.7237113402061855, 'balanced_accuracy': 0.7061879878633791, 'precision': 0.7212184820151808, 'recall': 0.7237113402061855, 'f1': 0.710848320810489}","{'accuracy': 0.7175257731958763, 'balanced_accuracy': 0.700035271489992, 'precision': 0.7116234413294493, 'recall': 0.7175257731958763, 'f1': 0.7040526138530977}","{'accuracy': 0.7095360824742268, 'balanced_accuracy': 0.6923305843654143, 'precision': 0.7054886009913274, 'recall': 0.7095360824742268, 'f1': 0.6962725688495753}","{'accuracy': 0.702061855670103, 'balanced_accuracy': 0.6846686741490043, 'precision': 0.696594553004523, 'recall': 0.702061855670103, 'f1': 0.6877995431561057}","{'accuracy': 0.7224226804123711, 'balanced_accuracy': 0.7058902740360106, 'precision': 0.7173765016003096, 'recall': 0.7224226804123711, 'f1': 0.7099311902664288}",0.7150515463917525,0.69782255838076,0.710460315788158,0.7150515463917526,0.7017808473871393,0.009146035359737742,0.00926216759989364,0.00977115593691872,0.009146035359737742,0.009741997827154054
14,0.7320007921265139,2024-07-24 17:34:32.114596,2024-07-24 17:35:23.333210,0 days 00:00:51.218614,cityblock,14,distance,COMPLETE,"{'accuracy': 0.7466494845360825, 'balanced_accuracy': 0.7359131081827129, 'precision': 0.7422709338500039, 'recall': 0.7466494845360825, 'f1': 0.7420121248468009}","{'accuracy': 0.73659793814433, 'balanced_accuracy': 0.7260170808180408, 'precision': 0.7315800973599772, 'recall': 0.73659793814433, 'f1': 0.7315490622307714}","{'accuracy': 0.7324742268041237, 'balanced_accuracy': 0.7200895336023126, 'precision': 0.7269105628124374, 'recall': 0.7324742268041237, 'f1': 0.7272158254020433}","{'accuracy': 0.729381443298969, 'balanced_accuracy': 0.7183651877453671, 'precision': 0.7241778354229151, 'recall': 0.729381443298969, 'f1': 0.7237112199521943}","{'accuracy': 0.7402061855670103, 'balanced_accuracy': 0.7287311594399258, 'precision': 0.7351758277802036, 'recall': 0.7402061855670103, 'f1': 0.7355157282007598}",0.7370618556701031,0.7258232139576719,0.7320230514451074,0.7370618556701032,0.7320007921265139,0.006746475562204727,0.007049768474224624,0.007121099900635176,0.006746475562204727,0.007148400725487062
15,0.6978326478757092,2024-07-24 17:35:23.334210,2024-07-24 17:36:15.138621,0 days 00:00:51.804411,cityblock,105,distance,COMPLETE,"{'accuracy': 0.7219072164948453, 'balanced_accuracy': 0.7035897747044094, 'precision': 0.7206704920876734, 'recall': 0.7219072164948453, 'f1': 0.707765502382415}","{'accuracy': 0.7164948453608248, 'balanced_accuracy': 0.6985832085044755, 'precision': 0.7107235728922746, 'recall': 0.7164948453608248, 'f1': 0.7020479267370235}","{'accuracy': 0.7097938144329897, 'balanced_accuracy': 0.6917391363245203, 'precision': 0.7057879436812245, 'recall': 0.7097938144329897, 'f1': 0.6952822056170269}","{'accuracy': 0.6979381443298969, 'balanced_accuracy': 0.6799768111530639, 'precision': 0.6931032222040417, 'recall': 0.6979381443298969, 'f1': 0.6828781865066065}","{'accuracy': 0.7149484536082474, 'balanced_accuracy': 0.6971902308858492, 'precision': 0.7104851028474919, 'recall': 0.7149484536082474, 'f1': 0.7011894181354742}",0.7122164948453609,0.6942158323144636,0.7081540667425413,0.7122164948453609,0.6978326478757092,0.009074946855574525,0.009009377950751619,0.010010287886216647,0.009074946855574525,0.009458313164377273
16,0.6301538917875256,2024-07-24 17:36:15.139620,2024-07-24 17:37:08.688915,0 days 00:00:53.549295,cityblock,444,distance,COMPLETE,"{'accuracy': 0.668041237113402, 'balanced_accuracy': 0.6422332979463424, 'precision': 0.6772735175258429, 'recall': 0.668041237113402, 'f1': 0.6357181914367446}","{'accuracy': 0.6659793814432989, 'balanced_accuracy': 0.6407362471395119, 'precision': 0.6665873556324381, 'recall': 0.6659793814432989, 'f1': 0.6337086198801235}","{'accuracy': 0.6585051546391752, 'balanced_accuracy': 0.6328667935274842, 'precision': 0.6575391348355074, 'recall': 0.6585051546391752, 'f1': 0.6279506083666194}","{'accuracy': 0.6536082474226804, 'balanced_accuracy': 0.6274091388407091, 'precision': 0.6516665980932194, 'recall': 0.6536082474226804, 'f1': 0.618298133107012}","{'accuracy': 0.6672680412371134, 'balanced_accuracy': 0.6412339564356097, 'precision': 0.6768866551566391, 'recall': 0.6672680412371134, 'f1': 0.6350939061471281}",0.662680412371134,0.6368958867779314,0.6659906522487294,0.662680412371134,0.6301538917875256,0.0063325534235530116,0.006486276915294635,0.011434472628796426,0.0063325534235530116,0.007304360615329317
17,0.6426156110456254,2024-07-24 17:37:08.689916,2024-07-24 17:38:01.829822,0 days 00:00:53.139906,cityblock,346,distance,COMPLETE,"{'accuracy': 0.6788659793814433, 'balanced_accuracy': 0.6546777423907869, 'precision': 0.6865050514720071, 'recall': 0.6788659793814433, 'f1': 0.6517842216104005}","{'accuracy': 0.6711340206185566, 'balanced_accuracy': 0.6473255771893888, 'precision': 0.6682854666252899, 'recall': 0.6711340206185566, 'f1': 0.6430038450772237}","{'accuracy': 0.6708762886597938, 'balanced_accuracy': 0.6466993334459823, 'precision': 0.6711092553970328, 'recall': 0.6708762886597938, 'f1': 0.6446014935815505}","{'accuracy': 0.6569587628865979, 'balanced_accuracy': 0.6317999281548866, 'precision': 0.6515199352208124, 'recall': 0.6569587628865979, 'f1': 0.6252236880793928}","{'accuracy': 0.6770618556701031, 'balanced_accuracy': 0.6522444753769142, 'precision': 0.681720351253321, 'recall': 0.6770618556701031, 'f1': 0.6484648068795594}",0.6709793814432989,0.6465494113115918,0.6718280119936926,0.6709793814432989,0.6426156110456254,0.00859952332787586,0.00889769189660024,0.013590052288541953,0.00859952332787586,0.010305944294015108
18,0.7137242076408611,2024-07-24 17:38:01.829822,2024-07-24 17:38:53.389613,0 days 00:00:51.559791,cityblock,61,distance,COMPLETE,"{'accuracy': 0.7314432989690721, 'balanced_accuracy': 0.7153224857590533, 'precision': 0.7288988851424782, 'recall': 0.7314432989690721, 'f1': 0.7209854020959823}","{'accuracy': 0.7280927835051546, 'balanced_accuracy': 0.7129435512140542, 'precision': 0.7233788294619068, 'recall': 0.7280927835051546, 'f1': 0.7179158554273742}","{'accuracy': 0.7190721649484536, 'balanced_accuracy': 0.703133013495776, 'precision': 0.7148739468510732, 'recall': 0.7190721649484536, 'f1': 0.708120289645856}","{'accuracy': 0.7139175257731959, 'balanced_accuracy': 0.6980846346699897, 'precision': 0.709793205175242, 'recall': 0.7139175257731959, 'f1': 0.7024148105804929}","{'accuracy': 0.7291237113402061, 'balanced_accuracy': 0.7141989089331927, 'precision': 0.7230816583930609, 'recall': 0.7291237113402061, 'f1': 0.7191846804545997}",0.7243298969072165,0.7087365188144131,0.7200053050047522,0.7243298969072165,0.7137242076408611,0.007480001324252492,0.007677462075768883,0.007592071596872355,0.007480001324252492,0.008053228827536304
19,0.625349007476353,2024-07-24 17:38:53.390614,2024-07-24 17:39:47.049805,0 days 00:00:53.659191,cityblock,499,distance,COMPLETE,"{'accuracy': 0.6670103092783505, 'balanced_accuracy': 0.640486244347053, 'precision': 0.6784018993818057, 'recall': 0.6670103092783505, 'f1': 0.6328958445017528}","{'accuracy': 0.6605670103092783, 'balanced_accuracy': 0.6345778312979279, 'precision': 0.6633602279331546, 'recall': 0.6605670103092783, 'f1': 0.6258104108460802}","{'accuracy': 0.6574742268041237, 'balanced_accuracy': 0.6311197399281946, 'precision': 0.6582419056229507, 'recall': 0.6574742268041237, 'f1': 0.6251462700263014}","{'accuracy': 0.6510309278350516, 'balanced_accuracy': 0.6243511353677355, 'precision': 0.6496151976006471, 'recall': 0.6510309278350516, 'f1': 0.6143962013854852}","{'accuracy': 0.6639175257731958, 'balanced_accuracy': 0.6367388499301405, 'precision': 0.6759791283293825, 'recall': 0.6639175257731958, 'f1': 0.6284963106221455}",0.6599999999999999,0.6334547601742104,0.6651196717735882,0.6599999999999999,0.625349007476353,0.006157043340550486,0.006119979740841455,0.012094765356896865,0.006157043340550486,0.006838827073900549
20,0.67586354279855,2024-07-24 17:39:47.050806,2024-07-24 17:39:58.978381,0 days 00:00:11.927575,cosine,162,distance,COMPLETE,"{'accuracy': 0.6956185567010309, 'balanced_accuracy': 0.6768101501012058, 'precision': 0.6919999767248645, 'recall': 0.6956185567010309, 'f1': 0.6799310073848027}","{'accuracy': 0.6925257731958763, 'balanced_accuracy': 0.6729191021067974, 'precision': 0.6850833671540599, 'recall': 0.6925257731958763, 'f1': 0.6747418269538258}","{'accuracy': 0.6894329896907216, 'balanced_accuracy': 0.6703933284233586, 'precision': 0.6829421081799405, 'recall': 0.6894329896907216, 'f1': 0.6736741789866848}","{'accuracy': 0.6871134020618557, 'balanced_accuracy': 0.6667942691615504, 'precision': 0.6802286913810162, 'recall': 0.6871134020618557, 'f1': 0.6688035928287721}","{'accuracy': 0.6981958762886598, 'balanced_accuracy': 0.6792114788937397, 'precision': 0.693169212916229, 'recall': 0.6981958762886598, 'f1': 0.6821671078386641}",0.6925773195876289,0.6732256657373303,0.6866846712712219,0.6925773195876289,0.67586354279855,0.004487793579315225,0.004953722467320587,0.005669047144846225,0.004487793579315225,0.0052956032302313195
21,0.7309843560995868,2024-07-24 17:39:58.979381,2024-07-24 17:40:50.017913,0 days 00:00:51.038532,cityblock,11,distance,COMPLETE,"{'accuracy': 0.7412371134020619, 'balanced_accuracy': 0.7307748576974786, 'precision': 0.73694823481088, 'recall': 0.7412371134020619, 'f1': 0.737525631153562}","{'accuracy': 0.7358247422680413, 'balanced_accuracy': 0.7258389418980783, 'precision': 0.7310703225650864, 'recall': 0.7358247422680413, 'f1': 0.731594457352384}","{'accuracy': 0.7324742268041237, 'balanced_accuracy': 0.7211021182049077, 'precision': 0.7270286621039821, 'recall': 0.7324742268041237, 'f1': 0.7276567107538657}","{'accuracy': 0.7257731958762886, 'balanced_accuracy': 0.7153262186903829, 'precision': 0.720652995404365, 'recall': 0.7257731958762886, 'f1': 0.7206596850705491}","{'accuracy': 0.7412371134020619, 'balanced_accuracy': 0.7311570106493585, 'precision': 0.7366890847460459, 'recall': 0.7412371134020619, 'f1': 0.7374852961675735}",0.7353092783505154,0.7248398294280411,0.730477859926072,0.7353092783505155,0.7309843560995868,0.0065099644022243025,0.0067195394061831636,0.006877881312196518,0.0065099644022243025,0.00712556629403458
22,0.712448407800166,2024-07-24 17:40:50.018912,2024-07-24 17:41:41.534907,0 days 00:00:51.515995,cityblock,67,distance,COMPLETE,"{'accuracy': 0.7301546391752577, 'balanced_accuracy': 0.7138691170910135, 'precision': 0.7273442825573704, 'recall': 0.7301546391752577, 'f1': 0.7188502084951135}","{'accuracy': 0.729381443298969, 'balanced_accuracy': 0.7136765533974007, 'precision': 0.7247327620374369, 'recall': 0.729381443298969, 'f1': 0.7184458304267539}","{'accuracy': 0.718298969072165, 'balanced_accuracy': 0.702244124606887, 'precision': 0.7138158957267057, 'recall': 0.718298969072165, 'f1': 0.7071840457001474}","{'accuracy': 0.7121134020618557, 'balanced_accuracy': 0.6960300707201172, 'precision': 0.7082463111314863, 'recall': 0.7121134020618557, 'f1': 0.6999370969258109}","{'accuracy': 0.7280927835051546, 'balanced_accuracy': 0.7128145866244641, 'precision': 0.7220769198184889, 'recall': 0.7280927835051546, 'f1': 0.717824857453005}",0.7236082474226804,0.7077268904879765,0.7192432342542976,0.7236082474226804,0.712448407800166,0.008009619309800974,0.008153011755552145,0.007971511688967597,0.008009619309800974,0.008516230816566108
23,0.6885265199396052,2024-07-24 17:41:41.535907,2024-07-24 17:42:33.408962,0 days 00:00:51.873055,cityblock,130,distance,COMPLETE,"{'accuracy': 0.7157216494845361, 'balanced_accuracy': 0.6961198665988872, 'precision': 0.7157459853566677, 'recall': 0.7157216494845361, 'f1': 0.6994254154227747}","{'accuracy': 0.7074742268041238, 'balanced_accuracy': 0.6882601839790805, 'precision': 0.7026929749303858, 'recall': 0.7074742268041238, 'f1': 0.6906933312691788}","{'accuracy': 0.7007731958762886, 'balanced_accuracy': 0.6818977132969292, 'precision': 0.6964903012936071, 'recall': 0.7007731958762886, 'f1': 0.684661848402887}","{'accuracy': 0.690979381443299, 'balanced_accuracy': 0.6711038744159056, 'precision': 0.6858420407530795, 'recall': 0.690979381443299, 'f1': 0.6725092123118249}","{'accuracy': 0.7103092783505155, 'balanced_accuracy': 0.6917208854863173, 'precision': 0.7066035333904882, 'recall': 0.7103092783505155, 'f1': 0.6953427922913606}",0.7050515463917526,0.685820504755424,0.7014749671448457,0.7050515463917526,0.6885265199396052,0.009535385875922507,0.009731532295112866,0.011187973193597418,0.009535385875922507,0.01050514626973364
24,0.7154550635763035,2024-07-24 17:42:33.408962,2024-07-24 17:43:24.794238,0 days 00:00:51.385276,cityblock,52,distance,COMPLETE,"{'accuracy': 0.7332474226804123, 'balanced_accuracy': 0.7183762233643973, 'precision': 0.7303720357999473, 'recall': 0.7332474226804123, 'f1': 0.7239804378259728}","{'accuracy': 0.7306701030927835, 'balanced_accuracy': 0.7162605029135447, 'precision': 0.7253026417979548, 'recall': 0.7306701030927835, 'f1': 0.7211617836184003}","{'accuracy': 0.7164948453608248, 'balanced_accuracy': 0.7003024715519727, 'precision': 0.7115863672168625, 'recall': 0.7164948453608248, 'f1': 0.7057245113964481}","{'accuracy': 0.7164948453608248, 'balanced_accuracy': 0.7020019011306601, 'precision': 0.7117684880368036, 'recall': 0.7164948453608248, 'f1': 0.7064032598094375}","{'accuracy': 0.7296391752577319, 'balanced_accuracy': 0.7146938129197257, 'precision': 0.7229887793474046, 'recall': 0.7296391752577319, 'f1': 0.7200053252312587}",0.7253092783505155,0.7103269823760601,0.7204036624397945,0.7253092783505155,0.7154550635763035,0.008153052226102273,0.008497999035933802,0.008401818666864685,0.008153052226102273,0.008697303289282934
25,0.7337990288977632,2024-07-24 17:43:24.794238,2024-07-24 17:44:15.870982,0 days 00:00:51.076744,cityblock,8,distance,COMPLETE,"{'accuracy': 0.7425257731958763, 'balanced_accuracy': 0.7325115647015122, 'precision': 0.7386482226769608, 'recall': 0.7425257731958763, 'f1': 0.7396403196137448}","{'accuracy': 0.7396907216494846, 'balanced_accuracy': 0.731529927674124, 'precision': 0.7362117684263546, 'recall': 0.7396907216494846, 'f1': 0.7370054954646978}","{'accuracy': 0.729381443298969, 'balanced_accuracy': 0.7191663257490147, 'precision': 0.7248334910702536, 'recall': 0.729381443298969, 'f1': 0.7258374364446669}","{'accuracy': 0.7301546391752577, 'balanced_accuracy': 0.7203203356521911, 'precision': 0.7255111543961239, 'recall': 0.7301546391752577, 'f1': 0.7257250945311956}","{'accuracy': 0.7430412371134021, 'balanced_accuracy': 0.7344063835616742, 'precision': 0.7398563947731337, 'recall': 0.7430412371134021, 'f1': 0.740786798434511}",0.7369587628865979,0.7275869074677033,0.7330122062685653,0.736958762886598,0.7337990288977632,0.006692599771347244,0.00724593289104476,0.007280143486420411,0.006692599771347244,0.00744658308751443
26,0.7122801114134452,2024-07-24 17:44:15.871984,2024-07-24 17:45:07.380368,0 days 00:00:51.508384,cityblock,66,distance,COMPLETE,"{'accuracy': 0.731701030927835, 'balanced_accuracy': 0.7157696993721839, 'precision': 0.7292997470200981, 'recall': 0.731701030927835, 'f1': 0.7209827349568616}","{'accuracy': 0.7252577319587629, 'balanced_accuracy': 0.7095614874514024, 'precision': 0.7203050406440935, 'recall': 0.7252577319587629, 'f1': 0.7141779808194371}","{'accuracy': 0.7193298969072165, 'balanced_accuracy': 0.703226238372379, 'precision': 0.7146319312948294, 'recall': 0.7193298969072165, 'f1': 0.7081599126190654}","{'accuracy': 0.7115979381443299, 'balanced_accuracy': 0.6954795614990877, 'precision': 0.7077101577158247, 'recall': 0.7115979381443299, 'f1': 0.699474432734264}","{'accuracy': 0.7286082474226804, 'balanced_accuracy': 0.7136867231723022, 'precision': 0.7227253850929755, 'recall': 0.7286082474226804, 'f1': 0.7186054959375978}",0.723298969072165,0.7075447419734711,0.7189344523535642,0.723298969072165,0.7122801114134452,0.007988859284972909,0.008271323546027548,0.008188185000300706,0.007988859284972909,0.008664720115772045
27,0.6904961630428066,2024-07-24 17:45:07.381368,2024-07-24 17:45:59.208570,0 days 00:00:51.827202,cityblock,125,distance,COMPLETE,"{'accuracy': 0.7162371134020619, 'balanced_accuracy': 0.6968352636948724, 'precision': 0.7162758526519414, 'recall': 0.7162371134020619, 'f1': 0.7003785210832448}","{'accuracy': 0.7103092783505155, 'balanced_accuracy': 0.6912148361088, 'precision': 0.7062371356824895, 'recall': 0.7103092783505155, 'f1': 0.6937490083324351}","{'accuracy': 0.7025773195876288, 'balanced_accuracy': 0.68376871595131, 'precision': 0.6984136850770182, 'recall': 0.7025773195876288, 'f1': 0.686608095148335}","{'accuracy': 0.6938144329896907, 'balanced_accuracy': 0.6749379336988994, 'precision': 0.6891025792525367, 'recall': 0.6938144329896907, 'f1': 0.6768213326911412}","{'accuracy': 0.7100515463917526, 'balanced_accuracy': 0.6914035475042394, 'precision': 0.7062489014149256, 'recall': 0.7100515463917526, 'f1': 0.6949238579588771}",0.7065979381443299,0.6876320593916242,0.7032556308157822,0.7065979381443299,0.6904961630428066,0.008634212953697113,0.008482712282586482,0.010138152246609246,0.008634212953697113,0.009082463078459495
28,0.7053843240102695,2024-07-24 17:45:59.209570,2024-07-24 17:46:50.256290,0 days 00:00:51.046720,cityblock,3,distance,COMPLETE,"{'accuracy': 0.7056701030927836, 'balanced_accuracy': 0.6977865211450935, 'precision': 0.7035884638651813, 'recall': 0.7056701030927836, 'f1': 0.704423592539859}","{'accuracy': 0.7028350515463917, 'balanced_accuracy': 0.6955350382305459, 'precision': 0.7016423809666222, 'recall': 0.7028350515463917, 'f1': 0.702120094630196}","{'accuracy': 0.7082474226804124, 'balanced_accuracy': 0.6993801382730626, 'precision': 0.7058916815376567, 'recall': 0.7082474226804124, 'f1': 0.7068853377051464}","{'accuracy': 0.7015463917525773, 'balanced_accuracy': 0.6935782671834742, 'precision': 0.6982354406073321, 'recall': 0.7015463917525773, 'f1': 0.6993806293988419}","{'accuracy': 0.7146907216494846, 'balanced_accuracy': 0.7058289239509702, 'precision': 0.7136040976257079, 'recall': 0.7146907216494846, 'f1': 0.7141119657773042}",0.7065979381443299,0.6984217777566293,0.7045924129205,0.7065979381443299,0.7053843240102695,0.005214217546188701,0.004689900861159408,0.0057667204586004505,0.005214217546188701,0.005613539888456145
29,0.674025905655889,2024-07-24 17:46:50.256290,2024-07-24 17:47:02.251080,0 days 00:00:11.994790,cosine,170,distance,COMPLETE,"{'accuracy': 0.695360824742268, 'balanced_accuracy': 0.6762517842624617, 'precision': 0.691948707909877, 'recall': 0.695360824742268, 'f1': 0.6791638363927822}","{'accuracy': 0.6899484536082474, 'balanced_accuracy': 0.6701592105635278, 'precision': 0.6817850439782484, 'recall': 0.6899484536082474, 'f1': 0.6718041800775351}","{'accuracy': 0.6858247422680412, 'balanced_accuracy': 0.6668118569471982, 'precision': 0.6785262112465803, 'recall': 0.6858247422680412, 'f1': 0.6700535932473117}","{'accuracy': 0.6850515463917526, 'balanced_accuracy': 0.6647283508785925, 'precision': 0.6784123233790441, 'recall': 0.6850515463917526, 'f1': 0.6666866746691509}","{'accuracy': 0.6984536082474226, 'balanced_accuracy': 0.6795077751900358, 'precision': 0.6945792000265084, 'recall': 0.6984536082474226, 'f1': 0.682421243892666}",0.6909278350515464,0.6714917955683632,0.6850502973080517,0.6909278350515464,0.674025905655889,0.005869841824435638,0.006251704048249302,0.007675876692219729,0.005869841824435638,0.00654713063602194
30,0.7191704756382173,2024-07-24 17:47:02.252080,2024-07-24 17:47:53.584634,0 days 00:00:51.332554,cityblock,46,distance,COMPLETE,"{'accuracy': 0.7353092783505155, 'balanced_accuracy': 0.7211101989870622, 'precision': 0.7319262912661818, 'recall': 0.7353092783505155, 'f1': 0.7269473438781637}","{'accuracy': 0.731701030927835, 'balanced_accuracy': 0.7170868911043189, 'precision': 0.7262541379674254, 'recall': 0.731701030927835, 'f1': 0.7222108747514762}","{'accuracy': 0.7224226804123711, 'balanced_accuracy': 0.7071879367673212, 'precision': 0.7177808650600395, 'recall': 0.7224226804123711, 'f1': 0.712644939638922}","{'accuracy': 0.7216494845360825, 'balanced_accuracy': 0.7073417592697059, 'precision': 0.716596015642336, 'recall': 0.7216494845360825, 'f1': 0.7121862681987625}","{'accuracy': 0.7301546391752577, 'balanced_accuracy': 0.7165518731337714, 'precision': 0.7233169834374888, 'recall': 0.7301546391752577, 'f1': 0.7218629517237624}",0.7282474226804123,0.7138557318524359,0.7231748586746943,0.7282474226804124,0.7191704756382173,0.005976936933659112,0.00626953330465997,0.006294165464411038,0.005976936933659112,0.006487197150851436
31,0.7135613759134183,2024-07-24 17:47:53.585635,2024-07-24 17:48:44.586514,0 days 00:00:51.000879,cityblock,4,distance,COMPLETE,"{'accuracy': 0.7167525773195876, 'balanced_accuracy': 0.7079442957905643, 'precision': 0.7141577119656443, 'recall': 0.7167525773195876, 'f1': 0.7151688788982183}","{'accuracy': 0.7090206185567011, 'balanced_accuracy': 0.7018503241985464, 'precision': 0.7077012088347587, 'recall': 0.7090206185567011, 'f1': 0.7081052033444731}","{'accuracy': 0.7134020618556701, 'balanced_accuracy': 0.7045198555716449, 'precision': 0.7109128270696446, 'recall': 0.7134020618556701, 'f1': 0.7119534078986341}","{'accuracy': 0.7123711340206186, 'balanced_accuracy': 0.7040406808005836, 'precision': 0.7087115920302549, 'recall': 0.7123711340206186, 'f1': 0.7097170456290612}","{'accuracy': 0.7242268041237113, 'balanced_accuracy': 0.7148816468560995, 'precision': 0.7219024571675283, 'recall': 0.7242268041237113, 'f1': 0.7228623437967043}",0.7151546391752578,0.7066473606434877,0.7126771594135662,0.7151546391752578,0.7135613759134183,0.005772850689238557,0.005094559021523477,0.005720507668967149,0.005772850689238557,0.005835801679845767
32,0.7213995962817092,2024-07-24 17:48:44.587514,2024-07-24 17:49:35.840847,0 days 00:00:51.253333,cityblock,40,distance,COMPLETE,"{'accuracy': 0.7358247422680413, 'balanced_accuracy': 0.7222598517358757, 'precision': 0.7322874074458245, 'recall': 0.7358247422680413, 'f1': 0.727851059214778}","{'accuracy': 0.7353092783505155, 'balanced_accuracy': 0.7213743042915223, 'precision': 0.7297860161786262, 'recall': 0.7353092783505155, 'f1': 0.726716158261303}","{'accuracy': 0.7231958762886598, 'balanced_accuracy': 0.7083553557343204, 'precision': 0.7173402729489373, 'recall': 0.7231958762886598, 'f1': 0.7139003059615168}","{'accuracy': 0.725, 'balanced_accuracy': 0.7111901902939807, 'precision': 0.7201051423741472, 'recall': 0.725, 'f1': 0.7162388164337107}","{'accuracy': 0.7298969072164948, 'balanced_accuracy': 0.7166440891330526, 'precision': 0.7232068284373777, 'recall': 0.7298969072164948, 'f1': 0.7222916415372379}",0.7298453608247423,0.7159647582377503,0.7245451334769826,0.7298453608247424,0.7213995962817092,0.005772850689238612,0.006124793601261403,0.006340825149416046,0.005772850689238612,0.006195884802503464
33,0.70532747676021,2024-07-24 17:49:35.841847,2024-07-24 17:50:27.351775,0 days 00:00:51.509928,cityblock,83,distance,COMPLETE,"{'accuracy': 0.7239690721649484, 'balanced_accuracy': 0.7065693593338596, 'precision': 0.7218472458823897, 'recall': 0.7239690721649484, 'f1': 0.711493392798738}","{'accuracy': 0.720360824742268, 'balanced_accuracy': 0.7035353314981531, 'precision': 0.715204637150211, 'recall': 0.720360824742268, 'f1': 0.7078691118847541}","{'accuracy': 0.7134020618556701, 'balanced_accuracy': 0.696588417925828, 'precision': 0.7098282860034842, 'recall': 0.7134020618556701, 'f1': 0.7006125749510572}","{'accuracy': 0.704639175257732, 'balanced_accuracy': 0.6877474561671769, 'precision': 0.7001313009567908, 'recall': 0.704639175257732, 'f1': 0.6910197155022306}","{'accuracy': 0.7270618556701031, 'balanced_accuracy': 0.7113806611213241, 'precision': 0.7223526082971562, 'recall': 0.7270618556701031, 'f1': 0.71564258866427}",0.7178865979381444,0.7011642452092682,0.7138728156580064,0.7178865979381444,0.70532747676021,0.008984833289972119,0.009221725523257032,0.009252832208352062,0.008984833289972119,0.009718825733840758
34,0.691037143707079,2024-07-24 17:50:27.352776,2024-07-24 17:50:33.349812,0 days 00:00:05.997036,euclidean,33,uniform,COMPLETE,"{'accuracy': 0.709278350515464, 'balanced_accuracy': 0.6941500774402348, 'precision': 0.7030051056709856, 'recall': 0.709278350515464, 'f1': 0.6999710830963413}","{'accuracy': 0.7028350515463917, 'balanced_accuracy': 0.6874883768350911, 'precision': 0.6944284965240799, 'recall': 0.7028350515463917, 'f1': 0.692196784311294}","{'accuracy': 0.6927835051546392, 'balanced_accuracy': 0.6763300843370145, 'precision': 0.6840227663122374, 'recall': 0.6927835051546392, 'f1': 0.6819747903571127}","{'accuracy': 0.6917525773195876, 'balanced_accuracy': 0.6753832365139628, 'precision': 0.6830585009801058, 'recall': 0.6917525773195876, 'f1': 0.6812270207654159}","{'accuracy': 0.709278350515464, 'balanced_accuracy': 0.694389226182751, 'precision': 0.7016518265034271, 'recall': 0.709278350515464, 'f1': 0.6998160400052312}",0.7011855670103093,0.6855482002618107,0.6932333391981672,0.7011855670103093,0.691037143707079,0.008562754038408877,0.009276589683997319,0.009435951663618136,0.008562754038408877,0.00917324669795075
35,0.724510757174438,2024-07-24 17:50:33.349812,2024-07-24 17:51:24.525014,0 days 00:00:51.175202,cityblock,31,distance,COMPLETE,"{'accuracy': 0.7404639175257732, 'balanced_accuracy': 0.7275012658751293, 'precision': 0.7364669699980706, 'recall': 0.7404639175257732, 'f1': 0.7337382369362401}","{'accuracy': 0.7350515463917526, 'balanced_accuracy': 0.7219067542096617, 'precision': 0.7295604799864737, 'recall': 0.7350515463917526, 'f1': 0.7274269321983153}","{'accuracy': 0.725, 'balanced_accuracy': 0.7111518320551001, 'precision': 0.7193329994784825, 'recall': 0.725, 'f1': 0.7167941135966328}","{'accuracy': 0.7268041237113402, 'balanced_accuracy': 0.713620884172166, 'precision': 0.7210318361841105, 'recall': 0.7268041237113402, 'f1': 0.7187837565338951}","{'accuracy': 0.7329896907216494, 'balanced_accuracy': 0.7203146150690252, 'precision': 0.7264847003116158, 'recall': 0.7329896907216494, 'f1': 0.7258107466071068}",0.7320618556701031,0.7188990702762165,0.7265753971917507,0.7320618556701032,0.724510757174438,0.006283059023598037,0.006575078847999189,0.006891036770340257,0.006283059023598037,0.006849918913627073
36,0.6326495505162029,2024-07-24 17:51:24.526014,2024-07-24 17:51:31.384512,0 days 00:00:06.858498,euclidean,221,uniform,COMPLETE,"{'accuracy': 0.6677835051546391, 'balanced_accuracy': 0.6414417121124513, 'precision': 0.6662124893209143, 'recall': 0.6677835051546391, 'f1': 0.6376408017987191}","{'accuracy': 0.6559278350515464, 'balanced_accuracy': 0.6291292742149566, 'precision': 0.6426219120932155, 'recall': 0.6559278350515464, 'f1': 0.6221940778894106}","{'accuracy': 0.6654639175257732, 'balanced_accuracy': 0.6383764833601527, 'precision': 0.6564043987623243, 'recall': 0.6654639175257732, 'f1': 0.6356127701995357}","{'accuracy': 0.6610824742268041, 'balanced_accuracy': 0.6336303176554504, 'precision': 0.6518666354635803, 'recall': 0.6610824742268041, 'f1': 0.6278443411359663}","{'accuracy': 0.6706185567010309, 'balanced_accuracy': 0.6440690809839632, 'precision': 0.6654634427573899, 'recall': 0.6706185567010309, 'f1': 0.639955761557383}",0.6641752577319587,0.6373293736653949,0.6565137756794848,0.6641752577319587,0.6326495505162029,0.005783197338225978,0.006007413489134538,0.009858414381881953,0.005783197338225978,0.007407444314213375
37,0.6703842450724523,2024-07-24 17:51:31.385512,2024-07-24 17:52:23.633468,0 days 00:00:52.247956,cityblock,199,distance,COMPLETE,"{'accuracy': 0.7028350515463917, 'balanced_accuracy': 0.6813901269582564, 'precision': 0.7064668705486664, 'recall': 0.7028350515463917, 'f1': 0.682551766065272}","{'accuracy': 0.6907216494845361, 'balanced_accuracy': 0.6694873344755085, 'precision': 0.6869271736569482, 'recall': 0.6907216494845361, 'f1': 0.669040316854278}","{'accuracy': 0.6855670103092784, 'balanced_accuracy': 0.6640341302654785, 'precision': 0.6823986894178484, 'recall': 0.6855670103092784, 'f1': 0.664959399797591}","{'accuracy': 0.6791237113402062, 'balanced_accuracy': 0.6571486660100948, 'precision': 0.6744544151583938, 'recall': 0.6791237113402062, 'f1': 0.6559288859174482}","{'accuracy': 0.6997422680412371, 'balanced_accuracy': 0.6784853651544777, 'precision': 0.7015967100142881, 'recall': 0.6997422680412371, 'f1': 0.6794408567276724}",0.6915979381443298,0.6701091245727632,0.6903687717592291,0.6915979381443298,0.6703842450724523,0.00981515580375642,0.010033544812496395,0.013358975804103244,0.00981515580375642,0.010842777312526145
38,0.6527535668277324,2024-07-24 17:52:23.634467,2024-07-24 17:52:36.013099,0 days 00:00:12.378632,cosine,126,uniform,COMPLETE,"{'accuracy': 0.6762886597938145, 'balanced_accuracy': 0.6560896947331372, 'precision': 0.6696319646608062, 'recall': 0.6762886597938145, 'f1': 0.6575655450403688}","{'accuracy': 0.6721649484536083, 'balanced_accuracy': 0.6505840141585989, 'precision': 0.6598624156372513, 'recall': 0.6721649484536083, 'f1': 0.6511628495912507}","{'accuracy': 0.6659793814432989, 'balanced_accuracy': 0.6454706961730955, 'precision': 0.6544649598237189, 'recall': 0.6659793814432989, 'f1': 0.6479943161574777}","{'accuracy': 0.6685567010309278, 'balanced_accuracy': 0.646760936652008, 'precision': 0.6596797533288483, 'recall': 0.6685567010309278, 'f1': 0.6479146006048523}","{'accuracy': 0.6778350515463918, 'balanced_accuracy': 0.658062982596841, 'precision': 0.6685879288160216, 'recall': 0.6778350515463918, 'f1': 0.6591305227447127}",0.6721649484536083,0.6513936648627361,0.6624454044533292,0.6721649484536082,0.6527535668277324,0.005010881983305083,0.005561738905634525,0.0064688756174192145,0.005010881983305083,0.005301347551824255
39,0.7084870581889445,2024-07-24 17:52:36.014099,2024-07-24 17:53:27.582592,0 days 00:00:51.568493,cityblock,74,distance,COMPLETE,"{'accuracy': 0.7278350515463917, 'balanced_accuracy': 0.7109664579333285, 'precision': 0.7263858542207994, 'recall': 0.7278350515463917, 'f1': 0.7158824015394228}","{'accuracy': 0.725, 'balanced_accuracy': 0.7085215201148545, 'precision': 0.7198131527226159, 'recall': 0.725, 'f1': 0.713020022554755}","{'accuracy': 0.7152061855670103, 'balanced_accuracy': 0.6981644299664359, 'precision': 0.710991262080901, 'recall': 0.7152061855670103, 'f1': 0.7025867900283232}","{'accuracy': 0.7079896907216495, 'balanced_accuracy': 0.6914535477801378, 'precision': 0.7036482606719127, 'recall': 0.7079896907216495, 'f1': 0.6949401337007814}","{'accuracy': 0.7268041237113402, 'balanced_accuracy': 0.7115284823551019, 'precision': 0.7212363994489874, 'recall': 0.7268041237113402, 'f1': 0.7160059431214403}",0.7205670103092784,0.7041268876299718,0.7164149858290433,0.7205670103092784,0.7084870581889445,0.008635751480607648,0.008902816484484937,0.009036285666007232,0.008635751480607648,0.009355544175735012
40,0.7055437302920549,2024-07-24 17:53:27.583591,2024-07-24 17:53:32.902402,0 days 00:00:05.318811,euclidean,24,distance,COMPLETE,"{'accuracy': 0.7177835051546392, 'balanced_accuracy': 0.7046715262582642, 'precision': 0.7122975729147442, 'recall': 0.7177835051546392, 'f1': 0.710933580670396}","{'accuracy': 0.7141752577319588, 'balanced_accuracy': 0.7013445435707969, 'precision': 0.706723148699498, 'recall': 0.7141752577319588, 'f1': 0.7069135293600265}","{'accuracy': 0.7048969072164949, 'balanced_accuracy': 0.6909619519739834, 'precision': 0.6975658783978752, 'recall': 0.7048969072164949, 'f1': 0.6978441201484276}","{'accuracy': 0.704639175257732, 'balanced_accuracy': 0.6919502038852388, 'precision': 0.6973312022040372, 'recall': 0.704639175257732, 'f1': 0.697810240348155}","{'accuracy': 0.7198453608247423, 'balanced_accuracy': 0.7070769383383717, 'precision': 0.7134857442253539, 'recall': 0.7198453608247423, 'f1': 0.714217180933269}",0.7122680412371134,0.6992010328053311,0.7054807092883018,0.7122680412371134,0.7055437302920549,0.0071415474863310525,0.007365592270136208,0.007764548980397404,0.0071415474863310525,0.007504106304040272
41,0.7247007050957783,2024-07-24 17:53:32.903403,2024-07-24 17:54:24.102575,0 days 00:00:51.199172,cityblock,30,distance,COMPLETE,"{'accuracy': 0.7412371134020619, 'balanced_accuracy': 0.7281822750864415, 'precision': 0.7372911522160639, 'recall': 0.7412371134020619, 'f1': 0.7342149982763913}","{'accuracy': 0.7350515463917526, 'balanced_accuracy': 0.722227821874864, 'precision': 0.7296280269548924, 'recall': 0.7350515463917526, 'f1': 0.7277199068588297}","{'accuracy': 0.7262886597938144, 'balanced_accuracy': 0.7125791236717104, 'precision': 0.7207703990543657, 'recall': 0.7262886597938144, 'f1': 0.7185645886047091}","{'accuracy': 0.7242268041237113, 'balanced_accuracy': 0.7114367014219335, 'precision': 0.7182842757452982, 'recall': 0.7242268041237113, 'f1': 0.7160995936769201}","{'accuracy': 0.7345360824742269, 'balanced_accuracy': 0.7215430668878211, 'precision': 0.7275495438307196, 'recall': 0.7345360824742269, 'f1': 0.7269044380620422}",0.7322680412371134,0.7191937977885541,0.726704679560268,0.7322680412371134,0.7247007050957783,0.006959717383946481,0.007061224208747332,0.00754075666705516,0.006959717383946481,0.007350592429030017
42,0.729980667907893,2024-07-24 17:54:24.103575,2024-07-24 17:55:15.242654,0 days 00:00:51.139079,cityblock,19,distance,COMPLETE,"{'accuracy': 0.7461340206185567, 'balanced_accuracy': 0.7345555757563226, 'precision': 0.7421035547138255, 'recall': 0.7461340206185567, 'f1': 0.7406349582489219}","{'accuracy': 0.7335051546391752, 'balanced_accuracy': 0.7223764500883011, 'precision': 0.7279366270949407, 'recall': 0.7335051546391752, 'f1': 0.7276290211659584}","{'accuracy': 0.7309278350515463, 'balanced_accuracy': 0.7182808705152217, 'precision': 0.725429024745688, 'recall': 0.7309278350515463, 'f1': 0.7247796564166914}","{'accuracy': 0.7301546391752577, 'balanced_accuracy': 0.7176677694331967, 'precision': 0.7248574189980347, 'recall': 0.7301546391752577, 'f1': 0.7228827661579592}","{'accuracy': 0.7399484536082475, 'balanced_accuracy': 0.7283702203035217, 'precision': 0.733872311714393, 'recall': 0.7399484536082475, 'f1': 0.7339769375499338}",0.7361340206185567,0.7242501772193127,0.7308397874533764,0.7361340206185567,0.729980667907893,0.006788192063668468,0.007170208542540091,0.007238129623258878,0.006788192063668468,0.007287747352663476
43,0.7053843240102695,2024-07-24 17:55:15.243654,2024-07-24 17:56:06.201871,0 days 00:00:50.958217,cityblock,3,distance,COMPLETE,"{'accuracy': 0.7056701030927836, 'balanced_accuracy': 0.6977865211450935, 'precision': 0.7035884638651813, 'recall': 0.7056701030927836, 'f1': 0.704423592539859}","{'accuracy': 0.7028350515463917, 'balanced_accuracy': 0.6955350382305459, 'precision': 0.7016423809666222, 'recall': 0.7028350515463917, 'f1': 0.702120094630196}","{'accuracy': 0.7082474226804124, 'balanced_accuracy': 0.6993801382730626, 'precision': 0.7058916815376567, 'recall': 0.7082474226804124, 'f1': 0.7068853377051464}","{'accuracy': 0.7015463917525773, 'balanced_accuracy': 0.6935782671834742, 'precision': 0.6982354406073321, 'recall': 0.7015463917525773, 'f1': 0.6993806293988419}","{'accuracy': 0.7146907216494846, 'balanced_accuracy': 0.7058289239509702, 'precision': 0.7136040976257079, 'recall': 0.7146907216494846, 'f1': 0.7141119657773042}",0.7065979381443299,0.6984217777566293,0.7045924129205,0.7065979381443299,0.7053843240102695,0.005214217546188701,0.004689900861159408,0.0057667204586004505,0.005214217546188701,0.005613539888456145
44,0.7162809035131905,2024-07-24 17:56:06.201871,2024-07-24 17:56:57.561071,0 days 00:00:51.359200,cityblock,51,distance,COMPLETE,"{'accuracy': 0.7332474226804123, 'balanced_accuracy': 0.7182794959124341, 'precision': 0.7301309727095657, 'recall': 0.7332474226804123, 'f1': 0.7240701160862126}","{'accuracy': 0.7322164948453608, 'balanced_accuracy': 0.7178942073943838, 'precision': 0.7268149914036, 'recall': 0.7322164948453608, 'f1': 0.7227333636184694}","{'accuracy': 0.7164948453608248, 'balanced_accuracy': 0.7008266106368684, 'precision': 0.7113823183398099, 'recall': 0.7164948453608248, 'f1': 0.7064006139440168}","{'accuracy': 0.7157216494845361, 'balanced_accuracy': 0.7011345802087185, 'precision': 0.7106661082385872, 'recall': 0.7157216494845361, 'f1': 0.705554367670315}","{'accuracy': 0.7314432989690721, 'balanced_accuracy': 0.7169918257145488, 'precision': 0.7247930192250754, 'recall': 0.7314432989690721, 'f1': 0.7226460562469391}",0.7258247422680413,0.7110253439733907,0.7207574819833276,0.7258247422680413,0.7162809035131905,0.008897167035185538,0.009182105953110664,0.009090803416088502,0.008897167035185538,0.009427352974206306
45,0.6772243489037024,2024-07-24 17:56:57.562071,2024-07-24 17:57:49.856162,0 days 00:00:52.294091,cityblock,105,uniform,COMPLETE,"{'accuracy': 0.7010309278350515, 'balanced_accuracy': 0.6806264005964217, 'precision': 0.6982970873992579, 'recall': 0.7010309278350515, 'f1': 0.6826417070057011}","{'accuracy': 0.7005154639175257, 'balanced_accuracy': 0.6813084621488721, 'precision': 0.6939356794893924, 'recall': 0.7005154639175257, 'f1': 0.683353603601427}","{'accuracy': 0.6917525773195876, 'balanced_accuracy': 0.672065906785105, 'precision': 0.6855858944896644, 'recall': 0.6917525773195876, 'f1': 0.6746859567218741}","{'accuracy': 0.6811855670103093, 'balanced_accuracy': 0.6612832351317471, 'precision': 0.6752319104199939, 'recall': 0.6811855670103093, 'f1': 0.6623523766015266}","{'accuracy': 0.7005154639175257, 'balanced_accuracy': 0.680647241487668, 'precision': 0.6973933105028547, 'recall': 0.7005154639175257, 'f1': 0.6830881005879831}",0.695,0.6751862492299627,0.6900887764602326,0.695,0.6772243489037024,0.008639981016972302,0.008659236576360588,0.009702237674188525,0.008639981016972302,0.009068049828866562
46,0.6440830892579841,2024-07-24 17:57:49.857163,2024-07-24 17:58:02.730581,0 days 00:00:12.873418,cosine,349,distance,COMPLETE,"{'accuracy': 0.6695876288659793, 'balanced_accuracy': 0.6465611207480654, 'precision': 0.6725933816631475, 'recall': 0.6695876288659793, 'f1': 0.6449135168508806}","{'accuracy': 0.6688144329896907, 'balanced_accuracy': 0.6458396097116733, 'precision': 0.6611109297637636, 'recall': 0.6688144329896907, 'f1': 0.6436057320504688}","{'accuracy': 0.6682989690721649, 'balanced_accuracy': 0.6450302576595962, 'precision': 0.660451522246645, 'recall': 0.6682989690721649, 'f1': 0.6444987105339546}","{'accuracy': 0.6634020618556701, 'balanced_accuracy': 0.6391747519827108, 'precision': 0.6576089634252336, 'recall': 0.6634020618556701, 'f1': 0.6368011591049222}","{'accuracy': 0.6765463917525774, 'balanced_accuracy': 0.6523274588579929, 'precision': 0.6747378939299075, 'recall': 0.6765463917525774, 'f1': 0.6505963277496943}",0.6693298969072166,0.6457866397920078,0.6653005382057394,0.6693298969072166,0.6440830892579841,0.004706696486533447,0.004681722838619394,0.007785809945527312,0.004706696486533447,0.004912713184677541
47,0.6590372603295481,2024-07-24 17:58:02.731582,2024-07-24 17:58:55.337475,0 days 00:00:52.605893,cityblock,251,distance,COMPLETE,"{'accuracy': 0.6899484536082474, 'balanced_accuracy': 0.666991071498595, 'precision': 0.6940657403886183, 'recall': 0.6899484536082474, 'f1': 0.666489232291009}","{'accuracy': 0.6829896907216495, 'balanced_accuracy': 0.6605229869282024, 'precision': 0.6788705112507477, 'recall': 0.6829896907216495, 'f1': 0.6584909027621196}","{'accuracy': 0.679639175257732, 'balanced_accuracy': 0.6574107345925778, 'precision': 0.6775815735689934, 'recall': 0.679639175257732, 'f1': 0.657818154885948}","{'accuracy': 0.6698453608247422, 'balanced_accuracy': 0.6463969108936487, 'precision': 0.6660401948064215, 'recall': 0.6698453608247422, 'f1': 0.6431586911324089}","{'accuracy': 0.6920103092783505, 'balanced_accuracy': 0.6693244521331915, 'precision': 0.6947106529330641, 'recall': 0.6920103092783505, 'f1': 0.6692293205762556}",0.6828865979381443,0.660129231209243,0.6822537345895691,0.6828865979381442,0.6590372603295481,0.008856384162851363,0.009052055411174745,0.012153728406085081,0.008856384162851363,0.010165181535631269
48,0.7101777206363914,2024-07-24 17:58:55.337475,2024-07-24 17:59:00.723983,0 days 00:00:05.386508,euclidean,21,distance,COMPLETE,"{'accuracy': 0.7208762886597938, 'balanced_accuracy': 0.708366346852875, 'precision': 0.7152501701119577, 'recall': 0.7208762886597938, 'f1': 0.7147888176104537}","{'accuracy': 0.7172680412371134, 'balanced_accuracy': 0.7048081799322728, 'precision': 0.7102009134136389, 'recall': 0.7172680412371134, 'f1': 0.7110223829250317}","{'accuracy': 0.709278350515464, 'balanced_accuracy': 0.6962349815020388, 'precision': 0.7025787776688425, 'recall': 0.709278350515464, 'f1': 0.7030848130215169}","{'accuracy': 0.7110824742268042, 'balanced_accuracy': 0.6985686631610188, 'precision': 0.7041986992324032, 'recall': 0.7110824742268042, 'f1': 0.7046508219348081}","{'accuracy': 0.722680412371134, 'balanced_accuracy': 0.7104894914381871, 'precision': 0.7165036497354001, 'recall': 0.722680412371134, 'f1': 0.7173417676901465}",0.7162371134020619,0.7036935325772785,0.7097464420324485,0.7162371134020619,0.7101777206363914,0.005896938757034799,0.006147295329961169,0.006291070766473114,0.005896938757034799,0.006207962378373058
49,0.6833654245687063,2024-07-24 17:59:00.724984,2024-07-24 17:59:52.899169,0 days 00:00:52.174185,cityblock,87,uniform,COMPLETE,"{'accuracy': 0.7074742268041238, 'balanced_accuracy': 0.6883877967403568, 'precision': 0.7040448690651673, 'recall': 0.7074742268041238, 'f1': 0.6912280404567498}","{'accuracy': 0.7067010309278351, 'balanced_accuracy': 0.6885211089698298, 'precision': 0.7005189542317379, 'recall': 0.7067010309278351, 'f1': 0.6916569987423374}","{'accuracy': 0.6932989690721649, 'balanced_accuracy': 0.6746202766744593, 'precision': 0.6868397512360405, 'recall': 0.6932989690721649, 'f1': 0.6774188737784891}","{'accuracy': 0.6858247422680412, 'balanced_accuracy': 0.6666056111244348, 'precision': 0.6780078853371246, 'recall': 0.6858247422680412, 'f1': 0.6681014028871279}","{'accuracy': 0.7036082474226805, 'balanced_accuracy': 0.6853036910898482, 'precision': 0.6976908978760784, 'recall': 0.7036082474226805, 'f1': 0.6884218069788268}",0.6993814432989691,0.6806876969197858,0.6934204715492298,0.6993814432989691,0.6833654245687063,0.009456690972267628,0.009709274078833137,0.010751238458540077,0.009456690972267628,0.010301574614512147
