number,value,datetime_start,datetime_complete,duration,params_max_depth,params_min_samples_leaf,params_min_samples_split,params_n_estimators,state,fold_0,fold_1,fold_2,fold_3,fold_4,mse,rmse,mae,mdae,r2,mse_std,rmse_std,mae_std,mdae_std,r2_std
0,39.001116982087254,2024-07-10 18:22:16.617330,2024-07-10 18:22:33.735105,0 days 00:00:17.117775,10,3,8,218,COMPLETE,"{'mse': 1583.3167727213204, 'rmse': 39.79091319285498, 'mae': 29.69719502096894, 'mdae': 21.602976896463897, 'r2': 0.47001384082857967}","{'mse': 1490.2843760379128, 'rmse': 38.60420153348483, 'mae': 29.27283538764937, 'mdae': 22.826547158495774, 'r2': 0.4568390094638777}","{'mse': 1533.470051030374, 'rmse': 39.159546103477425, 'mae': 29.87927483293769, 'mdae': 22.999365504805475, 'r2': 0.4478206500020473}","{'mse': 1499.3109338044344, 'rmse': 38.720936633873336, 'mae': 29.461825007182426, 'mdae': 22.700043578560464, 'r2': 0.45529060275032385}","{'mse': 1500.011927625079, 'rmse': 38.72998744674569, 'mae': 29.148122258852716, 'mdae': 21.663623124444797, 'r2': 0.4783471875302474}",1521.278812243824,39.001116982087254,29.49185050151823,22.35851125255408,0.46166225811501516,38.38247641696402,0.48949769326488807,0.29970078389256855,0.6708386142371575,0.012284010320360254
1,41.48662012815965,2024-07-10 18:22:33.736105,2024-07-10 18:22:37.875822,0 days 00:00:04.139717,3,4,2,120,COMPLETE,"{'mse': 1736.1248310278472, 'rmse': 41.66683130534223, 'mae': 31.985110156110967, 'mdae': 24.990436004983398, 'r2': 0.41886415473441674}","{'mse': 1701.6953066039307, 'rmse': 41.25160974560788, 'mae': 32.106053406616105, 'mdae': 26.14861825, 'r2': 0.3797864869368077}","{'mse': 1699.3081718649173, 'rmse': 41.22266575398682, 'mae': 32.134740454442564, 'mdae': 26.70427164559174, 'r2': 0.38810485333176303}","{'mse': 1755.500486397491, 'rmse': 41.898693134720695, 'mae': 32.39831871829841, 'mdae': 25.91512667019596, 'r2': 0.3622152748591779}","{'mse': 1713.405342935048, 'rmse': 41.39330070114062, 'mae': 32.05204121125843, 'mdae': 25.87987764383483, 'r2': 0.4041362607976736}",1721.2068277658468,41.48662012815965,32.135252789345294,25.927666042921185,0.3906214061319678,24.081712966238463,0.2897803211611562,0.15773674782452404,0.6190269079128826,0.0218571552992671
2,39.09860865526317,2024-07-10 18:22:37.876823,2024-07-10 18:22:59.959718,0 days 00:00:22.082895,8,4,2,321,COMPLETE,"{'mse': 1585.3081030919316, 'rmse': 39.81592775626272, 'mae': 29.81601451960256, 'mdae': 21.973398892596066, 'r2': 0.46934727962431244}","{'mse': 1495.6796256479913, 'rmse': 38.67401744903148, 'mae': 29.460516220348985, 'mdae': 22.938388850669654, 'r2': 0.45487261354004005}","{'mse': 1542.9600829651354, 'rmse': 39.28053058405825, 'mae': 30.048156717840516, 'mdae': 23.10378755712504, 'r2': 0.444403433173016}","{'mse': 1512.000536415775, 'rmse': 38.884451088009136, 'mae': 29.67182945952545, 'mdae': 22.777592663361766, 'r2': 0.4506803877282658}","{'mse': 1508.39928541872, 'rmse': 38.83811639895426, 'mae': 29.357239640621515, 'mdae': 22.385297948168784, 'r2': 0.4754303515360362}",1528.8695267079106,39.09860865526317,29.67075131158781,22.635693182384262,0.4589468131203341,36.01742572760464,0.45870460332704066,0.276597977258854,0.4561260718179409,0.013003072074293211
3,41.500353200399374,2024-07-10 18:22:59.960715,2024-07-10 18:23:12.973776,0 days 00:00:13.013061,3,1,3,425,COMPLETE,"{'mse': 1736.9196325646813, 'rmse': 41.67636779476687, 'mae': 31.97717401512208, 'mdae': 24.988783740844738, 'r2': 0.418598109543039}","{'mse': 1703.5233840350859, 'rmse': 41.27376144762052, 'mae': 32.13129225610213, 'mdae': 26.261690811475965, 'r2': 0.37912021118149}","{'mse': 1697.8926372471033, 'rmse': 41.205492804322866, 'mae': 32.09997019781499, 'mdae': 26.5784152534693, 'r2': 0.38861456591769783}","{'mse': 1758.7293648685686, 'rmse': 41.93720740426774, 'mae': 32.416327766613506, 'mdae': 25.87343076135378, 'r2': 0.3610422023455865}","{'mse': 1714.700026286307, 'rmse': 41.408936551018876, 'mae': 32.07216230278455, 'mdae': 25.98036834481067, 'r2': 0.4036860142369604}",1722.3530090003492,41.500353200399374,32.13938530768745,25.93653778239089,0.39021222064495475,25.233204787428313,0.30350708898375034,0.1651874766364979,0.5962114804694912,0.022157261475896296
4,39.55142867600803,2024-07-10 18:23:12.973776,2024-07-10 18:23:23.422432,0 days 00:00:10.448656,6,2,5,187,COMPLETE,"{'mse': 1593.8698975687846, 'rmse': 39.92330018383731, 'mae': 30.08071393100291, 'mdae': 22.873413271737107, 'r2': 0.4664813764465148}","{'mse': 1529.1498700005982, 'rmse': 39.10434592216827, 'mae': 29.914684750627032, 'mdae': 24.012322795017816, 'r2': 0.44267377996950985}","{'mse': 1581.762904838093, 'rmse': 39.77138298875327, 'mae': 30.54109150716417, 'mdae': 23.917850991026135, 'r2': 0.430431124456912}","{'mse': 1560.4792099578087, 'rmse': 39.50290128532092, 'mae': 30.34414424075173, 'mdae': 23.43845852800019, 'r2': 0.4330677708593025}","{'mse': 1556.7138328722424, 'rmse': 39.45521299996038, 'mae': 30.041819957419357, 'mdae': 23.12248479191956, 'r2': 0.45862820543428007}",1564.3951430475054,39.55142867600803,30.18449087739304,23.472906075540163,0.4462564514333039,24.93474801269749,0.3155010581502074,0.2532652747780389,0.49303136472904313,0.01580605653587349
5,41.498101308202216,2024-07-10 18:23:23.423484,2024-07-10 18:23:33.238966,0 days 00:00:09.815482,3,2,4,325,COMPLETE,"{'mse': 1737.9730934661952, 'rmse': 41.68900446719969, 'mae': 31.990090597942416, 'mdae': 25.047981732231765, 'r2': 0.41824548288825336}","{'mse': 1703.461652170184, 'rmse': 41.27301360659509, 'mae': 32.131614511203324, 'mdae': 26.262162017802147, 'r2': 0.3791427104718448}","{'mse': 1696.35116242811, 'rmse': 41.18678383205115, 'mae': 32.08178111731404, 'mdae': 26.46806130946152, 'r2': 0.3891696276634541}","{'mse': 1758.3820592696004, 'rmse': 41.933066418634354, 'mae': 32.40806020729848, 'mdae': 25.83275914535369, 'r2': 0.36116838072474045}","{'mse': 1714.6753189475344, 'rmse': 41.40863821653079, 'mae': 32.06727452608537, 'mdae': 25.865269302097218, 'r2': 0.40369460660380896}",1722.1686572563249,41.498101308202216,32.135764191968725,25.895246701389272,0.39028416167042035,25.66045540707901,0.3087172462593052,0.16045882843696052,0.5443814590267582,0.021993057646096124
6,39.02628906983682,2024-07-10 18:23:33.239964,2024-07-10 18:23:51.314132,0 days 00:00:18.074168,9,3,3,255,COMPLETE,"{'mse': 1582.1542991418548, 'rmse': 39.77630323624676, 'mae': 29.73549460670911, 'mdae': 21.714349592422252, 'r2': 0.4704029574716505}","{'mse': 1489.6921877201842, 'rmse': 38.596530773117216, 'mae': 29.301278864912412, 'mdae': 22.911082447238456, 'r2': 0.457054843165427}","{'mse': 1537.7064832106066, 'rmse': 39.21360074273474, 'mae': 29.95166602503329, 'mdae': 23.307130570504683, 'r2': 0.44629517490977555}","{'mse': 1505.8868287371822, 'rmse': 38.805757675081956, 'mae': 29.58365288463923, 'mdae': 23.00850329261477, 'r2': 0.4529015374240909}","{'mse': 1500.7297169549522, 'rmse': 38.739252922003445, 'mae': 29.214719042490557, 'mdae': 21.683729121690902, 'r2': 0.4780975649667242}",1523.233903152956,39.02628906983682,29.557362284756927,22.524959004894214,0.4609504155875336,37.46156262893879,0.4778396573261528,0.30449994612160847,0.7680257295408265,0.013020284975876073
7,42.32116446580993,2024-07-10 18:23:51.315130,2024-07-10 18:23:58.423515,0 days 00:00:07.108385,2,1,7,317,COMPLETE,"{'mse': 1798.8044297382128, 'rmse': 42.41231460010421, 'mae': 32.68735566832494, 'mdae': 26.106970952209924, 'r2': 0.3978833122705193}","{'mse': 1786.3704679441548, 'rmse': 42.26547607615647, 'mae': 33.03339581476831, 'mdae': 26.52258386468958, 'r2': 0.3489250988374185}","{'mse': 1761.9656618667304, 'rmse': 41.97577470240103, 'mae': 32.809921752131245, 'mdae': 26.65777652268934, 'r2': 0.365542839761001}","{'mse': 1818.9485112303953, 'rmse': 42.64913259645963, 'mae': 32.97710274521827, 'mdae': 26.523861589214825, 'r2': 0.3391641954705167}","{'mse': 1789.554330103922, 'rmse': 42.303124353928304, 'mae': 32.884708474207905, 'mdae': 26.631343214042047, 'r2': 0.37765424916043366}",1791.128680176683,42.32116446580993,32.87849689093014,26.48850722856914,0.3658339390999778,20.666766377063148,0.2442294887755548,0.13692415009160183,0.22194328712644884,0.023260217613239462
8,39.0581900293178,2024-07-10 18:23:58.423515,2024-07-10 18:24:04.500726,0 days 00:00:06.077211,10,4,10,79,COMPLETE,"{'mse': 1584.0676372175908, 'rmse': 39.800347199711595, 'mae': 29.713174705213337, 'mdae': 21.723893733486953, 'r2': 0.46976250275315923}","{'mse': 1492.740807977049, 'rmse': 38.636004037387835, 'mae': 29.28769509707408, 'mdae': 22.75336994939039, 'r2': 0.45594371858738536}","{'mse': 1537.5294731612175, 'rmse': 39.21134367961926, 'mae': 29.931032556033447, 'mdae': 23.000280297017675, 'r2': 0.4463589135487852}","{'mse': 1515.728229205472, 'rmse': 38.93235452943313, 'mae': 29.630320936972705, 'mdae': 22.89116742813819, 'r2': 0.44932609273392754}","{'mse': 1498.533833039107, 'rmse': 38.71090070043717, 'mae': 29.19539119714256, 'mdae': 21.677274718931223, 'r2': 0.4788612182413826}",1525.7199961200872,39.0581900293178,29.551522898487228,22.409197225392887,0.46005048917292796,36.98128137769038,0.47141774705007083,0.3052879440622269,0.6529702844163725,0.013851933281713281
9,42.318362312183,2024-07-10 18:24:04.502238,2024-07-10 18:24:08.809578,0 days 00:00:04.307340,2,2,8,187,COMPLETE,"{'mse': 1798.3160740754852, 'rmse': 42.40655697030219, 'mae': 32.69089632761528, 'mdae': 26.124834536173196, 'r2': 0.39804678034365404}","{'mse': 1785.6606019082462, 'rmse': 42.25707753629262, 'mae': 33.01351522683383, 'mdae': 26.579376472018424, 'r2': 0.34918382230349754}","{'mse': 1761.88781006379, 'rmse': 41.97484735009515, 'mae': 32.81949944452467, 'mdae': 26.690799430554904, 'r2': 0.3655708730166325}","{'mse': 1819.2408501031825, 'rmse': 42.6525597133769, 'mae': 32.98492701604743, 'mdae': 26.540758848782712, 'r2': 0.3390579868598821}","{'mse': 1789.3551418186398, 'rmse': 42.30076999084815, 'mae': 32.87817059462798, 'mdae': 26.6684846177708, 'r2': 0.3777235200290946}",1790.8920955938688,42.318362312183,32.87740172192984,26.520850781060005,0.36591659651055214,20.795111630651757,0.24573056555382797,0.13060063370317565,0.22985253266167802,0.023309023606144574
10,39.54019631778408,2024-07-10 18:24:08.810578,2024-07-10 18:24:33.976635,0 days 00:00:25.166057,6,3,10,476,COMPLETE,"{'mse': 1597.9115432056574, 'rmse': 39.973885765655275, 'mae': 30.10298057714247, 'mdae': 22.753642294956478, 'r2': 0.46512850992938903}","{'mse': 1527.4963139989982, 'rmse': 39.08319733592683, 'mae': 29.934672769719974, 'mdae': 23.888097233702176, 'r2': 0.4432764482455631}","{'mse': 1579.519405826519, 'rmse': 39.74316803963316, 'mae': 30.49686688911773, 'mdae': 23.813893579759217, 'r2': 0.43123897448639226}","{'mse': 1558.002660978799, 'rmse': 39.471542419555874, 'mae': 30.298507067671174, 'mdae': 23.21155710024263, 'r2': 0.4339675171835641}","{'mse': 1554.6608685591502, 'rmse': 39.42918802814928, 'mae': 29.996512057674177, 'mdae': 22.89211719641027, 'r2': 0.45934215616233876}",1563.5181585138248,39.54019631778408,30.1659078722651,23.311861481014155,0.44659072120144944,26.671100496477397,0.33733081855699776,0.2308900585667478,0.520081427227695,0.015101775695179526
11,38.99139804919766,2024-07-10 18:24:33.976635,2024-07-10 18:24:53.695414,0 days 00:00:19.718779,10,3,6,225,COMPLETE,"{'mse': 1581.7058823674415, 'rmse': 39.770666104145675, 'mae': 29.671671023466846, 'mdae': 21.66570798719738, 'r2': 0.47055305673673375}","{'mse': 1490.2709915724026, 'rmse': 38.60402817805938, 'mae': 29.2664364421925, 'mdae': 22.902667045718097, 'r2': 0.45684388767347395}","{'mse': 1533.4460973231617, 'rmse': 39.15924025467248, 'mae': 29.864868831044667, 'mdae': 23.022993924706952, 'r2': 0.44782927536937644}","{'mse': 1498.2432489097132, 'rmse': 38.70714725873909, 'mae': 29.45785353434868, 'mdae': 22.672183087321997, 'r2': 0.4556784996050347}","{'mse': 1498.9215671375634, 'rmse': 38.71590845037171, 'mae': 29.151943366927934, 'mdae': 21.617177261128134, 'r2': 0.47872637759163505}",1520.5175574620566,38.99139804919766,29.482554639596124,22.37614586121451,0.4619262193952508,38.041242800955224,0.48532930969713983,0.29092532594121506,0.682647479115585,0.012452465289208936
12,39.12075117304857,2024-07-10 18:24:53.696413,2024-07-10 18:25:08.366239,0 days 00:00:14.669826,8,3,8,219,COMPLETE,"{'mse': 1583.9704911839249, 'rmse': 39.79912676408774, 'mae': 29.81442837773664, 'mdae': 22.1650941738289, 'r2': 0.4697950206005972}","{'mse': 1495.7302781601254, 'rmse': 38.67467230837419, 'mae': 29.416399545276143, 'mdae': 22.51328483979312, 'r2': 0.4548541523194124}","{'mse': 1545.2143857636593, 'rmse': 39.309215023498744, 'mae': 30.055403970181295, 'mdae': 23.181195530724036, 'r2': 0.4435916928634148}","{'mse': 1516.8376017116132, 'rmse': 38.94659936004186, 'mae': 29.727332314695236, 'mdae': 22.77789129465452, 'r2': 0.448923050499311}","{'mse': 1511.1989480538953, 'rmse': 38.8741424092403, 'mae': 29.373801319034143, 'mdae': 22.265804218670482, 'r2': 0.4744567246863365}",1530.5903409746436,39.12075117304857,29.67747310538469,22.580654011534214,0.4583241281938143,34.79831554268277,0.4432389748527303,0.28480273153406677,0.4110692272004136,0.013316415502585046
13,38.99323422137538,2024-07-10 18:25:08.367379,2024-07-10 18:25:19.590173,0 days 00:00:11.222794,10,3,6,140,COMPLETE,"{'mse': 1583.6254424112312, 'rmse': 39.79479164930043, 'mae': 29.688797823719625, 'mdae': 21.856788064041886, 'r2': 0.4699105193289107}","{'mse': 1487.1805689007467, 'rmse': 38.56398020045061, 'mae': 29.248480541570537, 'mdae': 22.896748986969094, 'r2': 0.45797024789471885}","{'mse': 1532.0680188966091, 'rmse': 39.141640472731964, 'mae': 29.854301354123013, 'mdae': 22.880766692164684, 'r2': 0.44832550054789144}","{'mse': 1503.2691184968705, 'rmse': 38.77201463036027, 'mae': 29.560761163313064, 'mdae': 22.88954525717679, 'r2': 0.45385256855114087}","{'mse': 1497.2058366578144, 'rmse': 38.693744154033666, 'mae': 29.129790645663768, 'mdae': 21.556905836964404, 'r2': 0.47932304993384645}",1520.6697970726545,38.99323422137538,29.496426305678,22.416150967463373,0.46187637725130165,38.94933310578554,0.49684256763809387,0.30212544343905784,0.6561504083546927,0.012571788244450573
14,39.112684656497414,2024-07-10 18:25:19.590173,2024-07-10 18:25:27.896882,0 days 00:00:08.306709,8,3,6,122,COMPLETE,"{'mse': 1581.3925852769019, 'rmse': 39.766727112963444, 'mae': 29.799038123446252, 'mdae': 22.513508053653084, 'r2': 0.4706579271736263}","{'mse': 1490.8429780451306, 'rmse': 38.611435845421894, 'mae': 29.343197666804095, 'mdae': 22.758976052926524, 'r2': 0.45663541689830134}","{'mse': 1544.886015345929, 'rmse': 39.30503804025546, 'mae': 30.060983800478468, 'mdae': 23.28145932177139, 'r2': 0.44370993407960224}","{'mse': 1520.0591623489856, 'rmse': 38.98793611296943, 'mae': 29.814967815011915, 'mdae': 22.662755093336543, 'r2': 0.4477526366022192}","{'mse': 1512.609923597379, 'rmse': 38.89228617087686, 'mae': 29.385019012717187, 'mdae': 22.083011338198517, 'r2': 0.4739660356811165}",1529.9581329228652,39.112684656497414,29.680641283691585,22.65994197197721,0.4585443900869731,34.6312354996507,0.44163316827546467,0.3074014396641612,0.43312565369776923,0.013460424775304012
15,39.26999520125791,2024-07-10 18:25:27.897883,2024-07-10 18:25:37.183320,0 days 00:00:09.285437,7,2,6,139,COMPLETE,"{'mse': 1584.120470262188, 'rmse': 39.80101092010337, 'mae': 29.91020628508209, 'mdae': 22.41603750906995, 'r2': 0.46974481786352384}","{'mse': 1506.4645716404539, 'rmse': 38.813200997089304, 'mae': 29.604655835098505, 'mdae': 23.24413507935101, 'r2': 0.4509418456662476}","{'mse': 1556.3805038242347, 'rmse': 39.45098862923761, 'mae': 30.23006340045377, 'mdae': 23.55269932104912, 'r2': 0.43957094279493714}","{'mse': 1534.6507623447221, 'rmse': 39.17461885385386, 'mae': 30.02236054355, 'mdae': 22.770133242010022, 'r2': 0.4424514135807758}","{'mse': 1529.6043497462708, 'rmse': 39.11015660600544, 'mae': 29.645521523936694, 'mdae': 22.66625820825646, 'r2': 0.46805595587867466}",1542.2441315635738,39.26999520125791,29.882561517624207,22.92985267194731,0.45415299515683183,29.37288295464031,0.3735111389809068,0.2619566215879761,0.45981239084311964,0.01410914593151401
16,39.0682497811406,2024-07-10 18:25:37.184319,2024-07-10 18:25:42.758435,0 days 00:00:05.574116,10,4,5,63,COMPLETE,"{'mse': 1587.5401331943362, 'rmse': 39.843947259205336, 'mae': 29.733368242853476, 'mdae': 21.754107031825285, 'r2': 0.46860014861331756}","{'mse': 1493.6884502595697, 'rmse': 38.64826581180027, 'mae': 29.244297678565378, 'mdae': 22.783536830241584, 'r2': 0.45559833328433585}","{'mse': 1535.5393077918598, 'rmse': 39.18595804356274, 'mae': 29.89531841038135, 'mdae': 23.135897297498083, 'r2': 0.4470755419689504}","{'mse': 1518.4904720000916, 'rmse': 38.967813282247334, 'mae': 29.68048926128385, 'mdae': 22.694520348687558, 'r2': 0.4483225519914502}","{'mse': 1497.3234954127543, 'rmse': 38.69526450888731, 'mae': 29.182515204297975, 'mdae': 21.446554981918126, 'r2': 0.47928213224559635}",1526.5163717317223,39.0682497811406,29.54719775947641,22.36292329803413,0.4597757416207301,38.07763241277585,0.4850654210127448,0.3155772037033073,0.7236624365177353,0.013859029531942183
17,39.99645793614896,2024-07-10 18:25:42.758435,2024-07-10 18:25:56.926941,0 days 00:00:14.168506,5,3,7,281,COMPLETE,"{'mse': 1623.396659968328, 'rmse': 40.291396848065816, 'mae': 30.457456230535197, 'mdae': 23.170941810333115, 'r2': 0.45659783597848513}","{'mse': 1565.8879198662692, 'rmse': 39.571301720644335, 'mae': 30.374591863527645, 'mdae': 24.094676659447803, 'r2': 0.4292839358053677}","{'mse': 1610.375808998941, 'rmse': 40.12948802313507, 'mae': 30.958116814068866, 'mdae': 24.479245989258693, 'r2': 0.42012805084261173}","{'mse': 1602.867395803807, 'rmse': 40.035826403407825, 'mae': 30.83474256425821, 'mdae': 23.71440159017844, 'r2': 0.4176678677157343}","{'mse': 1596.3442254608274, 'rmse': 39.95427668549172, 'mae': 30.537588794694567, 'mdae': 23.717860286872337, 'r2': 0.4448461111906382}",1599.7744020196344,39.99645793614896,30.6324992534169,23.835425267218078,0.4337047603065674,21.447769668658875,0.2686879730792607,0.25154195941180874,0.4877814382445351,0.016652892138838273
18,39.03306656963722,2024-07-10 18:25:56.926941,2024-07-10 18:26:09.064566,0 days 00:00:12.137625,9,2,5,160,COMPLETE,"{'mse': 1582.5149592815662, 'rmse': 39.78083658348032, 'mae': 29.76037735108181, 'mdae': 22.07573487394849, 'r2': 0.47028223312545203}","{'mse': 1484.1448731168734, 'rmse': 38.52460088199323, 'mae': 29.251696690380548, 'mdae': 23.109993680271764, 'r2': 0.45907666191572505}","{'mse': 1540.390004821052, 'rmse': 39.24780254767204, 'mae': 29.969113702035173, 'mdae': 22.986550287413763, 'r2': 0.4453288794039941}","{'mse': 1507.6725700112447, 'rmse': 38.82875957343016, 'mae': 29.6395156235005, 'mdae': 22.91315682904765, 'r2': 0.4522527660244384}","{'mse': 1504.1469388811315, 'rmse': 38.783333261610345, 'mae': 29.228180678840854, 'mdae': 21.716344618064397, 'r2': 0.4769091721307771}",1523.7738692223734,39.03306656963722,29.569776809167774,22.56035605774921,0.46076994252007736,38.54068365640346,0.49191385506355584,0.3234675026295028,0.6235832790870082,0.012891802917026315
19,39.00503655006393,2024-07-10 18:26:09.065566,2024-07-10 18:26:37.290258,0 days 00:00:28.224692,9,4,7,379,COMPLETE,"{'mse': 1580.6415195666495, 'rmse': 39.75728259786689, 'mae': 29.71984727590907, 'mdae': 21.695962568699574, 'r2': 0.4709093326017251}","{'mse': 1489.1603814521511, 'rmse': 38.58964085673966, 'mae': 29.34615813543928, 'mdae': 22.666323263074894, 'r2': 0.45724866954109233}","{'mse': 1535.4362062736734, 'rmse': 39.184642479850105, 'mae': 29.94621234793357, 'mdae': 23.348783649196356, 'r2': 0.4471126672647837}","{'mse': 1500.9519343774668, 'rmse': 38.74212093287443, 'mae': 29.543068312373872, 'mdae': 22.523605922401607, 'r2': 0.4546944165871545}","{'mse': 1501.6784331692784, 'rmse': 38.75149588298855, 'mae': 29.232597278338083, 'mdae': 21.54993662894372, 'r2': 0.47776763393596067}",1521.5736949678437,39.00503655006393,29.557576669998774,22.35692240646323,0.4615465439861433,37.25881931666113,0.47541915193464895,0.2863081093449605,0.7408432630538392,0.012495456590946719
20,40.002085588986944,2024-07-10 18:26:37.291257,2024-07-10 18:26:48.842315,0 days 00:00:11.551058,5,3,9,252,COMPLETE,"{'mse': 1624.0728634781642, 'rmse': 40.29978738750571, 'mae': 30.473233683925567, 'mdae': 23.265246616849016, 'r2': 0.4563714892946309}","{'mse': 1565.888055097638, 'rmse': 39.57130342934938, 'mae': 30.36984258706777, 'mdae': 24.170250888244325, 'r2': 0.429283886517859}","{'mse': 1611.125608088594, 'rmse': 40.13882918183581, 'mae': 30.958093212723266, 'mdae': 24.54371233175393, 'r2': 0.4198580595417216}","{'mse': 1602.9562269075127, 'rmse': 40.03693578319291, 'mae': 30.84498445194617, 'mdae': 23.93841553013676, 'r2': 0.4176355947989794}","{'mse': 1597.0871000313773, 'rmse': 39.963572163050905, 'mae': 30.545817748784525, 'mdae': 23.70228905522025, 'r2': 0.4445877648389174}",1600.2259707206572,40.002085588986944,30.638394336889462,23.923982884440854,0.4335473589984217,21.701818163025138,0.2718438246963015,0.2514236241552527,0.48166441714678854,0.016595103510128856
21,38.996914934685535,2024-07-10 18:26:48.843313,2024-07-10 18:27:05.879884,0 days 00:00:17.036571,10,3,8,196,COMPLETE,"{'mse': 1582.0841612921026, 'rmse': 39.77542157277661, 'mae': 29.690539256892777, 'mdae': 21.739555395292733, 'r2': 0.4704264348264309}","{'mse': 1490.4295891539646, 'rmse': 38.60608228186285, 'mae': 29.27322091420036, 'mdae': 22.69883425126825, 'r2': 0.4567860839275023}","{'mse': 1534.6342684667973, 'rmse': 39.1744083358868, 'mae': 29.88282899130886, 'mdae': 22.946660708293493, 'r2': 0.44740143292841184}","{'mse': 1499.8418522458273, 'rmse': 38.72779172952968, 'mae': 29.472307919822658, 'mdae': 22.548810930657304, 'r2': 0.4550977166333221}","{'mse': 1497.757397069183, 'rmse': 38.700870753371724, 'mae': 29.113601071560506, 'mdae': 21.33713092221575, 'r2': 0.4791312360992105}",1520.949453645575,38.996914934685535,29.48649963075703,22.254198441545505,0.4617685808829755,38.208608615719726,0.48744130733284324,0.30961737762728464,0.6837162812461349,0.012768720346622289
22,38.992266209051216,2024-07-10 18:27:05.880882,2024-07-10 18:27:21.894974,0 days 00:00:16.014092,10,3,6,197,COMPLETE,"{'mse': 1580.0176628788638, 'rmse': 39.74943600705378, 'mae': 29.658363401621884, 'mdae': 21.662138868943437, 'r2': 0.47111815714999583}","{'mse': 1490.8633486951423, 'rmse': 38.611699634892304, 'mae': 29.272846211447646, 'mdae': 22.856909106195264, 'r2': 0.456627992447897}","{'mse': 1534.6904018207445, 'rmse': 39.17512478372908, 'mae': 29.868433622451064, 'mdae': 23.03676153970843, 'r2': 0.4473812201574646}","{'mse': 1499.0866265417365, 'rmse': 38.71804006586253, 'mae': 29.468512155155192, 'mdae': 22.71773749480368, 'r2': 0.4553720950352851}","{'mse': 1498.2342142864907, 'rmse': 38.70703055371841, 'mae': 29.12546997276815, 'mdae': 21.400336668544423, 'r2': 0.47896541538948034}",1520.5784508445954,38.992266209051216,29.478725072688786,22.33477673563905,0.4618929760360245,37.337373376383496,0.4764802292301308,0.2964043934349355,0.7479444764304971,0.012819956629713834
23,39.035940072603196,2024-07-10 18:27:21.895974,2024-07-10 18:27:31.865245,0 days 00:00:09.969271,9,3,6,113,COMPLETE,"{'mse': 1578.4608295606665, 'rmse': 39.7298480938534, 'mae': 29.718314981512915, 'mdae': 21.77928529636402, 'r2': 0.4716392784600185}","{'mse': 1486.3816902964843, 'rmse': 38.553620975162424, 'mae': 29.248178192107765, 'mdae': 23.100423624421634, 'r2': 0.45826141359502826}","{'mse': 1538.2986886155888, 'rmse': 39.221151036342484, 'mae': 29.95901060108413, 'mdae': 23.05946874649288, 'r2': 0.4460819307089068}","{'mse': 1511.2280642007074, 'rmse': 38.874516899901245, 'mae': 29.693968153384027, 'mdae': 22.776477536979648, 'r2': 0.45096103189964776}","{'mse': 1505.483716879272, 'rmse': 38.800563357756445, 'mae': 29.23466292435858, 'mdae': 21.840686962988656, 'r2': 0.476444286492513}",1523.9705979105438,39.035940072603196,29.570826970489485,22.511268433449366,0.46067758823122285,35.677522474819675,0.4554950036438107,0.3180846960654786,0.6525799016918282,0.013057852159339307
24,39.02294337317005,2024-07-10 18:27:31.866274,2024-07-10 18:27:45.848186,0 days 00:00:13.981912,10,2,4,159,COMPLETE,"{'mse': 1586.4607722233884, 'rmse': 39.830400101221535, 'mae': 29.722874737444275, 'mdae': 22.049496054039928, 'r2': 0.46896144483982627}","{'mse': 1485.3444507380016, 'rmse': 38.540166719125665, 'mae': 29.222937560863738, 'mdae': 23.0799818685817, 'r2': 0.45863945423953034}","{'mse': 1538.6941065531873, 'rmse': 39.226191588697304, 'mae': 29.92785256398616, 'mdae': 23.251594089379346, 'r2': 0.4459395466958548}","{'mse': 1506.1391308315347, 'rmse': 38.80900837217481, 'mae': 29.57948170429726, 'mdae': 22.9295706343351, 'r2': 0.45280987443501974}","{'mse': 1498.3828166544504, 'rmse': 38.70895008463095, 'mae': 29.10560110052635, 'mdae': 21.471164164955695, 'r2': 0.47891373657162684}",1523.0042554001125,39.02294337317005,29.511749533423558,22.556361362258354,0.4610528113563716,40.56417605584,0.5173802934929365,0.3430277451701934,0.763442456570135,0.013074213202734048
25,39.114255078966664,2024-07-10 18:27:45.849184,2024-07-10 18:28:01.979579,0 days 00:00:16.130395,8,3,6,232,COMPLETE,"{'mse': 1583.3818022588887, 'rmse': 39.79173032501714, 'mae': 29.802138792272547, 'mdae': 22.062943608703492, 'r2': 0.4699920733873182}","{'mse': 1494.9552455415303, 'rmse': 38.66465111107988, 'mae': 29.407776565178736, 'mdae': 22.548734740902173, 'r2': 0.4551366269206245}","{'mse': 1544.632025676029, 'rmse': 39.30180690090506, 'mae': 30.052160888372406, 'mdae': 23.238164100905323, 'r2': 0.4438013919145547}","{'mse': 1516.6095942279783, 'rmse': 38.94367206913054, 'mae': 29.731956223781044, 'mdae': 22.938979818166757, 'r2': 0.44900588709856404}","{'mse': 1510.8314215638302, 'rmse': 38.8694149887007, 'mae': 29.372630012411282, 'mdae': 22.41730935409076, 'r2': 0.4745845378214647}",1530.0820178536512,39.114255078966664,29.6733324964032,22.641226324553703,0.4585041034285052,34.77984881438853,0.44309630891864477,0.28481603286886337,0.4577379856296507,0.013306761076467917
26,39.25385551532305,2024-07-10 18:28:01.980575,2024-07-10 18:28:19.704804,0 days 00:00:17.724229,7,4,5,287,COMPLETE,"{'mse': 1586.625420058903, 'rmse': 39.83246690902916, 'mae': 29.89899715075966, 'mdae': 22.642383257192176, 'r2': 0.4689063320061446}","{'mse': 1508.6661703795178, 'rmse': 38.841552110845385, 'mae': 29.645135622936113, 'mdae': 23.2409669803507, 'r2': 0.4501394333407207}","{'mse': 1556.527977926398, 'rmse': 39.45285766489416, 'mae': 30.216568248934987, 'mdae': 23.37217376082159, 'r2': 0.4395178396033753}","{'mse': 1527.2769071814043, 'rmse': 39.080390315110776, 'mae': 29.879365120360315, 'mdae': 23.033153730493783, 'r2': 0.44513038303991603}","{'mse': 1525.8406702970158, 'rmse': 39.06201057673575, 'mae': 29.605542899916834, 'mdae': 22.633755848345217, 'r2': 0.4693648347840891}",1540.9874291686479,39.25385551532305,29.849121808581582,22.98448671544069,0.4546117645548492,30.766870800355203,0.3909225479396684,0.2446222306300122,0.3385626851403565,0.013781442705408502
27,39.0482292658725,2024-07-10 18:28:19.705871,2024-07-10 18:28:27.009555,0 days 00:00:07.303684,9,3,7,92,COMPLETE,"{'mse': 1578.2040853875585, 'rmse': 39.72661683792818, 'mae': 29.702961803605834, 'mdae': 21.533828001231768, 'r2': 0.4717252188482842}","{'mse': 1486.8870713992121, 'rmse': 38.56017468061072, 'mae': 29.27120257425623, 'mdae': 22.910909573580298, 'r2': 0.45807721834694703}","{'mse': 1540.1384440392908, 'rmse': 39.24459764144984, 'mae': 29.999417087112914, 'mdae': 23.200323711026552, 'r2': 0.44541946263309895}","{'mse': 1515.1206376529747, 'rmse': 38.92455057740519, 'mae': 29.7111065514294, 'mdae': 22.604344870206297, 'r2': 0.44954683469003076}","{'mse': 1504.2922503816806, 'rmse': 38.785206591968546, 'mae': 29.259268657142904, 'mdae': 21.751113965715177, 'r2': 0.4768586377639833}",1524.9284977721434,39.0482292658725,29.58879133470946,22.40010402435202,0.4603254744564689,35.492357093401104,0.453167976585423,0.31861310101085694,0.7270850059693247,0.013663112569787621
28,39.2692241291726,2024-07-10 18:28:27.010556,2024-07-10 18:28:36.520788,0 days 00:00:09.510232,7,2,4,153,COMPLETE,"{'mse': 1584.5352160892053, 'rmse': 39.80622082148977, 'mae': 29.909614092208958, 'mdae': 22.699010097775847, 'r2': 0.46960598932859}","{'mse': 1507.0546391270332, 'rmse': 38.820801629114165, 'mae': 29.600058946326836, 'mdae': 22.915488807638084, 'r2': 0.45072678493982066}","{'mse': 1556.9817104625158, 'rmse': 39.458607558586195, 'mae': 30.22921452988216, 'mdae': 23.489366650748387, 'r2': 0.4393544573862279}","{'mse': 1532.6655357633738, 'rmse': 39.14927248063971, 'mae': 29.998815250114877, 'mdae': 22.824459789496125, 'r2': 0.44317265928781957}","{'mse': 1529.6873856488157, 'rmse': 39.11121815603313, 'mae': 29.634061042957786, 'mdae': 22.49311543443403, 'r2': 0.4680270788335653}",1542.1848974181887,39.2692241291726,29.874352772298124,22.884288156018492,0.4541773939552047,29.552649044330625,0.37572215631640543,0.2625063590739797,0.37350266259585635,0.013987366287386303
29,38.994080716497095,2024-07-10 18:28:36.521787,2024-07-10 18:28:52.218753,0 days 00:00:15.696966,10,4,9,203,COMPLETE,"{'mse': 1581.4129951375992, 'rmse': 39.76698373195532, 'mae': 29.687490755012572, 'mdae': 21.593310478915008, 'r2': 0.47065109534826677}","{'mse': 1491.8573891291, 'rmse': 38.6245697597928, 'mae': 29.299004933735613, 'mdae': 22.737884649317564, 'r2': 0.4562656965026245}","{'mse': 1531.3308065000367, 'rmse': 39.132222100208374, 'mae': 29.851702660081678, 'mdae': 23.09638925262048, 'r2': 0.4485909595711546}","{'mse': 1502.0251127729368, 'rmse': 38.75596873738208, 'mae': 29.483448564200927, 'mdae': 22.921294954091543, 'r2': 0.4543045239079524}","{'mse': 1496.967113443125, 'rmse': 38.69065925314694, 'mae': 29.12256566728781, 'mdae': 21.679060106445853, 'r2': 0.47940606969792365}",1520.7186833965595,38.994080716497095,29.48884251606372,22.40558788827809,0.4618436690055844,37.22558797113891,0.4748058443569935,0.2921278569754619,0.7143561170103159,0.01274358142615729
30,38.99326414964449,2024-07-10 18:28:52.237761,2024-07-10 18:29:11.563884,0 days 00:00:19.326123,10,3,6,230,COMPLETE,"{'mse': 1582.1329977106975, 'rmse': 39.77603546999999, 'mae': 29.673626689090785, 'mdae': 21.693058475291124, 'r2': 0.4704100877338182}","{'mse': 1490.0228674384966, 'rmse': 38.6008143364683, 'mae': 29.271489899116617, 'mdae': 22.835699611953473, 'r2': 0.45693432098440123}","{'mse': 1533.6831543086187, 'rmse': 39.162266971009466, 'mae': 29.868594068279624, 'mdae': 23.167923311816814, 'r2': 0.4477439147377462}","{'mse': 1498.575947177536, 'rmse': 38.71144465371366, 'mae': 29.457252341750532, 'mdae': 22.704774607056088, 'r2': 0.4555576281641309}","{'mse': 1498.9100194942753, 'rmse': 38.715759317031036, 'mae': 29.150988945959057, 'mdae': 21.68220079858925, 'r2': 0.4787303934667676}",1520.664997225925,38.99326414964449,29.484390388839323,22.416731360941352,0.46187526901737286,38.23588891172827,0.4877860468158579,0.291822916709317,0.6866640820851152,0.012459525250973349
31,38.99223841515648,2024-07-10 18:29:11.564885,2024-07-10 18:29:33.486996,0 days 00:00:21.922111,10,3,6,233,COMPLETE,"{'mse': 1582.003919862434, 'rmse': 39.774412878915435, 'mae': 29.669722893680404, 'mdae': 21.69315286123038, 'r2': 0.4704532941686984}","{'mse': 1490.000287765354, 'rmse': 38.60052185871784, 'mae': 29.273749468176717, 'mdae': 22.903121901811705, 'r2': 0.4569425505530844}","{'mse': 1534.031982516878, 'rmse': 39.16672034415031, 'mae': 29.86708258799099, 'mdae': 23.119659759103637, 'r2': 0.447618306980902}","{'mse': 1497.7494905423202, 'rmse': 38.70076860402543, 'mae': 29.45628812746642, 'mdae': 22.76799899221704, 'r2': 0.45585788522587256}","{'mse': 1499.1430256364015, 'rmse': 38.71876838997338, 'mae': 29.152378359906493, 'mdae': 21.64264287464392, 'r2': 0.4786493619048684}",1520.5857412646776,38.99223841515648,29.483844287444207,22.42531527780134,0.4619042797666852,38.3071417375633,0.4887287594782462,0.28991002372136726,0.7029373108058997,0.012437343820413766
32,39.034537871774944,2024-07-10 18:29:33.486996,2024-07-10 18:29:46.598207,0 days 00:00:13.111211,9,3,7,177,COMPLETE,"{'mse': 1578.4759281353997, 'rmse': 39.73003810890948, 'mae': 29.700589463763954, 'mdae': 21.787521708724643, 'r2': 0.4716342244899162}","{'mse': 1488.9131440920814, 'rmse': 38.58643730758362, 'mae': 29.288179587592882, 'mdae': 23.216920444087428, 'r2': 0.4573387796513184}","{'mse': 1538.1954597733372, 'rmse': 39.21983502990977, 'mae': 29.952140114299304, 'mdae': 23.14092637646588, 'r2': 0.4461191018522084}","{'mse': 1510.024037824622, 'rmse': 38.859027751921715, 'mae': 29.62659988169765, 'mdae': 23.036225105593104, 'r2': 0.45139846249980087}","{'mse': 1503.6829630286195, 'rmse': 38.77735116055014, 'mae': 29.209631185657667, 'mdae': 21.65209681608566, 'r2': 0.4770705270533103}",1523.858306570812,39.034537871774944,29.555428046602287,22.566738090191343,0.4607122191093108,35.384440107119744,0.4516078328863294,0.3059881287246788,0.7772699287389361,0.01320955778557861
33,38.991749334888624,2024-07-10 18:29:46.599436,2024-07-10 18:30:06.266426,0 days 00:00:19.666990,10,3,5,241,COMPLETE,"{'mse': 1582.2187101399252, 'rmse': 39.77711289347085, 'mae': 29.677039234940185, 'mdae': 21.596358062786287, 'r2': 0.47038139707510584}","{'mse': 1490.8979420604212, 'rmse': 38.61214759710241, 'mae': 29.281569742167243, 'mdae': 22.949996934149556, 'r2': 0.45661538427267023}","{'mse': 1534.906273467137, 'rmse': 39.17787990010609, 'mae': 29.879771251631084, 'mdae': 23.071778594929988, 'r2': 0.4473034880457042}","{'mse': 1497.1847781015679, 'rmse': 38.69347203471882, 'mae': 29.44755893927852, 'mdae': 22.793733843114545, 'r2': 0.45606304892226546}","{'mse': 1497.5455943571058, 'rmse': 38.69813424904495, 'mae': 29.14396344626738, 'mdae': 21.56589364584167, 'r2': 0.4792048938337985}",1520.5506596252312,38.991749334888624,29.485980522856885,22.39555221616441,0.46191364242990884,38.61189327593164,0.49262489589417885,0.29656796672815694,0.7500473829673099,0.012712669260097289
34,39.02331311885147,2024-07-10 18:30:06.266426,2024-07-10 18:30:25.342901,0 days 00:00:19.076475,9,3,5,257,COMPLETE,"{'mse': 1581.8579432547144, 'rmse': 39.77257777985624, 'mae': 29.7329197764127, 'mdae': 21.625888586161818, 'r2': 0.4705021571523964}","{'mse': 1489.2365368646965, 'rmse': 38.5906275780104, 'mae': 29.29449339032796, 'mdae': 22.82736512332716, 'r2': 0.4572209133289372}","{'mse': 1537.4797810850453, 'rmse': 39.21071003036091, 'mae': 29.948295643891605, 'mdae': 23.347421551688118, 'r2': 0.446376806913121}","{'mse': 1505.617645604225, 'rmse': 38.80228917994691, 'mae': 29.58128533278695, 'mdae': 22.91402337705852, 'r2': 0.4529993334040954}","{'mse': 1500.8155724312433, 'rmse': 38.7403610260829, 'mae': 29.21386080551172, 'mdae': 21.692826745927626, 'r2': 0.4780677073703622}",1523.0014958479849,39.02331311885147,29.554170989786183,22.481505076832644,0.46103338363378243,37.443918221257725,0.4776623756111113,0.30465719935356705,0.7763046570072515,0.012978077584878532
35,38.974363664887356,2024-07-10 18:30:25.343900,2024-07-10 18:30:53.320605,0 days 00:00:27.976705,10,4,4,358,COMPLETE,"{'mse': 1581.2409044879537, 'rmse': 39.7648199353141, 'mae': 29.692118264287686, 'mdae': 21.755617441221005, 'r2': 0.47070869952704275}","{'mse': 1489.4341020818854, 'rmse': 38.593187249589604, 'mae': 29.309214381227825, 'mdae': 22.94197713517572, 'r2': 0.45714890712610157}","{'mse': 1533.1878563505934, 'rmse': 39.15594279736594, 'mae': 29.890520393846725, 'mdae': 23.240846528294682, 'r2': 0.44792226403405877}","{'mse': 1496.062099531374, 'rmse': 38.678961975877456, 'mae': 29.420422603606564, 'mdae': 22.645743335871504, 'r2': 0.45647092533634837}","{'mse': 1496.0577976922068, 'rmse': 38.67890636628971, 'mae': 29.141986515580594, 'mdae': 21.508628826693283, 'r2': 0.4797222985959436}",1519.1965520288027,38.974363664887356,29.49085243170988,22.41856265345124,0.462394618923899,38.73521182383087,0.49437959341795207,0.29995940759883055,0.7531932813808084,0.012663225429711635
36,39.09811341678183,2024-07-10 18:30:53.320605,2024-07-10 18:31:18.814240,0 days 00:00:25.493635,8,4,3,374,COMPLETE,"{'mse': 1584.5496474176496, 'rmse': 39.80640209084023, 'mae': 29.812475335561157, 'mdae': 22.157247340157134, 'r2': 0.46960115870690666}","{'mse': 1493.9725246390362, 'rmse': 38.651940761610355, 'mae': 29.448459385496896, 'mdae': 22.9213190814612, 'r2': 0.4554947972587169}","{'mse': 1544.46386191098, 'rmse': 39.2996674529312, 'mae': 30.070245756903887, 'mdae': 23.196737652720195, 'r2': 0.44386194514049837}","{'mse': 1512.6444055324405, 'rmse': 38.89272946878941, 'mae': 29.693404051772145, 'mdae': 22.912388157239114, 'r2': 0.4504464658975508}","{'mse': 1508.5321854502668, 'rmse': 38.83982730973796, 'mae': 29.3532538315146, 'mdae': 22.3334609129287, 'r2': 0.47538413345339503}",1528.8325249900747,39.09811341678183,29.675567672249734,22.704230628901268,0.45895770009141357,36.18741164764604,0.46104804323820237,0.2873573650767345,0.4386573326063553,0.013185461172868495
37,39.00667849639077,2024-07-10 18:31:18.814240,2024-07-10 18:31:44.899618,0 days 00:00:26.085378,9,4,4,347,COMPLETE,"{'mse': 1582.0252927190336, 'rmse': 39.77468155396135, 'mae': 29.732860202773747, 'mdae': 21.799096032643163, 'r2': 0.4704461399981781}","{'mse': 1490.042145729378, 'rmse': 38.601064049186235, 'mae': 29.35246537226837, 'mdae': 22.733906154099756, 'r2': 0.4569272946639623}","{'mse': 1535.3121982450514, 'rmse': 39.18306009291581, 'mae': 29.94634452617069, 'mdae': 23.330416774318337, 'r2': 0.44715732067851877}","{'mse': 1500.0914223899865, 'rmse': 38.731013702070676, 'mae': 29.52175102198524, 'mdae': 22.577251396238637, 'r2': 0.4550070461794946}","{'mse': 1501.0644553012862, 'rmse': 38.743573083819804, 'mae': 29.233631004816992, 'mdae': 21.589766891884295, 'r2': 0.47798115442585387}",1521.7071028769471,39.00667849639077,29.557410425603006,22.40608744983684,0.46150379118920154,37.81338618401521,0.48235821252550504,0.28729755488469405,0.71168193973706,0.012454339943715956
38,40.64845941984828,2024-07-10 18:31:44.899618,2024-07-10 18:31:57.255853,0 days 00:00:12.356235,4,1,2,316,COMPLETE,"{'mse': 1668.7304869762088, 'rmse': 40.85009775968974, 'mae': 31.119937675467682, 'mdae': 24.20954271338411, 'r2': 0.4414231714575295}","{'mse': 1621.407081796843, 'rmse': 40.266699415234456, 'mae': 31.11604920967876, 'mdae': 25.271975426169526, 'r2': 0.40904897697951026}","{'mse': 1656.5795063338378, 'rmse': 40.7010995715575, 'mae': 31.573268093853283, 'mdae': 25.184366786638886, 'r2': 0.40349079891536155}","{'mse': 1666.6297736335305, 'rmse': 40.82437719835455, 'mae': 31.570417512859564, 'mdae': 24.775283900715152, 'r2': 0.3945025818422404}","{'mse': 1648.3618801382363, 'rmse': 40.60002315440517, 'mae': 31.254707162906893, 'mdae': 24.688771266272997, 'r2': 0.4267561511304452}",1652.3417457757314,40.64845941984828,31.326875930953236,24.82598801863613,0.4150443360650174,19.127793643861306,0.2358298345170685,0.2304893051337072,0.4268325983638136,0.018870623907105314
39,39.089962462574434,2024-07-10 18:31:57.256851,2024-07-10 18:32:24.430545,0 days 00:00:27.173694,8,4,3,416,COMPLETE,"{'mse': 1583.4770362852385, 'rmse': 39.79292696303249, 'mae': 29.802735113674554, 'mdae': 21.95191367553804, 'r2': 0.46996019554915136}","{'mse': 1492.483231747152, 'rmse': 38.63267052310974, 'mae': 29.439485605981158, 'mdae': 22.93318991247743, 'r2': 0.4560375968849901}","{'mse': 1543.04220460883, 'rmse': 39.281575892634834, 'mae': 30.054284631061527, 'mdae': 23.130316962494135, 'r2': 0.44437386241237053}","{'mse': 1513.1289316203147, 'rmse': 38.89895797602186, 'mae': 29.708092369481903, 'mdae': 23.014985522258108, 'r2': 0.450270434423807}","{'mse': 1508.8315503725796, 'rmse': 38.843680958073215, 'mae': 29.343612265298088, 'mdae': 22.398880315803154, 'r2': 0.47528002457878993}",1528.192590926823,39.089962462574434,29.669641997099443,22.68585727771417,0.45918442276982174,35.89499610377757,0.4574734983378104,0.28566130078660146,0.4970091127970304,0.013075741623982935
40,38.980689292353766,2024-07-10 18:32:24.431545,2024-07-10 18:32:48.020782,0 days 00:00:23.589237,10,4,4,294,COMPLETE,"{'mse': 1582.4621656996278, 'rmse': 39.78017302249486, 'mae': 29.699145433749827, 'mdae': 21.725673691078924, 'r2': 0.4702999048056885}","{'mse': 1491.0046066370066, 'rmse': 38.613528803218784, 'mae': 29.29558249905186, 'mdae': 22.93780040999954, 'r2': 0.4565765084460127}","{'mse': 1530.6882497358147, 'rmse': 39.124011166236706, 'mae': 29.86774915627932, 'mdae': 22.80302306248567, 'r2': 0.4488223345342107}","{'mse': 1498.0786613517382, 'rmse': 38.70502113875845, 'mae': 29.425537942567054, 'mdae': 22.836236797094486, 'r2': 0.45573829533351096}","{'mse': 1496.1975064382204, 'rmse': 38.68071233106004, 'mae': 29.142653441218098, 'mdae': 21.555433351046915, 'r2': 0.47967371267543024}",1519.6862379724816,38.980689292353766,29.486133694573233,22.371633462341105,0.46222215115897064,38.41583403174527,0.49002584811648897,0.29536614961811114,0.6719272479523837,0.012482746662140831
41,38.980689292353766,2024-07-10 18:32:48.021780,2024-07-10 18:33:12.157158,0 days 00:00:24.135378,10,4,4,294,COMPLETE,"{'mse': 1582.4621656996278, 'rmse': 39.78017302249486, 'mae': 29.69914543374983, 'mdae': 21.72567369107893, 'r2': 0.4702999048056885}","{'mse': 1491.0046066370066, 'rmse': 38.613528803218784, 'mae': 29.29558249905186, 'mdae': 22.937800409999532, 'r2': 0.4565765084460127}","{'mse': 1530.6882497358147, 'rmse': 39.124011166236706, 'mae': 29.867749156279327, 'mdae': 22.80302306248567, 'r2': 0.4488223345342107}","{'mse': 1498.0786613517382, 'rmse': 38.70502113875845, 'mae': 29.425537942567054, 'mdae': 22.83623679709447, 'r2': 0.45573829533351096}","{'mse': 1496.1975064382204, 'rmse': 38.68071233106004, 'mae': 29.142653441218094, 'mdae': 21.555433351046915, 'r2': 0.47967371267543024}",1519.6862379724816,38.980689292353766,29.486133694573237,22.3716334623411,0.46222215115897064,38.41583403174527,0.49002584811648897,0.29536614961811514,0.671927247952378,0.012482746662140831
42,38.98386297166305,2024-07-10 18:33:12.157667,2024-07-10 18:33:37.514492,0 days 00:00:25.356825,10,4,4,298,COMPLETE,"{'mse': 1583.094781668848, 'rmse': 39.78812362588676, 'mae': 29.704969415829403, 'mdae': 21.768054534842637, 'r2': 0.47008814824911427}","{'mse': 1490.7509336287549, 'rmse': 38.61024389496594, 'mae': 29.295393704568507, 'mdae': 22.953711093458473, 'r2': 0.45666896414416647}","{'mse': 1530.5788702074292, 'rmse': 39.12261328448586, 'mae': 29.867673307369966, 'mdae': 22.850170882430906, 'r2': 0.4488617204464733}","{'mse': 1498.442670378255, 'rmse': 38.70972320203614, 'mae': 29.42769249788539, 'mdae': 22.69102886362591, 'r2': 0.45560604849067343}","{'mse': 1496.8086095755157, 'rmse': 38.68861085094056, 'mae': 29.140568408524846, 'mdae': 21.415108374426907, 'r2': 0.47946119191848946}",1519.9351730917606,38.98386297166305,29.48725946683562,22.335614749756964,0.46213721464978336,38.57107040871441,0.4919360964076034,0.2969291566998216,0.6968835771998901,0.012370672726652899
43,39.0063559208878,2024-07-10 18:33:37.515491,2024-07-10 18:33:59.558190,0 days 00:00:22.042699,9,4,4,299,COMPLETE,"{'mse': 1583.2962955878438, 'rmse': 39.79065588285576, 'mae': 29.736713390998123, 'mdae': 21.619304955568754, 'r2': 0.4700206951722644}","{'mse': 1490.2285010412238, 'rmse': 38.603477836086526, 'mae': 29.330636951228463, 'mdae': 22.644809801772087, 'r2': 0.4568593741130921}","{'mse': 1533.5742813315806, 'rmse': 39.16087692240281, 'mae': 29.925216878131046, 'mdae': 23.100305703699142, 'r2': 0.4477831182485371}","{'mse': 1500.8687999703282, 'rmse': 38.74104799783207, 'mae': 29.52400775926056, 'mdae': 22.651323040570794, 'r2': 0.45472461985705814}","{'mse': 1500.4560786986256, 'rmse': 38.73572096526184, 'mae': 29.224963986002276, 'mdae': 21.684635504104875, 'r2': 0.4781927269873609}",1521.6847913259203,39.0063559208878,29.548307793124092,22.340075801143133,0.4615161068756626,38.11429969320949,0.4860415349299111,0.28726269873253685,0.6551335273710602,0.012317082781884944
44,38.9763531213314,2024-07-10 18:33:59.559190,2024-07-10 18:34:25.740077,0 days 00:00:26.180887,10,4,2,340,COMPLETE,"{'mse': 1582.1059257674312, 'rmse': 39.77569516384888, 'mae': 29.697685584279167, 'mdae': 21.804293656763512, 'r2': 0.4704191495687461}","{'mse': 1489.5577536716098, 'rmse': 38.59478920361672, 'mae': 29.311606379084616, 'mdae': 22.964575880577446, 'r2': 0.4571038400764592}","{'mse': 1532.6715227112998, 'rmse': 39.14934894364528, 'mae': 29.88707466354799, 'mdae': 22.94920217717447, 'r2': 0.4481081879607345}","{'mse': 1496.29095819926, 'rmse': 38.681920301340526, 'mae': 29.41766882217808, 'mdae': 22.675140032411395, 'r2': 0.45638777949633025}","{'mse': 1496.1433278718878, 'rmse': 38.680011994205586, 'mae': 29.1359670164599, 'mdae': 21.456165052752027, 'r2': 0.4796925541266097}",1519.3538976442976,38.9763531213314,29.49000049310995,22.36987535993577,0.4623423022457759,38.96670402933224,0.4972361179283499,0.30132915020398526,0.6959209687712562,0.01256756280628424
45,39.0072503760605,2024-07-10 18:34:25.741076,2024-07-10 18:34:51.138963,0 days 00:00:25.397887,9,4,2,346,COMPLETE,"{'mse': 1582.0351686418835, 'rmse': 39.77480570212611, 'mae': 29.732742183641513, 'mdae': 21.80547408061419, 'r2': 0.47044283421470523}","{'mse': 1490.0228579558934, 'rmse': 38.60081421363925, 'mae': 29.35163580846088, 'mdae': 22.725728101693313, 'r2': 0.45693432444050675}","{'mse': 1535.4701529067072, 'rmse': 39.18507563992581, 'mae': 29.949447789365138, 'mdae': 23.35480788657874, 'r2': 0.4471004435961502}","{'mse': 1500.1588903677282, 'rmse': 38.731884673582925, 'mae': 29.521752211384435, 'mdae': 22.61905453217889, 'r2': 0.45498253462511273}","{'mse': 1501.0720930027012, 'rmse': 38.74367165102839, 'mae': 29.23251471299615, 'mdae': 21.615266544592984, 'r2': 0.4779784982946922}",1521.7518325749827,39.0072503760605,29.55761854116962,22.424066229131622,0.4614877270342335,37.82495053665219,0.48250735008771795,0.2887932776111458,0.712761098213718,0.012471812313838882
46,38.97786000559023,2024-07-10 18:34:51.139994,2024-07-10 18:35:18.765115,0 days 00:00:27.625121,10,4,3,341,COMPLETE,"{'mse': 1582.349431564554, 'rmse': 39.77875603339745, 'mae': 29.697723713234204, 'mdae': 21.799513335848587, 'r2': 0.47033764048327664}","{'mse': 1489.636646818655, 'rmse': 38.59581126001441, 'mae': 29.312130239320773, 'mdae': 22.94879441995614, 'r2': 0.45707508604764124}","{'mse': 1532.6319441475346, 'rmse': 39.14884345862001, 'mae': 29.88673550365376, 'mdae': 23.00719977742939, 'r2': 0.448122439602362}","{'mse': 1496.4094594674143, 'rmse': 38.68345201074245, 'mae': 29.41780233887208, 'mdae': 22.6923801382745, 'r2': 0.45634472721618324}","{'mse': 1496.330952774343, 'rmse': 38.68243726517685, 'mae': 29.138447506461137, 'mdae': 21.520331634672814, 'r2': 0.4796273046067542}",1519.4716869545002,38.97786000559023,29.490567860308392,22.39364386123629,0.4623014395912435,39.000938038732635,0.4976398535957177,0.30041051010341635,0.6873048258640209,0.012536021674353403
47,38.96884541817424,2024-07-10 18:35:18.766620,2024-07-10 18:35:50.513205,0 days 00:00:31.746585,10,4,2,403,COMPLETE,"{'mse': 1579.8230040370868, 'rmse': 39.74698735800094, 'mae': 29.676866913125256, 'mdae': 21.70824586901292, 'r2': 0.47118331561586924}","{'mse': 1487.7278109187198, 'rmse': 38.57107479600121, 'mae': 29.299668528054177, 'mdae': 22.886337444577183, 'r2': 0.45777079568188983}","{'mse': 1532.247856778282, 'rmse': 39.1439376759452, 'mae': 29.87902621080568, 'mdae': 23.333196031601126, 'r2': 0.44826074364928725}","{'mse': 1497.4806454489142, 'rmse': 38.697295066308115, 'mae': 29.444533440683355, 'mdae': 22.609808777221417, 'r2': 0.4559555583939132}","{'mse': 1496.5239789020184, 'rmse': 38.684932194615754, 'mae': 29.129373972964647, 'mdae': 21.49085806841459, 'r2': 0.479560176725617}",1518.7606592170043,38.96884541817424,29.485893813126626,22.405689238165444,0.46254611801331535,38.1472838610068,0.48701384919283924,0.2977082215299289,0.7836293222473122,0.012593554665756082
48,38.993239861745806,2024-07-10 18:35:50.514659,2024-07-10 18:36:24.975319,0 days 00:00:34.460660,9,4,3,454,COMPLETE,"{'mse': 1579.2285752930707, 'rmse': 39.73950899662791, 'mae': 29.718402856259697, 'mdae': 21.69734563541988, 'r2': 0.4713822897013902}","{'mse': 1487.0268802035637, 'rmse': 38.561987503285714, 'mae': 29.329299110953368, 'mdae': 22.744974213751625, 'r2': 0.45802626250933753}","{'mse': 1535.3305759844673, 'rmse': 39.18329460349739, 'mae': 29.945192771961658, 'mdae': 23.317909711331534, 'r2': 0.4471507031327778}","{'mse': 1500.4292943960497, 'rmse': 38.73537523241578, 'mae': 29.54718415687528, 'mdae': 22.63124065129933, 'r2': 0.4548842950858951}","{'mse': 1501.2550711372307, 'rmse': 38.74603297290228, 'mae': 29.21700390279433, 'mdae': 21.584814539121645, 'r2': 0.47791486476169165}",1520.6540794028765,38.993239861745806,29.551416559768864,22.395256950184802,0.46187168303821846,37.29116214652287,0.4760836155993368,0.2933129846903965,0.7370847465194952,0.01253149450116136
49,38.968513351473526,2024-07-10 18:36:24.976319,2024-07-10 18:36:56.218319,0 days 00:00:31.242000,10,4,2,401,COMPLETE,"{'mse': 1579.3965699252594, 'rmse': 39.74162263830277, 'mae': 29.67496909724881, 'mdae': 21.716583685974925, 'r2': 0.47132605658909765}","{'mse': 1487.3990838730595, 'rmse': 38.56681324497863, 'mae': 29.297481839875314, 'mdae': 22.850936328654882, 'r2': 0.45789060617618726}","{'mse': 1532.9166284876867, 'rmse': 39.15247921253118, 'mae': 29.884873072031183, 'mdae': 23.292318449396486, 'r2': 0.4480199290813419}","{'mse': 1497.5048688700315, 'rmse': 38.697608051015656, 'mae': 29.444754402270746, 'mdae': 22.655055092668267, 'r2': 0.4559467578677391}","{'mse': 1496.455230062112, 'rmse': 38.68404361053937, 'mae': 29.128541732660523, 'mdae': 21.44114657714423, 'r2': 0.47958408521929674}",1518.7344762436298,38.968513351473526,29.48612402881731,22.39120802676776,0.4625534869867325,38.111648176062374,0.4866253945021864,0.29992735758391037,0.7827356096986666,0.012684783069507032
