number,value,datetime_start,datetime_complete,duration,params_C,params_gamma,params_kernel,state,fold_0,fold_1,fold_2,fold_3,fold_4,accuracy,balanced_accuracy,precision,recall,f1,accuracy_std,balanced_accuracy_std,precision_std,recall_std,f1_std
0,0.4936124821501238,2024-07-10 12:11:39.344593,2024-07-10 12:13:05.094674,0 days 00:01:25.750081,0.0030960101581081526,2.8698379250004886,linear,COMPLETE,"{'accuracy': 0.509180790960452, 'balanced_accuracy': 0.531156036362746, 'precision': 0.4916309179024971, 'recall': 0.509180790960452, 'f1': 0.48920387499410206}","{'accuracy': 0.5324858757062146, 'balanced_accuracy': 0.5538894589804574, 'precision': 0.5184318818503676, 'recall': 0.5324858757062146, 'f1': 0.508055147021634}","{'accuracy': 0.5098870056497176, 'balanced_accuracy': 0.5299309939324383, 'precision': 0.4948708928130348, 'recall': 0.5098870056497176, 'f1': 0.49202626647646597}","{'accuracy': 0.5240112994350282, 'balanced_accuracy': 0.5501671061078436, 'precision': 0.5075649258454789, 'recall': 0.5240112994350282, 'f1': 0.49431045756322844}","{'accuracy': 0.5067137809187279, 'balanced_accuracy': 0.526337896513684, 'precision': 0.4889804095565862, 'recall': 0.5067137809187279, 'f1': 0.4844666646951888}",0.516455750534028,0.5382962983794338,0.5002958055935929,0.516455750534028,0.4936124821501238,0.011236443502829622,0.01272819477572167,0.012392593716391637,0.011236443502829622,0.008869549205096777
1,0.21534102145881046,2024-07-10 12:13:05.095675,2024-07-10 12:14:43.585546,0 days 00:01:38.489871,1.4510161404606145e-09,0.33723885299463113,sigmoid,COMPLETE,"{'accuracy': 0.3862994350282486, 'balanced_accuracy': 0.3333333333333333, 'precision': 0.14922725350314406, 'recall': 0.3862994350282486, 'f1': 0.21528863062705245}","{'accuracy': 0.3862994350282486, 'balanced_accuracy': 0.3333333333333333, 'precision': 0.14922725350314406, 'recall': 0.3862994350282486, 'f1': 0.21528863062705245}","{'accuracy': 0.3862994350282486, 'balanced_accuracy': 0.3333333333333333, 'precision': 0.14922725350314406, 'recall': 0.3862994350282486, 'f1': 0.21528863062705245}","{'accuracy': 0.3862994350282486, 'balanced_accuracy': 0.3333333333333333, 'precision': 0.14922725350314406, 'recall': 0.3862994350282486, 'f1': 0.21528863062705245}","{'accuracy': 0.38657243816254416, 'balanced_accuracy': 0.3333333333333333, 'precision': 0.14943824994693403, 'recall': 0.38657243816254416, 'f1': 0.21555058478584266}",0.38635403565510773,0.3333333333333333,0.14926945279190204,0.38635403565510773,0.21534102145881046,0.0001220907132710791,0.0,9.436047826501639e-05,0.0001220907132710791,0.00011714946120873757
2,0.49507269670281673,2024-07-10 12:14:43.585546,2024-07-10 12:16:08.962637,0 days 00:01:25.377091,4455052.394518218,2.1663579511421804e-08,sigmoid,COMPLETE,"{'accuracy': 0.5049435028248588, 'balanced_accuracy': 0.5236903455098652, 'precision': 0.4940278523413702, 'recall': 0.5049435028248588, 'f1': 0.4944307641925554}","{'accuracy': 0.5218926553672316, 'balanced_accuracy': 0.5397143608551649, 'precision': 0.5106860497769911, 'recall': 0.5218926553672316, 'f1': 0.5091896680231599}","{'accuracy': 0.518361581920904, 'balanced_accuracy': 0.5367007486761898, 'precision': 0.5078460413132636, 'recall': 0.518361581920904, 'f1': 0.5065736332211931}","{'accuracy': 0.5007062146892656, 'balanced_accuracy': 0.5244921987358245, 'precision': 0.48283000969588485, 'recall': 0.5007062146892656, 'f1': 0.475846529227273}","{'accuracy': 0.5053003533568905, 'balanced_accuracy': 0.5248599119385062, 'precision': 0.49263318235204484, 'recall': 0.5053003533568905, 'f1': 0.48932288884990205}",0.5102408616318301,0.5298915131431101,0.49760462709591086,0.5102408616318301,0.49507269670281673,0.009288306087893753,0.007677533986992051,0.011530482257213466,0.009288306087893753,0.013552474898980075
3,0.49320999979417834,2024-07-10 12:16:08.963637,2024-07-10 12:17:28.226003,0 days 00:01:19.262366,0.043541197871659006,1.5977931030670635e-07,linear,COMPLETE,"{'accuracy': 0.4936440677966102, 'balanced_accuracy': 0.5116974506858895, 'precision': 0.4819113180215728, 'recall': 0.4936440677966102, 'f1': 0.48333259065735296}","{'accuracy': 0.530367231638418, 'balanced_accuracy': 0.5496447226893219, 'precision': 0.5182350428751527, 'recall': 0.530367231638418, 'f1': 0.5139257888609106}","{'accuracy': 0.5211864406779662, 'balanced_accuracy': 0.5384561997008553, 'precision': 0.5111245394605992, 'recall': 0.5211864406779662, 'f1': 0.5086633381549747}","{'accuracy': 0.5035310734463276, 'balanced_accuracy': 0.5298212559328789, 'precision': 0.48304439482305667, 'recall': 0.5035310734463276, 'f1': 0.47464952256904647}","{'accuracy': 0.5024734982332155, 'balanced_accuracy': 0.5202919623561326, 'precision': 0.4884183908564751, 'recall': 0.5024734982332155, 'f1': 0.4854787587286071}",0.5102404623585075,0.5299823182730157,0.49654673720737125,0.5102404623585075,0.49320999979417834,0.015047285691856843,0.014888604160863121,0.01692242358736449,0.015047285691856843,0.01710099556784237
4,0.5252171527219194,2024-07-10 12:17:28.227004,2024-07-10 12:19:07.685547,0 days 00:01:39.458543,0.13225121917959448,0.04334465747226369,rbf,COMPLETE,"{'accuracy': 0.5360169491525424, 'balanced_accuracy': 0.5487474300266807, 'precision': 0.5296642874660613, 'recall': 0.5360169491525424, 'f1': 0.5310073587219858}","{'accuracy': 0.528954802259887, 'balanced_accuracy': 0.5394383285200788, 'precision': 0.5231339296445082, 'recall': 0.528954802259887, 'f1': 0.5216703873112246}","{'accuracy': 0.5402542372881356, 'balanced_accuracy': 0.5462076998534526, 'precision': 0.5338718525517471, 'recall': 0.5402542372881356, 'f1': 0.534667659862667}","{'accuracy': 0.538135593220339, 'balanced_accuracy': 0.5518065159985516, 'precision': 0.5291167153497661, 'recall': 0.538135593220339, 'f1': 0.5289880748527378}","{'accuracy': 0.5173144876325089, 'balanced_accuracy': 0.5244023739213745, 'precision': 0.509117738383502, 'recall': 0.5173144876325089, 'f1': 0.5097522828609815}",0.5321352139106825,0.5421204696640276,0.524980904679117,0.5321352139106825,0.5252171527219194,0.009310745225710224,0.010903741854587746,0.009658407218676494,0.009310745225710224,0.009859008179724108
5,0.21534102145881046,2024-07-10 12:19:07.686548,2024-07-10 12:20:53.982369,0 days 00:01:46.295821,141.5458165193241,7.512169189276564e-09,rbf,COMPLETE,"{'accuracy': 0.3862994350282486, 'balanced_accuracy': 0.3333333333333333, 'precision': 0.14922725350314406, 'recall': 0.3862994350282486, 'f1': 0.21528863062705245}","{'accuracy': 0.3862994350282486, 'balanced_accuracy': 0.3333333333333333, 'precision': 0.14922725350314406, 'recall': 0.3862994350282486, 'f1': 0.21528863062705245}","{'accuracy': 0.3862994350282486, 'balanced_accuracy': 0.3333333333333333, 'precision': 0.14922725350314406, 'recall': 0.3862994350282486, 'f1': 0.21528863062705245}","{'accuracy': 0.3862994350282486, 'balanced_accuracy': 0.3333333333333333, 'precision': 0.14922725350314406, 'recall': 0.3862994350282486, 'f1': 0.21528863062705245}","{'accuracy': 0.38657243816254416, 'balanced_accuracy': 0.3333333333333333, 'precision': 0.14943824994693403, 'recall': 0.38657243816254416, 'f1': 0.21555058478584266}",0.38635403565510773,0.3333333333333333,0.14926945279190204,0.38635403565510773,0.21534102145881046,0.0001220907132710791,0.0,9.436047826501639e-05,0.0001220907132710791,0.00011714946120873757
6,0.21534102145881046,2024-07-10 12:20:53.982369,2024-07-10 12:22:26.459385,0 days 00:01:32.477016,0.0001236731388656227,1.1868429491784135e-09,linear,COMPLETE,"{'accuracy': 0.3862994350282486, 'balanced_accuracy': 0.3333333333333333, 'precision': 0.14922725350314406, 'recall': 0.3862994350282486, 'f1': 0.21528863062705245}","{'accuracy': 0.3862994350282486, 'balanced_accuracy': 0.3333333333333333, 'precision': 0.14922725350314406, 'recall': 0.3862994350282486, 'f1': 0.21528863062705245}","{'accuracy': 0.3862994350282486, 'balanced_accuracy': 0.3333333333333333, 'precision': 0.14922725350314406, 'recall': 0.3862994350282486, 'f1': 0.21528863062705245}","{'accuracy': 0.3862994350282486, 'balanced_accuracy': 0.3333333333333333, 'precision': 0.14922725350314406, 'recall': 0.3862994350282486, 'f1': 0.21528863062705245}","{'accuracy': 0.38657243816254416, 'balanced_accuracy': 0.3333333333333333, 'precision': 0.14943824994693403, 'recall': 0.38657243816254416, 'f1': 0.21555058478584266}",0.38635403565510773,0.3333333333333333,0.14926945279190204,0.38635403565510773,0.21534102145881046,0.0001220907132710791,0.0,9.436047826501639e-05,0.0001220907132710791,0.00011714946120873757
7,0.21534102145881046,2024-07-10 12:22:26.460385,2024-07-10 12:24:00.160216,0 days 00:01:33.699831,4.872708398361315e-10,1.0058296249730971,poly,COMPLETE,"{'accuracy': 0.3862994350282486, 'balanced_accuracy': 0.3333333333333333, 'precision': 0.14922725350314406, 'recall': 0.3862994350282486, 'f1': 0.21528863062705245}","{'accuracy': 0.3862994350282486, 'balanced_accuracy': 0.3333333333333333, 'precision': 0.14922725350314406, 'recall': 0.3862994350282486, 'f1': 0.21528863062705245}","{'accuracy': 0.3862994350282486, 'balanced_accuracy': 0.3333333333333333, 'precision': 0.14922725350314406, 'recall': 0.3862994350282486, 'f1': 0.21528863062705245}","{'accuracy': 0.3862994350282486, 'balanced_accuracy': 0.3333333333333333, 'precision': 0.14922725350314406, 'recall': 0.3862994350282486, 'f1': 0.21528863062705245}","{'accuracy': 0.38657243816254416, 'balanced_accuracy': 0.3333333333333333, 'precision': 0.14943824994693403, 'recall': 0.38657243816254416, 'f1': 0.21555058478584266}",0.38635403565510773,0.3333333333333333,0.14926945279190204,0.38635403565510773,0.21534102145881046,0.0001220907132710791,0.0,9.436047826501639e-05,0.0001220907132710791,0.00011714946120873757
8,0.48106335715854137,2024-07-10 12:24:00.161216,2024-07-10 12:27:59.805881,0 days 00:03:59.644665,8.594202586649937,1.079938466818161e-08,linear,COMPLETE,"{'accuracy': 0.480225988700565, 'balanced_accuracy': 0.4953312614100945, 'precision': 0.4731412389152831, 'recall': 0.480225988700565, 'f1': 0.47490706882690314}","{'accuracy': 0.5098870056497176, 'balanced_accuracy': 0.5233812903033718, 'precision': 0.5026357129246258, 'recall': 0.5098870056497176, 'f1': 0.5032102198338536}","{'accuracy': 0.4851694915254237, 'balanced_accuracy': 0.49901479728723147, 'precision': 0.48139153465756485, 'recall': 0.4851694915254237, 'f1': 0.48204878111007093}","{'accuracy': 0.4738700564971751, 'balanced_accuracy': 0.48648034522058864, 'precision': 0.4651786116731563, 'recall': 0.4738700564971751, 'f1': 0.4671053334074317}","{'accuracy': 0.4826855123674912, 'balanced_accuracy': 0.49609856132032376, 'precision': 0.47680690057339636, 'recall': 0.4826855123674912, 'f1': 0.4780453826144476}",0.4863676109480745,0.500061251108322,0.47983079974880527,0.4863676109480745,0.48106335715854137,0.013802750254243185,0.013851317728749197,0.014063079003055824,0.013802750254243185,0.013539655369792382
9,0.39534747589515773,2024-07-10 12:27:59.806881,2024-07-10 12:28:56.965856,0 days 00:00:57.158975,90.7819644340428,1.3823454432319928,sigmoid,COMPLETE,"{'accuracy': 0.3926553672316384, 'balanced_accuracy': 0.3967067322578699, 'precision': 0.39755272008848896, 'recall': 0.3926553672316384, 'f1': 0.393024116347317}","{'accuracy': 0.3771186440677966, 'balanced_accuracy': 0.3920367674158083, 'precision': 0.38083959111866766, 'recall': 0.3771186440677966, 'f1': 0.3692408556006394}","{'accuracy': 0.3855932203389831, 'balanced_accuracy': 0.3945661818667199, 'precision': 0.39750271078648663, 'recall': 0.3855932203389831, 'f1': 0.3838396055596489}","{'accuracy': 0.4230225988700565, 'balanced_accuracy': 0.43058368333412395, 'precision': 0.4369814722259516, 'recall': 0.4230225988700565, 'f1': 0.4240920687324804}","{'accuracy': 0.407773851590106, 'balanced_accuracy': 0.4189961521580059, 'precision': 0.4176541063299569, 'recall': 0.407773851590106, 'f1': 0.4065407332357031}",0.3972327364197161,0.40657790340650557,0.4061061201099103,0.39723273641971607,0.39534747589515773,0.018284142505611615,0.0172021545313541,0.021634579642357564,0.018284142505611615,0.02104118182116155
10,0.503854862221925,2024-07-10 12:28:56.966856,2024-07-10 12:31:39.913208,0 days 00:02:42.946352,799338782.3687483,0.0026470841444489936,rbf,COMPLETE,"{'accuracy': 0.4957627118644068, 'balanced_accuracy': 0.5013713862051484, 'precision': 0.5002277150222108, 'recall': 0.4957627118644068, 'f1': 0.4963189999109265}","{'accuracy': 0.509180790960452, 'balanced_accuracy': 0.5182637797821944, 'precision': 0.5074518121860414, 'recall': 0.509180790960452, 'f1': 0.5067330077783914}","{'accuracy': 0.5120056497175142, 'balanced_accuracy': 0.5170657743940358, 'precision': 0.5146156014207732, 'recall': 0.5120056497175142, 'f1': 0.5124335225250372}","{'accuracy': 0.5127118644067796, 'balanced_accuracy': 0.5238831678772122, 'precision': 0.5109835060058104, 'recall': 0.5127118644067796, 'f1': 0.5099628713822265}","{'accuracy': 0.4925795053003534, 'balanced_accuracy': 0.4949552780459269, 'precision': 0.49720344420316703, 'recall': 0.4925795053003534, 'f1': 0.4938259095130432}",0.5044481044499012,0.5111078772609036,0.5060964157676006,0.5044481044499011,0.503854862221925,0.009540757711535341,0.012304645961513984,0.007277085033265617,0.009540757711535341,0.008314956758006045
11,0.4935669568501127,2024-07-10 12:31:39.913208,2024-07-10 12:35:46.416530,0 days 00:04:06.503322,442391565.4833952,0.0013101543398482494,rbf,COMPLETE,"{'accuracy': 0.4887005649717514, 'balanced_accuracy': 0.49386808477737576, 'precision': 0.4930138310039339, 'recall': 0.4887005649717514, 'f1': 0.48922727527195886}","{'accuracy': 0.5007062146892656, 'balanced_accuracy': 0.5117451555305519, 'precision': 0.4990886300210335, 'recall': 0.5007062146892656, 'f1': 0.4973495336242861}","{'accuracy': 0.5098870056497176, 'balanced_accuracy': 0.5167922904158564, 'precision': 0.5124814353493651, 'recall': 0.5098870056497176, 'f1': 0.5098073857916517}","{'accuracy': 0.4915254237288136, 'balanced_accuracy': 0.5011161472725271, 'precision': 0.49023790946441814, 'recall': 0.4915254237288136, 'f1': 0.48889246332883096}","{'accuracy': 0.48197879858657244, 'balanced_accuracy': 0.48613251423982723, 'precision': 0.4848369887305755, 'recall': 0.48197879858657244, 'f1': 0.4825581262338358}",0.49455960152522416,0.5019308384472276,0.4959317589138652,0.49455960152522405,0.4935669568501127,0.01089175510879965,0.012574203162038423,0.010581656008956634,0.01089175510879965,0.010487343522978579
12,0.4902169738058729,2024-07-10 12:35:46.416530,2024-07-10 12:40:41.030103,0 days 00:04:54.613573,194624.68574599072,0.0010415720259912345,rbf,COMPLETE,"{'accuracy': 0.4879943502824859, 'balanced_accuracy': 0.4942764961558747, 'precision': 0.49186606818573364, 'recall': 0.4879943502824859, 'f1': 0.488185963529919}","{'accuracy': 0.4943502824858757, 'balanced_accuracy': 0.5049631415705008, 'precision': 0.4927576918171569, 'recall': 0.4943502824858757, 'f1': 0.4910368993110935}","{'accuracy': 0.5049435028248588, 'balanced_accuracy': 0.5121908899261594, 'precision': 0.5077839175795958, 'recall': 0.5049435028248588, 'f1': 0.5048229968276511}","{'accuracy': 0.490819209039548, 'balanced_accuracy': 0.5003948598048055, 'precision': 0.4894819995322264, 'recall': 0.490819209039548, 'f1': 0.48829019887736735}","{'accuracy': 0.4784452296819788, 'balanced_accuracy': 0.4835714500691915, 'precision': 0.48103223442963144, 'recall': 0.4784452296819788, 'f1': 0.4787488104833342}",0.4913105148629494,0.4990793675053064,0.4925843823088688,0.4913105148629494,0.4902169738058729,0.009641737909934705,0.010860759801199153,0.009677923115625191,0.009641737909934705,0.009398994902453611
13,0.21534102145881046,2024-07-10 12:40:41.031103,2024-07-10 12:42:24.406065,0 days 00:01:43.374962,4.266162983020342e-06,0.004851562365499215,rbf,COMPLETE,"{'accuracy': 0.3862994350282486, 'balanced_accuracy': 0.3333333333333333, 'precision': 0.14922725350314406, 'recall': 0.3862994350282486, 'f1': 0.21528863062705245}","{'accuracy': 0.3862994350282486, 'balanced_accuracy': 0.3333333333333333, 'precision': 0.14922725350314406, 'recall': 0.3862994350282486, 'f1': 0.21528863062705245}","{'accuracy': 0.3862994350282486, 'balanced_accuracy': 0.3333333333333333, 'precision': 0.14922725350314406, 'recall': 0.3862994350282486, 'f1': 0.21528863062705245}","{'accuracy': 0.3862994350282486, 'balanced_accuracy': 0.3333333333333333, 'precision': 0.14922725350314406, 'recall': 0.3862994350282486, 'f1': 0.21528863062705245}","{'accuracy': 0.38657243816254416, 'balanced_accuracy': 0.3333333333333333, 'precision': 0.14943824994693403, 'recall': 0.38657243816254416, 'f1': 0.21555058478584266}",0.38635403565510773,0.3333333333333333,0.14926945279190204,0.38635403565510773,0.21534102145881046,0.0001220907132710791,0.0,9.436047826501639e-05,0.0001220907132710791,0.00011714946120873757
14,0.4907992768500173,2024-07-10 12:42:24.406065,2024-07-10 12:44:10.379415,0 days 00:01:45.973350,43242.81176564139,6.6374128680225e-06,rbf,COMPLETE,"{'accuracy': 0.4887005649717514, 'balanced_accuracy': 0.5044616474070379, 'precision': 0.48104726306995665, 'recall': 0.4887005649717514, 'f1': 0.4826209344615129}","{'accuracy': 0.5176553672316384, 'balanced_accuracy': 0.5325117721529096, 'precision': 0.5100287736532225, 'recall': 0.5176553672316384, 'f1': 0.5106184755953204}","{'accuracy': 0.4964689265536723, 'balanced_accuracy': 0.5117743575192301, 'precision': 0.490677705223577, 'recall': 0.4964689265536723, 'f1': 0.49104615968844284}","{'accuracy': 0.4901129943502825, 'balanced_accuracy': 0.503874616371475, 'precision': 0.4794329276413249, 'recall': 0.4901129943502825, 'f1': 0.4808220230262026}","{'accuracy': 0.49681978798586574, 'balanced_accuracy': 0.5131228757882568, 'precision': 0.4884573841426361, 'recall': 0.49681978798586574, 'f1': 0.48888879147860775}",0.4979515282186421,0.5131490538477819,0.4899288107461435,0.497951528218642,0.4907992768500173,0.01160542060528478,0.0116005555537102,0.012204301488903297,0.01160542060528478,0.011863203851453188
15,0.5209136571546304,2024-07-10 12:44:10.380422,2024-07-10 12:45:55.394391,0 days 00:01:45.013969,769995978.7740899,0.040137105747755336,poly,COMPLETE,"{'accuracy': 0.5233050847457628, 'balanced_accuracy': 0.5308537999115036, 'precision': 0.5238568554217, 'recall': 0.5233050847457628, 'f1': 0.5229566027941851}","{'accuracy': 0.509180790960452, 'balanced_accuracy': 0.5173911972573413, 'precision': 0.5071541271451158, 'recall': 0.509180790960452, 'f1': 0.5079049950275183}","{'accuracy': 0.5346045197740112, 'balanced_accuracy': 0.5377410600202239, 'precision': 0.5349465430663657, 'recall': 0.5346045197740112, 'f1': 0.534685245374891}","{'accuracy': 0.528954802259887, 'balanced_accuracy': 0.5347836868720762, 'precision': 0.5302174502428201, 'recall': 0.528954802259887, 'f1': 0.5291786491842249}","{'accuracy': 0.5095406360424029, 'balanced_accuracy': 0.5113900770291241, 'precision': 0.5103798825798612, 'recall': 0.5095406360424029, 'f1': 0.5098427933923325}",0.5211171667565032,0.5264319642180537,0.5213109716911726,0.5211171667565031,0.5209136571546304,0.011452263284495091,0.011458549073668084,0.012161832176413175,0.011452263284495091,0.011767855338002104
16,0.21534102145881046,2024-07-10 12:45:55.394391,2024-07-10 12:47:31.218434,0 days 00:01:35.824043,2.073580090165834e-06,0.057084748309968604,poly,COMPLETE,"{'accuracy': 0.3862994350282486, 'balanced_accuracy': 0.3333333333333333, 'precision': 0.14922725350314406, 'recall': 0.3862994350282486, 'f1': 0.21528863062705245}","{'accuracy': 0.3862994350282486, 'balanced_accuracy': 0.3333333333333333, 'precision': 0.14922725350314406, 'recall': 0.3862994350282486, 'f1': 0.21528863062705245}","{'accuracy': 0.3862994350282486, 'balanced_accuracy': 0.3333333333333333, 'precision': 0.14922725350314406, 'recall': 0.3862994350282486, 'f1': 0.21528863062705245}","{'accuracy': 0.3862994350282486, 'balanced_accuracy': 0.3333333333333333, 'precision': 0.14922725350314406, 'recall': 0.3862994350282486, 'f1': 0.21528863062705245}","{'accuracy': 0.38657243816254416, 'balanced_accuracy': 0.3333333333333333, 'precision': 0.14943824994693403, 'recall': 0.38657243816254416, 'f1': 0.21555058478584266}",0.38635403565510773,0.3333333333333333,0.14926945279190204,0.38635403565510773,0.21534102145881046,0.0001220907132710791,0.0,9.436047826501639e-05,0.0001220907132710791,0.00011714946120873757
17,0.21534102145881046,2024-07-10 12:47:31.219442,2024-07-10 12:49:05.096312,0 days 00:01:33.876870,6176.351761863666,1.4313881178886157e-05,poly,COMPLETE,"{'accuracy': 0.3862994350282486, 'balanced_accuracy': 0.3333333333333333, 'precision': 0.14922725350314406, 'recall': 0.3862994350282486, 'f1': 0.21528863062705245}","{'accuracy': 0.3862994350282486, 'balanced_accuracy': 0.3333333333333333, 'precision': 0.14922725350314406, 'recall': 0.3862994350282486, 'f1': 0.21528863062705245}","{'accuracy': 0.3862994350282486, 'balanced_accuracy': 0.3333333333333333, 'precision': 0.14922725350314406, 'recall': 0.3862994350282486, 'f1': 0.21528863062705245}","{'accuracy': 0.3862994350282486, 'balanced_accuracy': 0.3333333333333333, 'precision': 0.14922725350314406, 'recall': 0.3862994350282486, 'f1': 0.21528863062705245}","{'accuracy': 0.38657243816254416, 'balanced_accuracy': 0.3333333333333333, 'precision': 0.14943824994693403, 'recall': 0.38657243816254416, 'f1': 0.21555058478584266}",0.38635403565510773,0.3333333333333333,0.14926945279190204,0.38635403565510773,0.21534102145881046,0.0001220907132710791,0.0,9.436047826501639e-05,0.0001220907132710791,0.00011714946120873757
18,0.5207748712555527,2024-07-10 12:49:05.097819,2024-07-10 12:50:53.027576,0 days 00:01:47.929757,10245281.563712167,0.046455601236038126,poly,COMPLETE,"{'accuracy': 0.5233050847457628, 'balanced_accuracy': 0.5308537999115036, 'precision': 0.5238568554217, 'recall': 0.5233050847457628, 'f1': 0.5229566027941851}","{'accuracy': 0.509180790960452, 'balanced_accuracy': 0.5173911972573413, 'precision': 0.5071541271451158, 'recall': 0.509180790960452, 'f1': 0.5079049950275183}","{'accuracy': 0.5346045197740112, 'balanced_accuracy': 0.5377410600202239, 'precision': 0.5349465430663657, 'recall': 0.5346045197740112, 'f1': 0.534685245374891}","{'accuracy': 0.5282485875706214, 'balanced_accuracy': 0.5341183508773989, 'precision': 0.5295684673380148, 'recall': 0.5282485875706214, 'f1': 0.5284847196888361}","{'accuracy': 0.5095406360424029, 'balanced_accuracy': 0.5113900770291241, 'precision': 0.5103798825798612, 'recall': 0.5095406360424029, 'f1': 0.5098427933923325}",0.5209759238186501,0.5262988970191184,0.5211811751102114,0.52097592381865,0.5207748712555527,0.011335191022389595,0.011340570110059758,0.012045925513980548,0.011335191022389595,0.011649509260514564
19,0.21534102145881046,2024-07-10 12:50:53.028583,2024-07-10 12:52:33.873105,0 days 00:01:40.844522,0.19156606593535683,0.0001069348628257199,poly,COMPLETE,"{'accuracy': 0.3862994350282486, 'balanced_accuracy': 0.3333333333333333, 'precision': 0.14922725350314406, 'recall': 0.3862994350282486, 'f1': 0.21528863062705245}","{'accuracy': 0.3862994350282486, 'balanced_accuracy': 0.3333333333333333, 'precision': 0.14922725350314406, 'recall': 0.3862994350282486, 'f1': 0.21528863062705245}","{'accuracy': 0.3862994350282486, 'balanced_accuracy': 0.3333333333333333, 'precision': 0.14922725350314406, 'recall': 0.3862994350282486, 'f1': 0.21528863062705245}","{'accuracy': 0.3862994350282486, 'balanced_accuracy': 0.3333333333333333, 'precision': 0.14922725350314406, 'recall': 0.3862994350282486, 'f1': 0.21528863062705245}","{'accuracy': 0.38657243816254416, 'balanced_accuracy': 0.3333333333333333, 'precision': 0.14943824994693403, 'recall': 0.38657243816254416, 'f1': 0.21555058478584266}",0.38635403565510773,0.3333333333333333,0.14926945279190204,0.38635403565510773,0.21534102145881046,0.0001220907132710791,0.0,9.436047826501639e-05,0.0001220907132710791,0.00011714946120873757
20,0.5207768233636981,2024-07-10 12:52:33.873105,2024-07-10 12:54:23.278860,0 days 00:01:49.405755,9710660546.130873,0.06094163113530657,poly,COMPLETE,"{'accuracy': 0.5233050847457628, 'balanced_accuracy': 0.5308537999115036, 'precision': 0.5238568554217, 'recall': 0.5233050847457628, 'f1': 0.5229566027941851}","{'accuracy': 0.509180790960452, 'balanced_accuracy': 0.5173911972573413, 'precision': 0.5071541271451158, 'recall': 0.509180790960452, 'f1': 0.5079049950275183}","{'accuracy': 0.5346045197740112, 'balanced_accuracy': 0.5377410600202239, 'precision': 0.5349465430663657, 'recall': 0.5346045197740112, 'f1': 0.534685245374891}","{'accuracy': 0.528954802259887, 'balanced_accuracy': 0.5347836868720762, 'precision': 0.5302174502428201, 'recall': 0.528954802259887, 'f1': 0.5291786491842249}","{'accuracy': 0.508833922261484, 'balanced_accuracy': 0.5107247410344468, 'precision': 0.5097465995190756, 'recall': 0.508833922261484, 'f1': 0.509158624437671}",0.5209758240003194,0.5262988970191184,0.5211843150790154,0.5209758240003194,0.5207768233636981,0.011633781419059953,0.011678648712850204,0.0123065676839369,0.011633781419059953,0.011931605396239633
21,0.5207748712555527,2024-07-10 12:54:23.279860,2024-07-10 12:56:09.400627,0 days 00:01:46.120767,2483827281.1818695,0.039994416995822415,poly,COMPLETE,"{'accuracy': 0.5233050847457628, 'balanced_accuracy': 0.5308537999115036, 'precision': 0.5238568554217, 'recall': 0.5233050847457628, 'f1': 0.5229566027941851}","{'accuracy': 0.509180790960452, 'balanced_accuracy': 0.5173911972573413, 'precision': 0.5071541271451158, 'recall': 0.509180790960452, 'f1': 0.5079049950275183}","{'accuracy': 0.5346045197740112, 'balanced_accuracy': 0.5377410600202239, 'precision': 0.5349465430663657, 'recall': 0.5346045197740112, 'f1': 0.534685245374891}","{'accuracy': 0.5282485875706214, 'balanced_accuracy': 0.5341183508773989, 'precision': 0.5295684673380148, 'recall': 0.5282485875706214, 'f1': 0.5284847196888361}","{'accuracy': 0.5095406360424029, 'balanced_accuracy': 0.5113900770291241, 'precision': 0.5103798825798612, 'recall': 0.5095406360424029, 'f1': 0.5098427933923325}",0.5209759238186501,0.5262988970191184,0.5211811751102114,0.52097592381865,0.5207748712555527,0.011335191022389595,0.011340570110059758,0.012045925513980548,0.011335191022389595,0.011649509260514564
22,0.5207748712555527,2024-07-10 12:56:09.401626,2024-07-10 12:57:54.656561,0 days 00:01:45.254935,6262677112.586564,5.81606454212664,poly,COMPLETE,"{'accuracy': 0.5233050847457628, 'balanced_accuracy': 0.5308537999115036, 'precision': 0.5238568554217, 'recall': 0.5233050847457628, 'f1': 0.5229566027941851}","{'accuracy': 0.509180790960452, 'balanced_accuracy': 0.5173911972573413, 'precision': 0.5071541271451158, 'recall': 0.509180790960452, 'f1': 0.5079049950275183}","{'accuracy': 0.5346045197740112, 'balanced_accuracy': 0.5377410600202239, 'precision': 0.5349465430663657, 'recall': 0.5346045197740112, 'f1': 0.534685245374891}","{'accuracy': 0.5282485875706214, 'balanced_accuracy': 0.5341183508773989, 'precision': 0.5295684673380148, 'recall': 0.5282485875706214, 'f1': 0.5284847196888361}","{'accuracy': 0.5095406360424029, 'balanced_accuracy': 0.5113900770291241, 'precision': 0.5103798825798612, 'recall': 0.5095406360424029, 'f1': 0.5098427933923325}",0.5209759238186501,0.5262988970191184,0.5211811751102114,0.52097592381865,0.5207748712555527,0.011335191022389595,0.011340570110059758,0.012045925513980548,0.011335191022389595,0.011649509260514564
23,0.5206380374646205,2024-07-10 12:57:54.657559,2024-07-10 12:59:43.087067,0 days 00:01:48.429508,14059867.623128729,0.10357474027525837,poly,COMPLETE,"{'accuracy': 0.5233050847457628, 'balanced_accuracy': 0.5308537999115036, 'precision': 0.5238568554217, 'recall': 0.5233050847457628, 'f1': 0.5229566027941851}","{'accuracy': 0.509180790960452, 'balanced_accuracy': 0.5173911972573413, 'precision': 0.5071541271451158, 'recall': 0.509180790960452, 'f1': 0.5079049950275183}","{'accuracy': 0.5346045197740112, 'balanced_accuracy': 0.5377410600202239, 'precision': 0.5349465430663657, 'recall': 0.5346045197740112, 'f1': 0.534685245374891}","{'accuracy': 0.5282485875706214, 'balanced_accuracy': 0.5341183508773989, 'precision': 0.5295684673380148, 'recall': 0.5282485875706214, 'f1': 0.5284847196888361}","{'accuracy': 0.508833922261484, 'balanced_accuracy': 0.5107247410344468, 'precision': 0.5097465995190756, 'recall': 0.508833922261484, 'f1': 0.509158624437671}",0.5208345810624663,0.5261658298201829,0.5210545184980544,0.5208345810624663,0.5206380374646205,0.011516387546353798,0.011561001345346236,0.012190351462218531,0.011516387546353798,0.011812890314588459
24,0.21534102145881046,2024-07-10 12:59:43.088064,2024-07-10 13:01:33.657053,0 days 00:01:50.568989,1632.8011422100792,0.00011516907994761208,poly,COMPLETE,"{'accuracy': 0.3862994350282486, 'balanced_accuracy': 0.3333333333333333, 'precision': 0.14922725350314406, 'recall': 0.3862994350282486, 'f1': 0.21528863062705245}","{'accuracy': 0.3862994350282486, 'balanced_accuracy': 0.3333333333333333, 'precision': 0.14922725350314406, 'recall': 0.3862994350282486, 'f1': 0.21528863062705245}","{'accuracy': 0.3862994350282486, 'balanced_accuracy': 0.3333333333333333, 'precision': 0.14922725350314406, 'recall': 0.3862994350282486, 'f1': 0.21528863062705245}","{'accuracy': 0.3862994350282486, 'balanced_accuracy': 0.3333333333333333, 'precision': 0.14922725350314406, 'recall': 0.3862994350282486, 'f1': 0.21528863062705245}","{'accuracy': 0.38657243816254416, 'balanced_accuracy': 0.3333333333333333, 'precision': 0.14943824994693403, 'recall': 0.38657243816254416, 'f1': 0.21555058478584266}",0.38635403565510773,0.3333333333333333,0.14926945279190204,0.38635403565510773,0.21534102145881046,0.0001220907132710791,0.0,9.436047826501639e-05,0.0001220907132710791,0.00011714946120873757
25,0.21534102145881046,2024-07-10 13:01:33.657053,2024-07-10 13:03:18.406616,0 days 00:01:44.749563,309491.06901040435,1.4185940606915004e-06,poly,COMPLETE,"{'accuracy': 0.3862994350282486, 'balanced_accuracy': 0.3333333333333333, 'precision': 0.14922725350314406, 'recall': 0.3862994350282486, 'f1': 0.21528863062705245}","{'accuracy': 0.3862994350282486, 'balanced_accuracy': 0.3333333333333333, 'precision': 0.14922725350314406, 'recall': 0.3862994350282486, 'f1': 0.21528863062705245}","{'accuracy': 0.3862994350282486, 'balanced_accuracy': 0.3333333333333333, 'precision': 0.14922725350314406, 'recall': 0.3862994350282486, 'f1': 0.21528863062705245}","{'accuracy': 0.3862994350282486, 'balanced_accuracy': 0.3333333333333333, 'precision': 0.14922725350314406, 'recall': 0.3862994350282486, 'f1': 0.21528863062705245}","{'accuracy': 0.38657243816254416, 'balanced_accuracy': 0.3333333333333333, 'precision': 0.14943824994693403, 'recall': 0.38657243816254416, 'f1': 0.21555058478584266}",0.38635403565510773,0.3333333333333333,0.14926945279190204,0.38635403565510773,0.21534102145881046,0.0001220907132710791,0.0,9.436047826501639e-05,0.0001220907132710791,0.00011714946120873757
26,0.5415120819830259,2024-07-10 13:03:18.407616,2024-07-10 13:04:50.843681,0 days 00:01:32.436065,1.585340238100526,0.008077862591579025,rbf,COMPLETE,"{'accuracy': 0.5416666666666666, 'balanced_accuracy': 0.5597912189028403, 'precision': 0.5337334932214883, 'recall': 0.5416666666666666, 'f1': 0.5332967232402663}","{'accuracy': 0.5607344632768362, 'balanced_accuracy': 0.5753899759498569, 'precision': 0.5528308492667587, 'recall': 0.5607344632768362, 'f1': 0.5491471139541432}","{'accuracy': 0.557909604519774, 'balanced_accuracy': 0.5733154713015217, 'precision': 0.5514624265492954, 'recall': 0.557909604519774, 'f1': 0.5494041500494208}","{'accuracy': 0.5607344632768362, 'balanced_accuracy': 0.5821122175541348, 'precision': 0.5537886576761741, 'recall': 0.5607344632768362, 'f1': 0.5446055638311269}","{'accuracy': 0.5420494699646643, 'balanced_accuracy': 0.5554437454089723, 'precision': 0.5337100451307059, 'recall': 0.5420494699646643, 'f1': 0.5311068588401722}",0.5526189335409555,0.5692105258234652,0.5451050943688845,0.5526189335409555,0.5415120819830259,0.00989167017204667,0.011177403730310115,0.010424342817436993,0.00989167017204667,0.00874512534835748
27,0.5579558908036865,2024-07-10 13:04:50.843681,2024-07-10 13:06:26.500647,0 days 00:01:35.656966,2.2082328265651596,0.016854868782159964,rbf,COMPLETE,"{'accuracy': 0.5614406779661016, 'balanced_accuracy': 0.5748017384937091, 'precision': 0.5563737935783011, 'recall': 0.5614406779661016, 'f1': 0.5564892307837049}","{'accuracy': 0.5635593220338984, 'balanced_accuracy': 0.5759704460405951, 'precision': 0.5569178106375405, 'recall': 0.5635593220338984, 'f1': 0.556063062419198}","{'accuracy': 0.5600282485875706, 'balanced_accuracy': 0.5707866980714141, 'precision': 0.5570455540245519, 'recall': 0.5600282485875706, 'f1': 0.5559033395165661}","{'accuracy': 0.5635593220338984, 'balanced_accuracy': 0.5788060136780727, 'precision': 0.5575646717580044, 'recall': 0.5635593220338984, 'f1': 0.5536848785297541}","{'accuracy': 0.5717314487632509, 'balanced_accuracy': 0.5788338275288122, 'precision': 0.5673583221073478, 'recall': 0.5717314487632509, 'f1': 0.5676389427692095}",0.564063803876944,0.5758397447625205,0.5590520304211493,0.5640638038769439,0.5579558908036865,0.00454060232788987,0.0033313324508167648,0.004662631005405693,0.00454060232788987,0.005521546407137591
28,0.4936415287792177,2024-07-10 13:06:26.501647,2024-07-10 13:08:10.077637,0 days 00:01:43.575990,3.1600428867731085,0.00022520136507331705,rbf,COMPLETE,"{'accuracy': 0.5134180790960452, 'balanced_accuracy': 0.5354444649106259, 'precision': 0.4959263159952287, 'recall': 0.5134180790960452, 'f1': 0.49247041585696405}","{'accuracy': 0.5296610169491526, 'balanced_accuracy': 0.551507872366969, 'precision': 0.5156499135213062, 'recall': 0.5296610169491526, 'f1': 0.5037374441075809}","{'accuracy': 0.5056497175141242, 'balanced_accuracy': 0.527275827488176, 'precision': 0.48822100829237314, 'recall': 0.5056497175141242, 'f1': 0.48484972584000713}","{'accuracy': 0.5240112994350282, 'balanced_accuracy': 0.5494457227875278, 'precision': 0.5069472579672072, 'recall': 0.5240112994350282, 'f1': 0.49441087928719935}","{'accuracy': 0.5166077738515901, 'balanced_accuracy': 0.5365683658411823, 'precision': 0.5003198750559852, 'recall': 0.5166077738515901, 'f1': 0.4927391788043372}",0.517869577369188,0.5400484506788962,0.5014128741664201,0.5178695773691879,0.4936415287792177,0.009320565395567462,0.010198953955099782,0.010471926595750101,0.009320565395567462,0.006745386319503114
29,0.21534102145881046,2024-07-10 13:08:10.079639,2024-07-10 13:09:59.926935,0 days 00:01:49.847296,0.0010033022507711796,0.008603038351212096,rbf,COMPLETE,"{'accuracy': 0.3862994350282486, 'balanced_accuracy': 0.3333333333333333, 'precision': 0.14922725350314406, 'recall': 0.3862994350282486, 'f1': 0.21528863062705245}","{'accuracy': 0.3862994350282486, 'balanced_accuracy': 0.3333333333333333, 'precision': 0.14922725350314406, 'recall': 0.3862994350282486, 'f1': 0.21528863062705245}","{'accuracy': 0.3862994350282486, 'balanced_accuracy': 0.3333333333333333, 'precision': 0.14922725350314406, 'recall': 0.3862994350282486, 'f1': 0.21528863062705245}","{'accuracy': 0.3862994350282486, 'balanced_accuracy': 0.3333333333333333, 'precision': 0.14922725350314406, 'recall': 0.3862994350282486, 'f1': 0.21528863062705245}","{'accuracy': 0.38657243816254416, 'balanced_accuracy': 0.3333333333333333, 'precision': 0.14943824994693403, 'recall': 0.38657243816254416, 'f1': 0.21555058478584266}",0.38635403565510773,0.3333333333333333,0.14926945279190204,0.38635403565510773,0.21534102145881046,0.0001220907132710791,0.0,9.436047826501639e-05,0.0001220907132710791,0.00011714946120873757
30,0.21534102145881046,2024-07-10 13:09:59.927941,2024-07-10 13:11:56.460382,0 days 00:01:56.532441,0.024726874213141264,0.4980737508499506,rbf,COMPLETE,"{'accuracy': 0.3862994350282486, 'balanced_accuracy': 0.3333333333333333, 'precision': 0.14922725350314406, 'recall': 0.3862994350282486, 'f1': 0.21528863062705245}","{'accuracy': 0.3862994350282486, 'balanced_accuracy': 0.3333333333333333, 'precision': 0.14922725350314406, 'recall': 0.3862994350282486, 'f1': 0.21528863062705245}","{'accuracy': 0.3862994350282486, 'balanced_accuracy': 0.3333333333333333, 'precision': 0.14922725350314406, 'recall': 0.3862994350282486, 'f1': 0.21528863062705245}","{'accuracy': 0.3862994350282486, 'balanced_accuracy': 0.3333333333333333, 'precision': 0.14922725350314406, 'recall': 0.3862994350282486, 'f1': 0.21528863062705245}","{'accuracy': 0.38657243816254416, 'balanced_accuracy': 0.3333333333333333, 'precision': 0.14943824994693403, 'recall': 0.38657243816254416, 'f1': 0.21555058478584266}",0.38635403565510773,0.3333333333333333,0.14926945279190204,0.38635403565510773,0.21534102145881046,0.0001220907132710791,0.0,9.436047826501639e-05,0.0001220907132710791,0.00011714946120873757
31,0.21534102145881046,2024-07-10 13:11:56.461384,2024-07-10 13:13:40.659293,0 days 00:01:44.197909,8.72241318300245e-05,0.0004859564284740835,rbf,COMPLETE,"{'accuracy': 0.3862994350282486, 'balanced_accuracy': 0.3333333333333333, 'precision': 0.14922725350314406, 'recall': 0.3862994350282486, 'f1': 0.21528863062705245}","{'accuracy': 0.3862994350282486, 'balanced_accuracy': 0.3333333333333333, 'precision': 0.14922725350314406, 'recall': 0.3862994350282486, 'f1': 0.21528863062705245}","{'accuracy': 0.3862994350282486, 'balanced_accuracy': 0.3333333333333333, 'precision': 0.14922725350314406, 'recall': 0.3862994350282486, 'f1': 0.21528863062705245}","{'accuracy': 0.3862994350282486, 'balanced_accuracy': 0.3333333333333333, 'precision': 0.14922725350314406, 'recall': 0.3862994350282486, 'f1': 0.21528863062705245}","{'accuracy': 0.38657243816254416, 'balanced_accuracy': 0.3333333333333333, 'precision': 0.14943824994693403, 'recall': 0.38657243816254416, 'f1': 0.21555058478584266}",0.38635403565510773,0.3333333333333333,0.14926945279190204,0.38635403565510773,0.21534102145881046,0.0001220907132710791,0.0,9.436047826501639e-05,0.0001220907132710791,0.00011714946120873757
32,0.21534102145881046,2024-07-10 13:13:40.659293,2024-07-10 13:15:24.002306,0 days 00:01:43.343013,3.054724325545215e-08,0.011258562712041962,rbf,COMPLETE,"{'accuracy': 0.3862994350282486, 'balanced_accuracy': 0.3333333333333333, 'precision': 0.14922725350314406, 'recall': 0.3862994350282486, 'f1': 0.21528863062705245}","{'accuracy': 0.3862994350282486, 'balanced_accuracy': 0.3333333333333333, 'precision': 0.14922725350314406, 'recall': 0.3862994350282486, 'f1': 0.21528863062705245}","{'accuracy': 0.3862994350282486, 'balanced_accuracy': 0.3333333333333333, 'precision': 0.14922725350314406, 'recall': 0.3862994350282486, 'f1': 0.21528863062705245}","{'accuracy': 0.3862994350282486, 'balanced_accuracy': 0.3333333333333333, 'precision': 0.14922725350314406, 'recall': 0.3862994350282486, 'f1': 0.21528863062705245}","{'accuracy': 0.38657243816254416, 'balanced_accuracy': 0.3333333333333333, 'precision': 0.14943824994693403, 'recall': 0.38657243816254416, 'f1': 0.21555058478584266}",0.38635403565510773,0.3333333333333333,0.14926945279190204,0.38635403565510773,0.21534102145881046,0.0001220907132710791,0.0,9.436047826501639e-05,0.0001220907132710791,0.00011714946120873757
33,0.37642228983278064,2024-07-10 13:15:24.003307,2024-07-10 13:16:22.569646,0 days 00:00:58.566339,0.6203574946498731,9.76141551876409,sigmoid,COMPLETE,"{'accuracy': 0.3735875706214689, 'balanced_accuracy': 0.39387167363072123, 'precision': 0.37527498776005147, 'recall': 0.3735875706214689, 'f1': 0.36401505252351557}","{'accuracy': 0.3792372881355932, 'balanced_accuracy': 0.40005028889839744, 'precision': 0.3807034971143506, 'recall': 0.3792372881355932, 'f1': 0.3667230444145182}","{'accuracy': 0.3940677966101695, 'balanced_accuracy': 0.407880956683459, 'precision': 0.39725840190806105, 'recall': 0.3940677966101695, 'f1': 0.38970540032498185}","{'accuracy': 0.3679378531073446, 'balanced_accuracy': 0.3868717437551572, 'precision': 0.3658303247633751, 'recall': 0.3679378531073446, 'f1': 0.3564677808316253}","{'accuracy': 0.40636042402826855, 'balanced_accuracy': 0.4185047522643137, 'precision': 0.41600833868596826, 'recall': 0.40636042402826855, 'f1': 0.4052001710692625}",0.38423818650056896,0.4014358830464097,0.38701511004636135,0.38423818650056896,0.37642228983278064,0.015733404748575094,0.012289594776550807,0.019824192238901885,0.015733404748575094,0.02031504861930174
34,0.21534102145881046,2024-07-10 13:16:22.569646,2024-07-10 13:18:25.003113,0 days 00:02:02.433467,0.006001773850302851,0.20104554390401405,rbf,COMPLETE,"{'accuracy': 0.3862994350282486, 'balanced_accuracy': 0.3333333333333333, 'precision': 0.14922725350314406, 'recall': 0.3862994350282486, 'f1': 0.21528863062705245}","{'accuracy': 0.3862994350282486, 'balanced_accuracy': 0.3333333333333333, 'precision': 0.14922725350314406, 'recall': 0.3862994350282486, 'f1': 0.21528863062705245}","{'accuracy': 0.3862994350282486, 'balanced_accuracy': 0.3333333333333333, 'precision': 0.14922725350314406, 'recall': 0.3862994350282486, 'f1': 0.21528863062705245}","{'accuracy': 0.3862994350282486, 'balanced_accuracy': 0.3333333333333333, 'precision': 0.14922725350314406, 'recall': 0.3862994350282486, 'f1': 0.21528863062705245}","{'accuracy': 0.38657243816254416, 'balanced_accuracy': 0.3333333333333333, 'precision': 0.14943824994693403, 'recall': 0.38657243816254416, 'f1': 0.21555058478584266}",0.38635403565510773,0.3333333333333333,0.14926945279190204,0.38635403565510773,0.21534102145881046,0.0001220907132710791,0.0,9.436047826501639e-05,0.0001220907132710791,0.00011714946120873757
35,0.4685561973220402,2024-07-10 13:18:25.004117,2024-07-10 13:19:49.137168,0 days 00:01:24.133051,5.622266021065364,0.009248466924955009,sigmoid,COMPLETE,"{'accuracy': 0.4731638418079096, 'balanced_accuracy': 0.4888064596240051, 'precision': 0.4663580725436585, 'recall': 0.4731638418079096, 'f1': 0.4678797760988419}","{'accuracy': 0.4922316384180791, 'balanced_accuracy': 0.5067538762656971, 'precision': 0.4839011674119977, 'recall': 0.4922316384180791, 'f1': 0.48503908703270115}","{'accuracy': 0.481638418079096, 'balanced_accuracy': 0.4954369868217358, 'precision': 0.47594006237780134, 'recall': 0.481638418079096, 'f1': 0.47660682339506644}","{'accuracy': 0.4668079096045198, 'balanced_accuracy': 0.4872206445546234, 'precision': 0.4528889551084089, 'recall': 0.4668079096045198, 'f1': 0.4531633551019527}","{'accuracy': 0.47208480565371025, 'balanced_accuracy': 0.49005708485328564, 'precision': 0.4600242941636829, 'recall': 0.47208480565371025, 'f1': 0.46009194498163875}",0.47718532271266295,0.49365501042386944,0.4678225103211099,0.47718532271266295,0.4685561973220402,0.009951130091635637,0.007946859499739462,0.012352992448919246,0.009951130091635637,0.01270372916063621
36,0.4813820975975761,2024-07-10 13:19:49.138177,2024-07-10 13:55:55.181971,0 days 00:36:06.043794,87.22030150004139,0.3806474317705245,linear,COMPLETE,"{'accuracy': 0.4809322033898305, 'balanced_accuracy': 0.49416217045283095, 'precision': 0.47532963327399996, 'recall': 0.4809322033898305, 'f1': 0.47669444464921673}","{'accuracy': 0.5028248587570622, 'balanced_accuracy': 0.5158946440901944, 'precision': 0.49613063512608846, 'recall': 0.5028248587570622, 'f1': 0.4971504547253117}","{'accuracy': 0.4887005649717514, 'balanced_accuracy': 0.5022855257875738, 'precision': 0.48511158204548915, 'recall': 0.4887005649717514, 'f1': 0.48570075668595264}","{'accuracy': 0.4724576271186441, 'balanced_accuracy': 0.48337119775233733, 'precision': 0.4650935653678773, 'recall': 0.4724576271186441, 'f1': 0.46698849772091633}","{'accuracy': 0.48480565371024736, 'balanced_accuracy': 0.497627834193414, 'precision': 0.47962514074777296, 'recall': 0.48480565371024736, 'f1': 0.48037633420648307}",0.4859441815895071,0.4986682744552701,0.48025811131224555,0.4859441815895071,0.4813820975975761,0.011189931117823829,0.0118871817820162,0.01151246272075696,0.011189931117823829,0.011151830235458364
37,0.21534102145881046,2024-07-10 13:55:55.182972,2024-07-10 13:57:38.945026,0 days 00:01:43.762054,3.021840989642894e-08,0.018486224458128003,rbf,COMPLETE,"{'accuracy': 0.3862994350282486, 'balanced_accuracy': 0.3333333333333333, 'precision': 0.14922725350314406, 'recall': 0.3862994350282486, 'f1': 0.21528863062705245}","{'accuracy': 0.3862994350282486, 'balanced_accuracy': 0.3333333333333333, 'precision': 0.14922725350314406, 'recall': 0.3862994350282486, 'f1': 0.21528863062705245}","{'accuracy': 0.3862994350282486, 'balanced_accuracy': 0.3333333333333333, 'precision': 0.14922725350314406, 'recall': 0.3862994350282486, 'f1': 0.21528863062705245}","{'accuracy': 0.3862994350282486, 'balanced_accuracy': 0.3333333333333333, 'precision': 0.14922725350314406, 'recall': 0.3862994350282486, 'f1': 0.21528863062705245}","{'accuracy': 0.38657243816254416, 'balanced_accuracy': 0.3333333333333333, 'precision': 0.14943824994693403, 'recall': 0.38657243816254416, 'f1': 0.21555058478584266}",0.38635403565510773,0.3333333333333333,0.14926945279190204,0.38635403565510773,0.21534102145881046,0.0001220907132710791,0.0,9.436047826501639e-05,0.0001220907132710791,0.00011714946120873757
38,0.2152842110368503,2024-07-10 13:57:38.946012,2024-07-10 13:59:37.320503,0 days 00:01:58.374491,1605.747460329028,1.8025778307096987,rbf,COMPLETE,"{'accuracy': 0.3862994350282486, 'balanced_accuracy': 0.3333333333333333, 'precision': 0.14922725350314406, 'recall': 0.3862994350282486, 'f1': 0.21528863062705245}","{'accuracy': 0.3862994350282486, 'balanced_accuracy': 0.3333333333333333, 'precision': 0.14922725350314406, 'recall': 0.3862994350282486, 'f1': 0.21528863062705245}","{'accuracy': 0.3862994350282486, 'balanced_accuracy': 0.3333333333333333, 'precision': 0.14922725350314406, 'recall': 0.3862994350282486, 'f1': 0.21528863062705245}","{'accuracy': 0.3855932203389831, 'balanced_accuracy': 0.3327239488117002, 'precision': 0.14905971132538778, 'recall': 0.3855932203389831, 'f1': 0.2150045785172515}","{'accuracy': 0.38657243816254416, 'balanced_accuracy': 0.3333333333333333, 'precision': 0.14943824994693403, 'recall': 0.38657243816254416, 'f1': 0.21555058478584266}",0.3862127927172546,0.3332114564290067,0.1492359443563508,0.3862127927172546,0.2152842110368503,0.000365969755716814,0.0002725250429615678,0.00013436166303304573,0.000365969755716814,0.00019313720414648595
39,0.4902365536826584,2024-07-10 13:59:37.320503,2024-07-10 14:01:11.949122,0 days 00:01:34.628619,0.0008318224072538132,1.1953701774828144e-06,linear,COMPLETE,"{'accuracy': 0.5155367231638418, 'balanced_accuracy': 0.5371440603148417, 'precision': 0.4985028181968263, 'recall': 0.5155367231638418, 'f1': 0.4944586019421947}","{'accuracy': 0.528954802259887, 'balanced_accuracy': 0.5504009104171965, 'precision': 0.5135794505936049, 'recall': 0.528954802259887, 'f1': 0.5014338813268912}","{'accuracy': 0.5035310734463276, 'balanced_accuracy': 0.526152402028997, 'precision': 0.4843408220035863, 'recall': 0.5035310734463276, 'f1': 0.4806576644651274}","{'accuracy': 0.5127118644067796, 'balanced_accuracy': 0.5379337501770959, 'precision': 0.4926476899041312, 'recall': 0.5127118644067796, 'f1': 0.48279028771745014}","{'accuracy': 0.5151943462897527, 'balanced_accuracy': 0.5349388131600185, 'precision': 0.4992995576373107, 'recall': 0.5151943462897527, 'f1': 0.4918423329616282}",0.5151857619133178,0.5373139872196299,0.4976740676670919,0.5151857619133178,0.4902365536826584,0.009105790076810854,0.00868767770806202,0.010716227933165243,0.009105790076810854,0.008558422174052754
40,0.35323677718025465,2024-07-10 14:01:11.950116,2024-07-10 14:03:05.831102,0 days 00:01:53.880986,0.07634847852594204,0.0017022273769057253,rbf,COMPLETE,"{'accuracy': 0.4081920903954802, 'balanced_accuracy': 0.36405603664303215, 'precision': 0.46534656564824545, 'recall': 0.4081920903954802, 'f1': 0.341146552915482}","{'accuracy': 0.4152542372881356, 'balanced_accuracy': 0.3696869171335944, 'precision': 0.474364058121022, 'recall': 0.4152542372881356, 'f1': 0.3495730513262473}","{'accuracy': 0.4096045197740113, 'balanced_accuracy': 0.36581766520214476, 'precision': 0.4740849227113588, 'recall': 0.4096045197740113, 'f1': 0.34602188032323156}","{'accuracy': 0.4244350282485876, 'balanced_accuracy': 0.38050043502534714, 'precision': 0.5408065813707766, 'recall': 0.4244350282485876, 'f1': 0.3658035224745695}","{'accuracy': 0.41908127208480567, 'balanced_accuracy': 0.3760830957525146, 'precision': 0.44527101491341703, 'recall': 0.41908127208480567, 'f1': 0.3636388788617431}",0.41531342955820405,0.37122882995132656,0.47997462855296397,0.4153134295582041,0.35323677718025465,0.006721399149230503,0.006939627512355674,0.03600352289390705,0.006721399149230503,0.010929066214086066
41,0.21534102145881046,2024-07-10 14:03:05.831102,2024-07-10 14:04:44.764018,0 days 00:01:38.932916,86789750.85647908,1.4629629508868355e-10,poly,COMPLETE,"{'accuracy': 0.3862994350282486, 'balanced_accuracy': 0.3333333333333333, 'precision': 0.14922725350314406, 'recall': 0.3862994350282486, 'f1': 0.21528863062705245}","{'accuracy': 0.3862994350282486, 'balanced_accuracy': 0.3333333333333333, 'precision': 0.14922725350314406, 'recall': 0.3862994350282486, 'f1': 0.21528863062705245}","{'accuracy': 0.3862994350282486, 'balanced_accuracy': 0.3333333333333333, 'precision': 0.14922725350314406, 'recall': 0.3862994350282486, 'f1': 0.21528863062705245}","{'accuracy': 0.3862994350282486, 'balanced_accuracy': 0.3333333333333333, 'precision': 0.14922725350314406, 'recall': 0.3862994350282486, 'f1': 0.21528863062705245}","{'accuracy': 0.38657243816254416, 'balanced_accuracy': 0.3333333333333333, 'precision': 0.14943824994693403, 'recall': 0.38657243816254416, 'f1': 0.21555058478584266}",0.38635403565510773,0.3333333333333333,0.14926945279190204,0.38635403565510773,0.21534102145881046,0.0001220907132710791,0.0,9.436047826501639e-05,0.0001220907132710791,0.00011714946120873757
42,0.3987708197934946,2024-07-10 14:04:44.765018,2024-07-10 14:05:56.080860,0 days 00:01:11.315842,67051178.5951719,0.14431410458118352,sigmoid,COMPLETE,"{'accuracy': 0.3898305084745763, 'balanced_accuracy': 0.38579111813201616, 'precision': 0.39036524503764614, 'recall': 0.3898305084745763, 'f1': 0.38983883796803076}","{'accuracy': 0.3912429378531073, 'balanced_accuracy': 0.40148413794248666, 'precision': 0.38988907097262193, 'recall': 0.3912429378531073, 'f1': 0.3871606304691984}","{'accuracy': 0.4046610169491525, 'balanced_accuracy': 0.4129778655073606, 'precision': 0.40780448745294945, 'recall': 0.4046610169491525, 'f1': 0.4035740226484523}","{'accuracy': 0.4145480225988701, 'balanced_accuracy': 0.42202348145295926, 'precision': 0.42416896491721756, 'recall': 0.4145480225988701, 'f1': 0.41390469245609274}","{'accuracy': 0.4049469964664311, 'balanced_accuracy': 0.4236184292220842, 'precision': 0.41233856921205875, 'recall': 0.4049469964664311, 'f1': 0.3993759154256989}",0.4010458964684275,0.40917900645138144,0.4049132675184988,0.4010458964684275,0.3987708197934946,0.010398052856103202,0.0157647797285018,0.01476183914874182,0.010398052856103202,0.010805644307885342
43,0.2284693712359207,2024-07-10 14:05:56.080860,2024-07-10 14:08:02.825362,0 days 00:02:06.744502,380095.93771033426,0.4629234078484677,rbf,COMPLETE,"{'accuracy': 0.3912429378531073, 'balanced_accuracy': 0.3385668552411114, 'precision': 0.6453604171974651, 'recall': 0.3912429378531073, 'f1': 0.23277814695913693}","{'accuracy': 0.3912429378531073, 'balanced_accuracy': 0.338158539715207, 'precision': 0.4026147645644007, 'recall': 0.3912429378531073, 'f1': 0.2293861945407913}","{'accuracy': 0.3905367231638418, 'balanced_accuracy': 0.33773366482730166, 'precision': 0.6668832318549833, 'recall': 0.3905367231638418, 'f1': 0.22789007564723243}","{'accuracy': 0.3877118644067797, 'balanced_accuracy': 0.3349997141609529, 'precision': 0.3378711533730951, 'recall': 0.3877118644067797, 'f1': 0.225537692392158}","{'accuracy': 0.3872791519434629, 'balanced_accuracy': 0.3344462811123639, 'precision': 0.3262886389178572, 'recall': 0.3872791519434629, 'f1': 0.22675474664028492}",0.38960272304405985,0.33678101101138735,0.47580364118156027,0.3896027230440598,0.2284693712359207,0.001951108307417624,0.0019116979629653478,0.16733023413318043,0.001951108307417624,0.002796264245888161
44,0.48149794053201633,2024-07-10 14:08:02.826602,2024-07-10 14:24:03.434402,0 days 00:16:00.607800,41.875826172885944,0.026877981381570677,linear,COMPLETE,"{'accuracy': 0.4759887005649718, 'balanced_accuracy': 0.4901369399081708, 'precision': 0.46949423019224656, 'recall': 0.4759887005649718, 'f1': 0.4711381589743742}","{'accuracy': 0.510593220338983, 'balanced_accuracy': 0.5243037426194163, 'precision': 0.5037114191544544, 'recall': 0.510593220338983, 'f1': 0.5044796167041201}","{'accuracy': 0.4858757062146893, 'balanced_accuracy': 0.4996408370234599, 'precision': 0.4829202216621217, 'recall': 0.4858757062146893, 'f1': 0.48318086772487634}","{'accuracy': 0.4745762711864407, 'balanced_accuracy': 0.4851433998441926, 'precision': 0.4677739188660849, 'recall': 0.4745762711864407, 'f1': 0.4696175822924313}","{'accuracy': 0.4833922261484099, 'balanced_accuracy': 0.49538139680204357, 'precision': 0.4781242916768189, 'recall': 0.4833922261484099, 'f1': 0.4790734769642798}",0.48608522489069894,0.4989212632394566,0.48040481631034526,0.48608522489069894,0.48149794053201633,0.014511493720680864,0.015201254524105513,0.014433522201015011,0.014511493720680864,0.01401192075546863
45,0.5207748712555527,2024-07-10 14:24:03.435402,2024-07-10 14:25:45.796279,0 days 00:01:42.360877,199433707.2005024,0.0028996899722551683,poly,COMPLETE,"{'accuracy': 0.5233050847457628, 'balanced_accuracy': 0.5308537999115036, 'precision': 0.5238568554217, 'recall': 0.5233050847457628, 'f1': 0.5229566027941851}","{'accuracy': 0.509180790960452, 'balanced_accuracy': 0.5173911972573413, 'precision': 0.5071541271451158, 'recall': 0.509180790960452, 'f1': 0.5079049950275183}","{'accuracy': 0.5346045197740112, 'balanced_accuracy': 0.5377410600202239, 'precision': 0.5349465430663657, 'recall': 0.5346045197740112, 'f1': 0.534685245374891}","{'accuracy': 0.5282485875706214, 'balanced_accuracy': 0.5341183508773989, 'precision': 0.5295684673380148, 'recall': 0.5282485875706214, 'f1': 0.5284847196888361}","{'accuracy': 0.5095406360424029, 'balanced_accuracy': 0.5113900770291241, 'precision': 0.5103798825798612, 'recall': 0.5095406360424029, 'f1': 0.5098427933923325}",0.5209759238186501,0.5262988970191184,0.5211811751102114,0.52097592381865,0.5207748712555527,0.011335191022389595,0.011340570110059758,0.012045925513980548,0.011335191022389595,0.011649509260514564
46,0.48690939984817405,2024-07-10 14:25:45.797212,2024-07-10 14:33:20.318134,0 days 00:07:34.520922,3016247.3676992287,0.0006594239506943876,rbf,COMPLETE,"{'accuracy': 0.4781073446327684, 'balanced_accuracy': 0.4857451128530106, 'precision': 0.4813789244854601, 'recall': 0.4781073446327684, 'f1': 0.4779174932686018}","{'accuracy': 0.4992937853107345, 'balanced_accuracy': 0.5086526632768958, 'precision': 0.49858567736836645, 'recall': 0.4992937853107345, 'f1': 0.49709024213531466}","{'accuracy': 0.4985875706214689, 'balanced_accuracy': 0.5066671329730122, 'precision': 0.5021571007551505, 'recall': 0.4985875706214689, 'f1': 0.49842332748079016}","{'accuracy': 0.4872881355932203, 'balanced_accuracy': 0.49706817983141893, 'precision': 0.48644974168403876, 'recall': 0.4872881355932203, 'f1': 0.4848838771750592}","{'accuracy': 0.4763250883392226, 'balanced_accuracy': 0.4825280356336312, 'precision': 0.4781903525477934, 'recall': 0.4763250883392226, 'f1': 0.4762320591811045}",0.487920384899483,0.49613222491359377,0.48935235936816185,0.487920384899483,0.48690939984817405,0.010889094187807981,0.011848921250075977,0.010557068873359022,0.010889094187807981,0.010430517831829657
47,0.21534102145881046,2024-07-10 14:33:20.319134,2024-07-10 14:35:18.684344,0 days 00:01:58.365210,0.8196087876480882,2.785716212391811,rbf,COMPLETE,"{'accuracy': 0.3862994350282486, 'balanced_accuracy': 0.3333333333333333, 'precision': 0.14922725350314406, 'recall': 0.3862994350282486, 'f1': 0.21528863062705245}","{'accuracy': 0.3862994350282486, 'balanced_accuracy': 0.3333333333333333, 'precision': 0.14922725350314406, 'recall': 0.3862994350282486, 'f1': 0.21528863062705245}","{'accuracy': 0.3862994350282486, 'balanced_accuracy': 0.3333333333333333, 'precision': 0.14922725350314406, 'recall': 0.3862994350282486, 'f1': 0.21528863062705245}","{'accuracy': 0.3862994350282486, 'balanced_accuracy': 0.3333333333333333, 'precision': 0.14922725350314406, 'recall': 0.3862994350282486, 'f1': 0.21528863062705245}","{'accuracy': 0.38657243816254416, 'balanced_accuracy': 0.3333333333333333, 'precision': 0.14943824994693403, 'recall': 0.38657243816254416, 'f1': 0.21555058478584266}",0.38635403565510773,0.3333333333333333,0.14926945279190204,0.38635403565510773,0.21534102145881046,0.0001220907132710791,0.0,9.436047826501639e-05,0.0001220907132710791,0.00011714946120873757
48,0.21534102145881046,2024-07-10 14:35:18.685342,2024-07-10 14:36:55.265195,0 days 00:01:36.579853,3.70223054162691e-05,0.10513154569353113,poly,COMPLETE,"{'accuracy': 0.3862994350282486, 'balanced_accuracy': 0.3333333333333333, 'precision': 0.14922725350314406, 'recall': 0.3862994350282486, 'f1': 0.21528863062705245}","{'accuracy': 0.3862994350282486, 'balanced_accuracy': 0.3333333333333333, 'precision': 0.14922725350314406, 'recall': 0.3862994350282486, 'f1': 0.21528863062705245}","{'accuracy': 0.3862994350282486, 'balanced_accuracy': 0.3333333333333333, 'precision': 0.14922725350314406, 'recall': 0.3862994350282486, 'f1': 0.21528863062705245}","{'accuracy': 0.3862994350282486, 'balanced_accuracy': 0.3333333333333333, 'precision': 0.14922725350314406, 'recall': 0.3862994350282486, 'f1': 0.21528863062705245}","{'accuracy': 0.38657243816254416, 'balanced_accuracy': 0.3333333333333333, 'precision': 0.14943824994693403, 'recall': 0.38657243816254416, 'f1': 0.21555058478584266}",0.38635403565510773,0.3333333333333333,0.14926945279190204,0.38635403565510773,0.21534102145881046,0.0001220907132710791,0.0,9.436047826501639e-05,0.0001220907132710791,0.00011714946120873757
49,0.21534102145881046,2024-07-10 14:36:55.265195,2024-07-10 14:38:41.786218,0 days 00:01:46.521023,0.011038755508042793,0.004870044474178297,sigmoid,COMPLETE,"{'accuracy': 0.3862994350282486, 'balanced_accuracy': 0.3333333333333333, 'precision': 0.14922725350314406, 'recall': 0.3862994350282486, 'f1': 0.21528863062705245}","{'accuracy': 0.3862994350282486, 'balanced_accuracy': 0.3333333333333333, 'precision': 0.14922725350314406, 'recall': 0.3862994350282486, 'f1': 0.21528863062705245}","{'accuracy': 0.3862994350282486, 'balanced_accuracy': 0.3333333333333333, 'precision': 0.14922725350314406, 'recall': 0.3862994350282486, 'f1': 0.21528863062705245}","{'accuracy': 0.3862994350282486, 'balanced_accuracy': 0.3333333333333333, 'precision': 0.14922725350314406, 'recall': 0.3862994350282486, 'f1': 0.21528863062705245}","{'accuracy': 0.38657243816254416, 'balanced_accuracy': 0.3333333333333333, 'precision': 0.14943824994693403, 'recall': 0.38657243816254416, 'f1': 0.21555058478584266}",0.38635403565510773,0.3333333333333333,0.14926945279190204,0.38635403565510773,0.21534102145881046,0.0001220907132710791,0.0,9.436047826501639e-05,0.0001220907132710791,0.00011714946120873757
