number,value,datetime_start,datetime_complete,duration,params_dropout_rate,params_learning_rate,params_num_layers,params_num_units,state,fold_0,fold_1,fold_2,fold_3,fold_4,accuracy,balanced_accuracy,precision,recall,f1,accuracy_std,balanced_accuracy_std,precision_std,recall_std,f1_std
0,0.43456098506987145,2024-07-10 16:10:43.939331,2024-07-10 16:11:12.675778,0 days 00:00:28.736447,0.4,0.015751320499779727,2,128,COMPLETE,"{'accuracy': 0.501412429378531, 'balanced_accuracy': 0.523974488957596, 'precision': 0.4792212814397635, 'recall': 0.501412429378531, 'f1': 0.4260970437120794}","{'accuracy': 0.4696327683615819, 'balanced_accuracy': 0.4788913052997415, 'precision': 0.5033011289367222, 'recall': 0.4696327683615819, 'f1': 0.38276176225975356}","{'accuracy': 0.4759887005649718, 'balanced_accuracy': 0.4461479103103176, 'precision': 0.5011326776755525, 'recall': 0.4759887005649718, 'f1': 0.433895916771673}","{'accuracy': 0.4915254237288136, 'balanced_accuracy': 0.47869210377697297, 'precision': 0.5471504251767313, 'recall': 0.4915254237288136, 'f1': 0.4801487808930809}","{'accuracy': 0.4862190812720848, 'balanced_accuracy': 0.4752017201899578, 'precision': 0.49930707241387606, 'recall': 0.4862190812720848, 'f1': 0.4499014217127707}",0.48495568066119665,0.48058150570691716,0.5060225171285292,0.48495568066119665,0.43456098506987145,0.012557673518723103,0.027856741538666175,0.02493102853949317,0.012557673518723103,0.03559780971947251
1,0.4713213869923381,2024-07-10 16:11:12.676773,2024-07-10 16:11:30.873855,0 days 00:00:18.197082,0.05,0.05399484409787434,1,32,COMPLETE,"{'accuracy': 0.4901129943502825, 'balanced_accuracy': 0.4952606940690328, 'precision': 0.4912039685184681, 'recall': 0.4901129943502825, 'f1': 0.49059682183977493}","{'accuracy': 0.5042372881355932, 'balanced_accuracy': 0.5217027361962613, 'precision': 0.4771448049310218, 'recall': 0.5042372881355932, 'f1': 0.44902583121296114}","{'accuracy': 0.4668079096045198, 'balanced_accuracy': 0.4514918709331727, 'precision': 0.46539725373527324, 'recall': 0.4668079096045198, 'f1': 0.436907752165571}","{'accuracy': 0.5247175141242938, 'balanced_accuracy': 0.519498589261347, 'precision': 0.530701151448087, 'recall': 0.5247175141242938, 'f1': 0.4978808359156052}","{'accuracy': 0.5166077738515901, 'balanced_accuracy': 0.5289978948995692, 'precision': 0.49829455391996336, 'recall': 0.5166077738515901, 'f1': 0.48219569382777805}",0.5004966960132559,0.5033903570718766,0.4925483465105627,0.5004966960132557,0.4713213869923381,0.022929034423769437,0.03166270934036931,0.024823948660835985,0.022929034423769437,0.026816913200059498
2,0.25680714921437503,2024-07-10 16:11:30.874861,2024-07-10 16:11:56.423181,0 days 00:00:25.548320,0.05,0.08706020878304858,3,96,COMPLETE,"{'accuracy': 0.4759887005649718, 'balanced_accuracy': 0.4673943683255855, 'precision': 0.46915967588049834, 'recall': 0.4759887005649718, 'f1': 0.45297248717815713}","{'accuracy': 0.3862994350282486, 'balanced_accuracy': 0.3333333333333333, 'precision': 0.14922725350314406, 'recall': 0.3862994350282486, 'f1': 0.21528863062705245}","{'accuracy': 0.3862994350282486, 'balanced_accuracy': 0.3333333333333333, 'precision': 0.14922725350314406, 'recall': 0.3862994350282486, 'f1': 0.21528863062705245}","{'accuracy': 0.3538135593220339, 'balanced_accuracy': 0.3333333333333333, 'precision': 0.1251840347601264, 'recall': 0.3538135593220339, 'f1': 0.18493541285377044}","{'accuracy': 0.38657243816254416, 'balanced_accuracy': 0.3333333333333333, 'precision': 0.14943824994693403, 'recall': 0.38657243816254416, 'f1': 0.21555058478584266}",0.3977947136212094,0.36014554033178375,0.2084472935187694,0.3977947136212094,0.25680714921437503,0.04593164446756422,0.05995391747533078,0.1461162294870118,0.04593164446756422,0.11044915706531043
3,0.5165157288125971,2024-07-10 16:11:56.424183,2024-07-10 16:12:19.054751,0 days 00:00:22.630568,0.1,0.002327067708383781,4,32,COMPLETE,"{'accuracy': 0.5240112994350282, 'balanced_accuracy': 0.5567907186977289, 'precision': 0.47754874768537237, 'recall': 0.5240112994350282, 'f1': 0.4431732880930696}","{'accuracy': 0.547316384180791, 'balanced_accuracy': 0.5762289902350929, 'precision': 0.5288382860386919, 'recall': 0.547316384180791, 'f1': 0.4933504560521517}","{'accuracy': 0.5734463276836158, 'balanced_accuracy': 0.6001177506154001, 'precision': 0.5727358053768961, 'recall': 0.5734463276836158, 'f1': 0.5417610936230369}","{'accuracy': 0.5981638418079096, 'balanced_accuracy': 0.6274363977711852, 'precision': 0.6037386313674096, 'recall': 0.5981638418079096, 'f1': 0.5626947277916997}","{'accuracy': 0.5809187279151944, 'balanced_accuracy': 0.6073346733648156, 'precision': 0.5770053239398056, 'recall': 0.5809187279151944, 'f1': 0.5415990785030272}",0.5647713162045078,0.5935817061368446,0.5519733588816351,0.5647713162045078,0.5165157288125971,0.029228022146100437,0.027534967026345194,0.04952670048022503,0.029228022146100437,0.04825646665365118
4,0.549636340542936,2024-07-10 16:12:19.054751,2024-07-10 16:12:42.258376,0 days 00:00:23.203625,0.25,0.0038234752246751854,2,80,COMPLETE,"{'accuracy': 0.5296610169491526, 'balanced_accuracy': 0.5386955105764942, 'precision': 0.5221863126698817, 'recall': 0.5296610169491526, 'f1': 0.5112583395541326}","{'accuracy': 0.547316384180791, 'balanced_accuracy': 0.5555074342478966, 'precision': 0.5423065248147844, 'recall': 0.547316384180791, 'f1': 0.5303428947723102}","{'accuracy': 0.5642655367231638, 'balanced_accuracy': 0.5813736997562515, 'precision': 0.5600114500988592, 'recall': 0.5642655367231638, 'f1': 0.5444793408782366}","{'accuracy': 0.6045197740112994, 'balanced_accuracy': 0.6234523111263629, 'precision': 0.6043261467914234, 'recall': 0.6045197740112994, 'f1': 0.5844712822161648}","{'accuracy': 0.5936395759717314, 'balanced_accuracy': 0.605266165767418, 'precision': 0.5896903388672866, 'recall': 0.5936395759717314, 'f1': 0.5776298452938355}",0.5678804575672276,0.5808590242948847,0.5637041546484471,0.5678804575672276,0.549636340542936,0.03123558106781528,0.03475135441889571,0.033617903890135754,0.03123558106781528,0.031099887961045274
5,0.5260277091006501,2024-07-10 16:12:42.259377,2024-07-10 16:13:01.720088,0 days 00:00:19.460711,0.15000000000000002,0.005404103854647328,3,32,COMPLETE,"{'accuracy': 0.5169491525423728, 'balanced_accuracy': 0.5418698146721157, 'precision': 0.49481614848620886, 'recall': 0.5169491525423728, 'f1': 0.48730292752665744}","{'accuracy': 0.530367231638418, 'balanced_accuracy': 0.5445057775448757, 'precision': 0.5166048875372313, 'recall': 0.530367231638418, 'f1': 0.5116264410463761}","{'accuracy': 0.565677966101695, 'balanced_accuracy': 0.5968988651475895, 'precision': 0.5620480287427416, 'recall': 0.565677966101695, 'f1': 0.523596829704203}","{'accuracy': 0.5861581920903954, 'balanced_accuracy': 0.6146662640064439, 'precision': 0.5901188653689032, 'recall': 0.5861581920903954, 'f1': 0.5511794200035157}","{'accuracy': 0.5858657243816254, 'balanced_accuracy': 0.6151529421849439, 'precision': 0.5892191439211555, 'recall': 0.5858657243816254, 'f1': 0.5564329272224984}",0.5570036533509013,0.5826187327111938,0.5505614148112481,0.5570036533509013,0.5260277091006501,0.0319065509404396,0.03675089421860425,0.04316171531672511,0.0319065509404396,0.028591958023817927
6,0.5286624585442671,2024-07-10 16:13:01.721119,2024-07-10 16:13:27.722526,0 days 00:00:26.001407,0.1,0.01067748270948136,2,112,COMPLETE,"{'accuracy': 0.510593220338983, 'balanced_accuracy': 0.5132498198103436, 'precision': 0.5027297835402631, 'recall': 0.510593220338983, 'f1': 0.4837632002757742}","{'accuracy': 0.5324858757062146, 'balanced_accuracy': 0.5500087708429153, 'precision': 0.5224200298876306, 'recall': 0.5324858757062146, 'f1': 0.5039286005887565}","{'accuracy': 0.538135593220339, 'balanced_accuracy': 0.5136884842507974, 'precision': 0.5516642392597757, 'recall': 0.538135593220339, 'f1': 0.5146431151431461}","{'accuracy': 0.6045197740112994, 'balanced_accuracy': 0.6121646897763173, 'precision': 0.6024781642128629, 'recall': 0.6045197740112994, 'f1': 0.6031442207472408}","{'accuracy': 0.5858657243816254, 'balanced_accuracy': 0.6195773640755954, 'precision': 0.5993873848934705, 'recall': 0.5858657243816254, 'f1': 0.537833155966418}",0.5543200375316923,0.5617378257511938,0.5557359203588006,0.5543200375316923,0.5286624585442671,0.03926144834169105,0.051685775308036336,0.04479527151893056,0.03926144834169105,0.04597793955771542
7,0.4999062870394847,2024-07-10 16:13:27.723523,2024-07-10 16:13:48.499895,0 days 00:00:20.776372,0.35000000000000003,0.002193048555664369,3,16,COMPLETE,"{'accuracy': 0.5127118644067796, 'balanced_accuracy': 0.5260546059405974, 'precision': 0.50047323036194, 'recall': 0.5127118644067796, 'f1': 0.5002075215764309}","{'accuracy': 0.5247175141242938, 'balanced_accuracy': 0.5565668169529578, 'precision': 0.482102289598029, 'recall': 0.5247175141242938, 'f1': 0.44653863594051374}","{'accuracy': 0.5353107344632768, 'balanced_accuracy': 0.5660466748986197, 'precision': 0.5160661984859554, 'recall': 0.5353107344632768, 'f1': 0.5043025582901871}","{'accuracy': 0.5741525423728814, 'balanced_accuracy': 0.6008783343415705, 'precision': 0.5601778609366603, 'recall': 0.5741525423728814, 'f1': 0.5407173770836547}","{'accuracy': 0.5540636042402827, 'balanced_accuracy': 0.5844783607412861, 'precision': 0.5297076874260774, 'recall': 0.5540636042402827, 'f1': 0.5077653423066368}",0.5401912519215029,0.5668049585750062,0.5177054533617325,0.540191251921503,0.4999062870394847,0.024311438451068677,0.02845755549101248,0.02964448078392307,0.024311438451068677,0.03389260224319979
8,0.4258841824050627,2024-07-10 16:13:48.500902,2024-07-10 16:14:14.131451,0 days 00:00:25.630549,0.5,0.041380401125610165,1,128,COMPLETE,"{'accuracy': 0.4540960451977401, 'balanced_accuracy': 0.45432916391734973, 'precision': 0.44992531180544837, 'recall': 0.4540960451977401, 'f1': 0.4460897241965105}","{'accuracy': 0.4293785310734463, 'balanced_accuracy': 0.425387924043284, 'precision': 0.4299729106994022, 'recall': 0.4293785310734463, 'f1': 0.4265910829817364}","{'accuracy': 0.4491525423728814, 'balanced_accuracy': 0.4228614380543949, 'precision': 0.4606913475433708, 'recall': 0.4491525423728814, 'f1': 0.4196104922983501}","{'accuracy': 0.4823446327683616, 'balanced_accuracy': 0.4927538248093803, 'precision': 0.47287374550499206, 'recall': 0.4823446327683616, 'f1': 0.46755088867219374}","{'accuracy': 0.4367491166077738, 'balanced_accuracy': 0.40340606398432416, 'precision': 0.4147921852277952, 'recall': 0.4367491166077738, 'f1': 0.3695787238765227}",0.4503441736040406,0.43974768296174666,0.4456511001562018,0.45034417360404067,0.4258841824050627,0.020395524347430156,0.034764679897841926,0.023364656009011504,0.020395524347430156,0.03658736765034766
9,0.49729184334097043,2024-07-10 16:14:14.132443,2024-07-10 16:14:31.240612,0 days 00:00:17.108169,0.35000000000000003,0.007591104805282696,2,16,COMPLETE,"{'accuracy': 0.5021186440677966, 'balanced_accuracy': 0.5071062006554149, 'precision': 0.4839695696337584, 'recall': 0.5021186440677966, 'f1': 0.46968371304329826}","{'accuracy': 0.507768361581921, 'balanced_accuracy': 0.5033959813991497, 'precision': 0.5025865102042164, 'recall': 0.507768361581921, 'f1': 0.4884400712132581}","{'accuracy': 0.5063559322033898, 'balanced_accuracy': 0.48136040863719404, 'precision': 0.5325340573336804, 'recall': 0.5063559322033898, 'f1': 0.48599814028805527}","{'accuracy': 0.5550847457627118, 'balanced_accuracy': 0.5813202966401141, 'precision': 0.5455804331971692, 'recall': 0.5550847457627118, 'f1': 0.5271644151825655}","{'accuracy': 0.5547703180212014, 'balanced_accuracy': 0.5869206945736719, 'precision': 0.5472073767109074, 'recall': 0.5547703180212014, 'f1': 0.5151728769776752}",0.5252196003274041,0.532020716381109,0.5223755894159463,0.5252196003274041,0.49729184334097043,0.02719930935264574,0.048608208017266494,0.027950433436561894,0.02719930935264574,0.023346372144992047
10,0.51176394274352,2024-07-10 16:14:31.241612,2024-07-10 16:14:55.040577,0 days 00:00:23.798965,0.2,0.0010862348973937142,4,64,COMPLETE,"{'accuracy': 0.5233050847457628, 'balanced_accuracy': 0.5405094614311107, 'precision': 0.5035769151948862, 'recall': 0.5233050847457628, 'f1': 0.4960439310136267}","{'accuracy': 0.5423728813559322, 'balanced_accuracy': 0.5593900956267789, 'precision': 0.5314150995888496, 'recall': 0.5423728813559322, 'f1': 0.5186837821172017}","{'accuracy': 0.5501412429378532, 'balanced_accuracy': 0.5771665079347704, 'precision': 0.5422947840649527, 'recall': 0.5501412429378532, 'f1': 0.5192899072456438}","{'accuracy': 0.5501412429378532, 'balanced_accuracy': 0.5804663425711966, 'precision': 0.5390798948941677, 'recall': 0.5501412429378532, 'f1': 0.5122034336594131}","{'accuracy': 0.5561837455830388, 'balanced_accuracy': 0.5867555445972598, 'precision': 0.5458585856416095, 'recall': 0.5561837455830388, 'f1': 0.5125986596817146}",0.544428839512088,0.5688575904322233,0.5324450558768932,0.544428839512088,0.51176394274352,0.012785547523492844,0.018824106056708482,0.016995524199801534,0.012785547523492844,0.009387930976323105
11,0.4797612967773587,2024-07-10 16:14:55.041578,2024-07-10 16:15:18.541519,0 days 00:00:23.499941,0.25,0.017707899738129217,2,96,COMPLETE,"{'accuracy': 0.518361581920904, 'balanced_accuracy': 0.5350201254751445, 'precision': 0.4941582331973588, 'recall': 0.518361581920904, 'f1': 0.47022934912069275}","{'accuracy': 0.4957627118644068, 'balanced_accuracy': 0.49224713807950965, 'precision': 0.4907140559042411, 'recall': 0.4957627118644068, 'f1': 0.48308747800311364}","{'accuracy': 0.4851694915254237, 'balanced_accuracy': 0.4830790456550799, 'precision': 0.47292209284304065, 'recall': 0.4851694915254237, 'f1': 0.4631562465158674}","{'accuracy': 0.5218926553672316, 'balanced_accuracy': 0.5295637264537771, 'precision': 0.5146130062716137, 'recall': 0.5218926553672316, 'f1': 0.5169099157130777}","{'accuracy': 0.48975265017667846, 'balanced_accuracy': 0.4837991866832631, 'precision': 0.49244494183113036, 'recall': 0.48975265017667846, 'f1': 0.46542349453404164}",0.502187818170929,0.5047418444693548,0.4929704660094769,0.502187818170929,0.4797612967773587,0.01684792330438128,0.0254798429218848,0.014808065106020245,0.01684792330438128,0.022154241489285752
12,0.5637938246117911,2024-07-10 16:15:18.541519,2024-07-10 16:15:41.752171,0 days 00:00:23.210652,0.2,0.004713495011870862,2,96,COMPLETE,"{'accuracy': 0.480225988700565, 'balanced_accuracy': 0.46249400689916564, 'precision': 0.48105494153487177, 'recall': 0.480225988700565, 'f1': 0.45351255405748603}","{'accuracy': 0.5416666666666666, 'balanced_accuracy': 0.5445802318739043, 'precision': 0.541104507674631, 'recall': 0.5416666666666666, 'f1': 0.5346668598240858}","{'accuracy': 0.5911016949152542, 'balanced_accuracy': 0.5963926279333339, 'precision': 0.5863998348551847, 'recall': 0.5911016949152542, 'f1': 0.5853609435220766}","{'accuracy': 0.6278248587570622, 'balanced_accuracy': 0.6458713636764836, 'precision': 0.6293446311632939, 'recall': 0.6278248587570622, 'f1': 0.615597143374759}","{'accuracy': 0.6409893992932862, 'balanced_accuracy': 0.6518664414807133, 'precision': 0.6426872078482744, 'recall': 0.6409893992932862, 'f1': 0.629831622280548}",0.5763617216665669,0.5802409343727202,0.5761182246152512,0.5763617216665669,0.5637938246117911,0.06612163791140314,0.0787947783106866,0.06639499144483749,0.06612163791140314,0.07162411236222023
13,0.578461084657993,2024-07-10 16:15:41.753174,2024-07-10 16:16:02.137315,0 days 00:00:20.384141,0.25,0.003388169849088656,1,64,COMPLETE,"{'accuracy': 0.507768361581921, 'balanced_accuracy': 0.5154736859376127, 'precision': 0.5057902421906912, 'recall': 0.507768361581921, 'f1': 0.5063109884217707}","{'accuracy': 0.5451977401129944, 'balanced_accuracy': 0.5468438338594517, 'precision': 0.5454070046009227, 'recall': 0.5451977401129944, 'f1': 0.5410819757394729}","{'accuracy': 0.6080508474576272, 'balanced_accuracy': 0.6134950742078887, 'precision': 0.6051374729710923, 'recall': 0.6080508474576272, 'f1': 0.605188173586806}","{'accuracy': 0.6228813559322034, 'balanced_accuracy': 0.6322550134608772, 'precision': 0.6212941724826319, 'recall': 0.6228813559322034, 'f1': 0.6131811199062761}","{'accuracy': 0.6303886925795052, 'balanced_accuracy': 0.6374428563433137, 'precision': 0.6278421222821176, 'recall': 0.6303886925795052, 'f1': 0.6265431656356392}",0.5828573995328503,0.5891020927618287,0.5810942029054911,0.5828573995328502,0.578461084657993,0.05374119530420402,0.05477436505624645,0.05320654794679822,0.05374119530420402,0.052044545371802295
14,0.5778930322741409,2024-07-10 16:16:02.137315,2024-07-10 16:16:22.342134,0 days 00:00:20.204819,0.2,0.002909606553731064,1,64,COMPLETE,"{'accuracy': 0.5, 'balanced_accuracy': 0.5007899575884661, 'precision': 0.4998579541198454, 'recall': 0.5, 'f1': 0.4983784213913437}","{'accuracy': 0.5614406779661016, 'balanced_accuracy': 0.567090327862411, 'precision': 0.5587151687888938, 'recall': 0.5614406779661016, 'f1': 0.5547846424850127}","{'accuracy': 0.5995762711864406, 'balanced_accuracy': 0.5974519511436814, 'precision': 0.6005220605704721, 'recall': 0.5995762711864406, 'f1': 0.5990112206653337}","{'accuracy': 0.6080508474576272, 'balanced_accuracy': 0.6158057398172947, 'precision': 0.6052770819655123, 'recall': 0.6080508474576272, 'f1': 0.5989502984451589}","{'accuracy': 0.6409893992932862, 'balanced_accuracy': 0.6440615523606608, 'precision': 0.6395082029852495, 'recall': 0.6409893992932862, 'f1': 0.6383405783838559}",0.5820114391806912,0.5850399057545028,0.5807760936859946,0.5820114391806912,0.5778930322741409,0.05388414947663619,0.05478227655206703,0.05355859411844631,0.05388414947663619,0.05338507092975075
15,0.5500121245171536,2024-07-10 16:16:22.343131,2024-07-10 16:16:43.489166,0 days 00:00:21.146035,0.3,0.0013367085110797944,1,64,COMPLETE,"{'accuracy': 0.4964689265536723, 'balanced_accuracy': 0.5071722860613722, 'precision': 0.48959786730043037, 'recall': 0.4964689265536723, 'f1': 0.4907987084274967}","{'accuracy': 0.5494350282485876, 'balanced_accuracy': 0.559185367706153, 'precision': 0.544658553835796, 'recall': 0.5494350282485876, 'f1': 0.5439417081369353}","{'accuracy': 0.568502824858757, 'balanced_accuracy': 0.5764720360566523, 'precision': 0.5644282299769898, 'recall': 0.568502824858757, 'f1': 0.564832490464475}","{'accuracy': 0.5805084745762712, 'balanced_accuracy': 0.59710009610115, 'precision': 0.5743358459629605, 'recall': 0.5805084745762712, 'f1': 0.5708545337845903}","{'accuracy': 0.5901060070671378, 'balanced_accuracy': 0.6028198415563124, 'precision': 0.5864566269800858, 'recall': 0.5901060070671378, 'f1': 0.5796331817722711}",0.5570042522608852,0.568549925496328,0.5518954248112525,0.5570042522608851,0.5500121245171536,0.0370884436864085,0.038429184187495406,0.03804102514218341,0.0370884436864085,0.035617884916958734
16,0.5697717817742423,2024-07-10 16:16:43.489166,2024-07-10 16:17:03.220954,0 days 00:00:19.731788,0.2,0.0028462826356699072,1,48,COMPLETE,"{'accuracy': 0.507768361581921, 'balanced_accuracy': 0.5193949726067828, 'precision': 0.4983622763396108, 'recall': 0.507768361581921, 'f1': 0.4979589451072721}","{'accuracy': 0.5430790960451978, 'balanced_accuracy': 0.5482822045017879, 'precision': 0.5391812687448087, 'recall': 0.5430790960451978, 'f1': 0.534491911750397}","{'accuracy': 0.6024011299435028, 'balanced_accuracy': 0.6044928629612513, 'precision': 0.5992864776980499, 'recall': 0.6024011299435028, 'f1': 0.5987616036475628}","{'accuracy': 0.6038135593220338, 'balanced_accuracy': 0.6155718396553475, 'precision': 0.6010166270637318, 'recall': 0.6038135593220338, 'f1': 0.5944155500488075}","{'accuracy': 0.6254416961130742, 'balanced_accuracy': 0.6290310816597299, 'precision': 0.6235068516404941, 'recall': 0.6254416961130742, 'f1': 0.6232308983171723}",0.5765007686011459,0.5833545922769799,0.5722707002973391,0.5765007686011459,0.5697717817742423,0.04912530817065914,0.047148765972988706,0.05181382380954711,0.04912530817065914,0.05173817489925655
17,0.5561157139801232,2024-07-10 16:17:03.221954,2024-07-10 16:17:24.604007,0 days 00:00:21.382053,0.45,0.0016411972909609108,1,80,COMPLETE,"{'accuracy': 0.510593220338983, 'balanced_accuracy': 0.517649424146699, 'precision': 0.5034616492636506, 'recall': 0.510593220338983, 'f1': 0.5016733739248515}","{'accuracy': 0.5402542372881356, 'balanced_accuracy': 0.5507491362821875, 'precision': 0.5350446075605712, 'recall': 0.5402542372881356, 'f1': 0.5314429314716707}","{'accuracy': 0.5769774011299436, 'balanced_accuracy': 0.5805181261090145, 'precision': 0.5763080254618533, 'recall': 0.5769774011299436, 'f1': 0.5765606869006987}","{'accuracy': 0.5932203389830508, 'balanced_accuracy': 0.6069453044735847, 'precision': 0.5898833500775079, 'recall': 0.5932203389830508, 'f1': 0.5836280469072697}","{'accuracy': 0.5964664310954063, 'balanced_accuracy': 0.6075195631216715, 'precision': 0.5937522834859713, 'recall': 0.5964664310954063, 'f1': 0.5872735306961253}",0.5635023257671039,0.5726763108266314,0.5596899831699109,0.5635023257671039,0.5561157139801232,0.037051373998688526,0.038596209218595544,0.03910581513807888,0.037051373998688526,0.03781021525569658
18,0.5662413312991871,2024-07-10 16:17:24.604007,2024-07-10 16:17:44.126971,0 days 00:00:19.522964,0.15000000000000002,0.008299066367078858,1,48,COMPLETE,"{'accuracy': 0.4915254237288136, 'balanced_accuracy': 0.4880872676923132, 'precision': 0.4893570269349273, 'recall': 0.4915254237288136, 'f1': 0.48014023172790943}","{'accuracy': 0.5317796610169492, 'balanced_accuracy': 0.5263731505539381, 'precision': 0.5380376263427592, 'recall': 0.5317796610169492, 'f1': 0.527396667641089}","{'accuracy': 0.5953389830508474, 'balanced_accuracy': 0.5929183779329504, 'precision': 0.5948522908146994, 'recall': 0.5953389830508474, 'f1': 0.5909144115118914}","{'accuracy': 0.617231638418079, 'balanced_accuracy': 0.6205850889958948, 'precision': 0.6197185396601049, 'recall': 0.617231638418079, 'f1': 0.6077721295811249}","{'accuracy': 0.6296819787985866, 'balanced_accuracy': 0.6298827226037159, 'precision': 0.6284686691618092, 'recall': 0.6296819787985866, 'f1': 0.6249832160339204}",0.5731115370026552,0.5715693215557625,0.57408683058286,0.5731115370026553,0.5662413312991871,0.059172365685658826,0.06178739272336822,0.059054056447756076,0.059172365685658826,0.06063514731036794
19,0.572487327072386,2024-07-10 16:17:44.126971,2024-07-10 16:18:03.742912,0 days 00:00:19.615941,0.3,0.0036692979910585457,1,48,COMPLETE,"{'accuracy': 0.5169491525423728, 'balanced_accuracy': 0.5287823790724991, 'precision': 0.5075772348844445, 'recall': 0.5169491525423728, 'f1': 0.5070917170685633}","{'accuracy': 0.536723163841808, 'balanced_accuracy': 0.5398669284381189, 'precision': 0.5337890475665833, 'recall': 0.536723163841808, 'f1': 0.530320479222387}","{'accuracy': 0.5875706214689266, 'balanced_accuracy': 0.590576758546072, 'precision': 0.5848592127631369, 'recall': 0.5875706214689266, 'f1': 0.5853186316412086}","{'accuracy': 0.614406779661017, 'balanced_accuracy': 0.624584049319161, 'precision': 0.6127234396409625, 'recall': 0.614406779661017, 'f1': 0.6063622238926218}","{'accuracy': 0.6367491166077739, 'balanced_accuracy': 0.6403301704312293, 'precision': 0.6345788196259657, 'recall': 0.6367491166077739, 'f1': 0.6333435835371491}",0.5784797668243796,0.5848280571614161,0.5747055508962186,0.5784797668243795,0.572487327072386,0.050740371993800326,0.0496404376138829,0.05318278875162673,0.050740371993800326,0.052607660629896816
20,0.47550266802212554,2024-07-10 16:18:03.743910,2024-07-10 16:18:22.654445,0 days 00:00:18.910535,0.35000000000000003,0.023895253706027922,1,64,COMPLETE,"{'accuracy': 0.4555084745762712, 'balanced_accuracy': 0.4269484141961685, 'precision': 0.4992659455322192, 'recall': 0.4555084745762712, 'f1': 0.4158207912949975}","{'accuracy': 0.5112994350282486, 'balanced_accuracy': 0.5252454546964148, 'precision': 0.5071441626016665, 'recall': 0.5112994350282486, 'f1': 0.47950116629889994}","{'accuracy': 0.4922316384180791, 'balanced_accuracy': 0.4730940048737012, 'precision': 0.504513325836518, 'recall': 0.4922316384180791, 'f1': 0.46691519866327935}","{'accuracy': 0.548728813559322, 'balanced_accuracy': 0.538738981380693, 'precision': 0.5592403435492141, 'recall': 0.548728813559322, 'f1': 0.5453166891777825}","{'accuracy': 0.496113074204947, 'balanced_accuracy': 0.4673017579769219, 'precision': 0.5361121830200709, 'recall': 0.496113074204947, 'f1': 0.46995949467566805}",0.5007762871573735,0.48626572262477985,0.5212551921079377,0.5007762871573735,0.47550266802212554,0.03374208374729279,0.045619435495564145,0.025624890799399617,0.03374208374729279,0.04625036040076336
21,0.57086758049724,2024-07-10 16:18:22.655446,2024-07-10 16:18:40.752874,0 days 00:00:18.097428,0.3,0.0031724412646823496,1,48,COMPLETE,"{'accuracy': 0.5141242937853108, 'balanced_accuracy': 0.5265853020927385, 'precision': 0.5042911457244166, 'recall': 0.5141242937853108, 'f1': 0.5034620262481413}","{'accuracy': 0.5586158192090396, 'balanced_accuracy': 0.5641825369476715, 'precision': 0.5567529209569324, 'recall': 0.5586158192090396, 'f1': 0.5546863013247}","{'accuracy': 0.5995762711864406, 'balanced_accuracy': 0.6076645228473715, 'precision': 0.5970438424278256, 'recall': 0.5995762711864406, 'f1': 0.5950412811157908}","{'accuracy': 0.6016949152542372, 'balanced_accuracy': 0.6146555648737498, 'precision': 0.6009764298773023, 'recall': 0.6016949152542372, 'f1': 0.5890921113382811}","{'accuracy': 0.6148409893992933, 'balanced_accuracy': 0.6180970296843776, 'precision': 0.6128591942171342, 'recall': 0.6148409893992933, 'f1': 0.6120561824592861}",0.5777704577668643,0.5862369912891818,0.5743847066407223,0.5777704577668643,0.57086758049724,0.04135163796124985,0.03976977325838341,0.044510755784146386,0.04135163796124985,0.043064906817637236
22,0.5673524026302624,2024-07-10 16:18:40.752874,2024-07-10 16:18:58.713944,0 days 00:00:17.961070,0.25,0.005515962469314945,1,48,COMPLETE,"{'accuracy': 0.5169491525423728, 'balanced_accuracy': 0.5294597825782872, 'precision': 0.5047238639900857, 'recall': 0.5169491525423728, 'f1': 0.49948102146401624}","{'accuracy': 0.536723163841808, 'balanced_accuracy': 0.5384408170120825, 'precision': 0.5361196145251567, 'recall': 0.536723163841808, 'f1': 0.5306509984457022}","{'accuracy': 0.588276836158192, 'balanced_accuracy': 0.5960632883347049, 'precision': 0.584943314569751, 'recall': 0.588276836158192, 'f1': 0.5826323471503247}","{'accuracy': 0.6151129943502824, 'balanced_accuracy': 0.6241982789845156, 'precision': 0.6133373079131796, 'recall': 0.6151129943502824, 'f1': 0.6053156967422431}","{'accuracy': 0.6261484098939929, 'balanced_accuracy': 0.6311129093003786, 'precision': 0.6254323163027135, 'recall': 0.6261484098939929, 'f1': 0.6186819493490261}",0.5766421113573296,0.5838550152419938,0.5729112834601773,0.5766421113573296,0.5673524026302624,0.04801828026148375,0.04751636599515704,0.05133381729804837,0.04801828026148375,0.05065305573520467
23,0.5768642272153464,2024-07-10 16:18:58.714949,2024-07-10 16:19:18.790528,0 days 00:00:20.075579,0.3,0.0017845284229706096,1,80,COMPLETE,"{'accuracy': 0.5084745762711864, 'balanced_accuracy': 0.516625929975092, 'precision': 0.5041281559246127, 'recall': 0.5084745762711864, 'f1': 0.50466560635445}","{'accuracy': 0.5508474576271186, 'balanced_accuracy': 0.5583292486907064, 'precision': 0.546823282325436, 'recall': 0.5508474576271186, 'f1': 0.5463739589919516}","{'accuracy': 0.5953389830508474, 'balanced_accuracy': 0.6004619341451162, 'precision': 0.5934983012874695, 'recall': 0.5953389830508474, 'f1': 0.5938400792981974}","{'accuracy': 0.6207627118644068, 'balanced_accuracy': 0.6329766843389765, 'precision': 0.6184511513879098, 'recall': 0.6207627118644068, 'f1': 0.6124413521326213}","{'accuracy': 0.6325088339222615, 'balanced_accuracy': 0.6432124103747765, 'precision': 0.6316128761354256, 'recall': 0.6325088339222615, 'f1': 0.6270001392995118}",0.5815865125471642,0.5903212415049335,0.5789027534121707,0.5815865125471641,0.5768642272153464,0.05149570995609223,0.05285423999244325,0.052857818088621354,0.05149570995609223,0.05052182291440849
24,0.5670655629391937,2024-07-10 16:19:18.791530,2024-07-10 16:19:40.169173,0 days 00:00:21.377643,0.15000000000000002,0.0016744519110010383,2,80,COMPLETE,"{'accuracy': 0.4985875706214689, 'balanced_accuracy': 0.5063899801541499, 'precision': 0.48422483066509253, 'recall': 0.4985875706214689, 'f1': 0.48325389518418216}","{'accuracy': 0.559322033898305, 'balanced_accuracy': 0.5642610336119748, 'precision': 0.555778951017893, 'recall': 0.559322033898305, 'f1': 0.5527820768388887}","{'accuracy': 0.5896892655367232, 'balanced_accuracy': 0.6002854794345813, 'precision': 0.5866442936607243, 'recall': 0.5896892655367232, 'f1': 0.5817813900477812}","{'accuracy': 0.6129943502824858, 'balanced_accuracy': 0.6321743815974018, 'precision': 0.6168856928554008, 'recall': 0.6129943502824858, 'f1': 0.5929881531620163}","{'accuracy': 0.6332155477031802, 'balanced_accuracy': 0.6446419436654837, 'precision': 0.6330468707848066, 'recall': 0.6332155477031802, 'f1': 0.6245222994631006}",0.5787617536084326,0.5895505636927183,0.5753161277967835,0.5787617536084326,0.5670655629391937,0.052588732641460294,0.055951611688672936,0.05888234127600647,0.052588732641460294,0.0534280508028833
25,0.5627488583716456,2024-07-10 16:19:40.170175,2024-07-10 16:20:01.104488,0 days 00:00:20.934313,0.4,0.0020649690373918854,1,80,COMPLETE,"{'accuracy': 0.4957627118644068, 'balanced_accuracy': 0.5062225091453952, 'precision': 0.4836883580291146, 'recall': 0.4957627118644068, 'f1': 0.4838615059149301}","{'accuracy': 0.5543785310734464, 'balanced_accuracy': 0.5621987881799393, 'precision': 0.5499569575434438, 'recall': 0.5543785310734464, 'f1': 0.5468325993582038}","{'accuracy': 0.5769774011299436, 'balanced_accuracy': 0.5832084803712131, 'precision': 0.5744106086757649, 'recall': 0.5769774011299436, 'f1': 0.5749207912172569}","{'accuracy': 0.5981638418079096, 'balanced_accuracy': 0.6117645250262002, 'precision': 0.5939295162542282, 'recall': 0.5981638418079096, 'f1': 0.5902200192430777}","{'accuracy': 0.6240282685512367, 'balanced_accuracy': 0.634218414910412, 'precision': 0.6219583994087307, 'recall': 0.6240282685512367, 'f1': 0.617909376124759}",0.5698621508853886,0.5795225435266319,0.5647887679822564,0.5698621508853886,0.5627488583716456,0.04877512210085184,0.049289393857792296,0.05245805200605797,0.04877512210085184,0.05104420884445839
26,0.541140574688832,2024-07-10 16:20:01.104488,2024-07-10 16:20:21.460326,0 days 00:00:20.355838,0.2,0.0010377226166908176,2,64,COMPLETE,"{'accuracy': 0.530367231638418, 'balanced_accuracy': 0.5475924756744626, 'precision': 0.5171017181188605, 'recall': 0.530367231638418, 'f1': 0.5133199483574317}","{'accuracy': 0.5515536723163842, 'balanced_accuracy': 0.568626302887958, 'precision': 0.5470892844798477, 'recall': 0.5515536723163842, 'f1': 0.5306057136554252}","{'accuracy': 0.5628531073446328, 'balanced_accuracy': 0.583252298227909, 'precision': 0.5565121996716554, 'recall': 0.5628531073446328, 'f1': 0.5493320621444275}","{'accuracy': 0.576271186440678, 'balanced_accuracy': 0.601077909358931, 'precision': 0.5694314004663423, 'recall': 0.576271186440678, 'f1': 0.5580398402583825}","{'accuracy': 0.5738515901060071, 'balanced_accuracy': 0.5947816113949335, 'precision': 0.5692544520990853, 'recall': 0.5738515901060071, 'f1': 0.5544053090284937}",0.558979357569224,0.5790661195088388,0.5518778109671583,0.5589793575692241,0.541140574688832,0.018768265339562017,0.02149767253207492,0.021586224425030394,0.018768265339562017,0.018798998424728465
27,0.583726935895573,2024-07-10 16:20:21.460326,2024-07-10 16:20:45.527813,0 days 00:00:24.067487,0.25,0.0025620545992487485,1,112,COMPLETE,"{'accuracy': 0.5, 'balanced_accuracy': 0.5113548933450165, 'precision': 0.4910274453197109, 'recall': 0.5, 'f1': 0.4911522490230896}","{'accuracy': 0.5635593220338984, 'balanced_accuracy': 0.5677101900641924, 'precision': 0.5624129534367945, 'recall': 0.5635593220338984, 'f1': 0.5590947004836959}","{'accuracy': 0.605225988700565, 'balanced_accuracy': 0.6089100413750037, 'precision': 0.6024900412576124, 'recall': 0.605225988700565, 'f1': 0.6021203806611373}","{'accuracy': 0.6412429378531074, 'balanced_accuracy': 0.650319112457331, 'precision': 0.6413062356438194, 'recall': 0.6412429378531074, 'f1': 0.6346844352106543}","{'accuracy': 0.6381625441696113, 'balanced_accuracy': 0.6409115129309796, 'precision': 0.6397735279930343, 'recall': 0.6381625441696113, 'f1': 0.6315829140992876}",0.5896381585514364,0.5958411500345047,0.5874020407301943,0.5896381585514364,0.583726935895573,0.059109548462483015,0.05722600021075644,0.06282634756138303,0.059109548462483015,0.0600041662460809
28,0.4859092408529319,2024-07-10 16:20:45.528813,2024-07-10 16:21:12.486931,0 days 00:00:26.958118,0.25,0.007336538861985166,3,112,COMPLETE,"{'accuracy': 0.5155367231638418, 'balanced_accuracy': 0.5442545809475292, 'precision': 0.4803494344963299, 'recall': 0.5155367231638418, 'f1': 0.43920599012691647}","{'accuracy': 0.5176553672316384, 'balanced_accuracy': 0.5349522981961784, 'precision': 0.49874831308193185, 'recall': 0.5176553672316384, 'f1': 0.4857364766794386}","{'accuracy': 0.4992937853107345, 'balanced_accuracy': 0.4975487748240371, 'precision': 0.48717882271110396, 'recall': 0.4992937853107345, 'f1': 0.4769677267237242}","{'accuracy': 0.5628531073446328, 'balanced_accuracy': 0.5898472839446826, 'precision': 0.5515634914034263, 'recall': 0.5628531073446328, 'f1': 0.5284224476659316}","{'accuracy': 0.5342756183745583, 'balanced_accuracy': 0.5505090024683906, 'precision': 0.5105831746675107, 'recall': 0.5342756183745583, 'f1': 0.49921356306864856}",0.5259229202850811,0.5434223880761636,0.5056846472720605,0.5259229202850811,0.4859092408529319,0.02407770044689761,0.03309952575303309,0.028112787084099863,0.02407770044689761,0.03257894985225898
29,0.436651268037015,2024-07-10 16:21:12.487930,2024-07-10 16:21:38.559850,0 days 00:00:26.071920,0.4,0.012360206893134027,2,128,COMPLETE,"{'accuracy': 0.4548022598870056, 'balanced_accuracy': 0.42717361821411887, 'precision': 0.44592932502432847, 'recall': 0.4548022598870056, 'f1': 0.40035419074669115}","{'accuracy': 0.4837570621468927, 'balanced_accuracy': 0.48820751311937766, 'precision': 0.47225188210355284, 'recall': 0.4837570621468927, 'f1': 0.4635666130808879}","{'accuracy': 0.4625706214689266, 'balanced_accuracy': 0.4229928585718635, 'precision': 0.46496756002747147, 'recall': 0.4625706214689266, 'f1': 0.39123602373439487}","{'accuracy': 0.5176553672316384, 'balanced_accuracy': 0.5332391413024836, 'precision': 0.5067950247460637, 'recall': 0.5176553672316384, 'f1': 0.508820433672139}","{'accuracy': 0.4628975265017668, 'balanced_accuracy': 0.43895389212508934, 'precision': 0.46121363514443314, 'recall': 0.4628975265017668, 'f1': 0.4192790789509615}",0.47633656744724606,0.4621134046665866,0.47023148540917,0.47633656744724606,0.436651268037015,0.025476177350230018,0.04750616205609062,0.02258650008763595,0.025476177350230018,0.049027133956179594
30,0.5912137338492035,2024-07-10 16:21:38.559850,2024-07-10 16:22:02.193863,0 days 00:00:23.634013,0.1,0.002802457524809722,1,112,COMPLETE,"{'accuracy': 0.5035310734463276, 'balanced_accuracy': 0.511628185618007, 'precision': 0.49584826747131094, 'recall': 0.5035310734463276, 'f1': 0.4946034043595385}","{'accuracy': 0.5628531073446328, 'balanced_accuracy': 0.5666924900166548, 'precision': 0.563082217486543, 'recall': 0.5628531073446328, 'f1': 0.5590241339565982}","{'accuracy': 0.6299435028248588, 'balanced_accuracy': 0.6302218444175688, 'precision': 0.6288068876857262, 'recall': 0.6299435028248588, 'f1': 0.6282979914696187}","{'accuracy': 0.6412429378531074, 'balanced_accuracy': 0.6514940933912584, 'precision': 0.6445917630880139, 'recall': 0.6412429378531074, 'f1': 0.6306436783255055}","{'accuracy': 0.6508833922261484, 'balanced_accuracy': 0.6561575436252048, 'precision': 0.6520549963892117, 'recall': 0.6508833922261484, 'f1': 0.6434994611347565}",0.5976908027390151,0.6032388314137387,0.5968768264241612,0.597690802739015,0.5912137338492035,0.06294083800092387,0.06242032700576615,0.06650135290170957,0.06294083800092387,0.06331170126404057
31,0.5861808117477809,2024-07-10 16:22:02.194861,2024-07-10 16:22:26.546232,0 days 00:00:24.351371,0.1,0.002942159264547991,1,112,COMPLETE,"{'accuracy': 0.4950564971751412, 'balanced_accuracy': 0.5040584550370419, 'precision': 0.4845197955986851, 'recall': 0.4950564971751412, 'f1': 0.48335083127335093}","{'accuracy': 0.5480225988700564, 'balanced_accuracy': 0.5499694448371096, 'precision': 0.5497666838531708, 'recall': 0.5480225988700564, 'f1': 0.5431564105068017}","{'accuracy': 0.6214689265536724, 'balanced_accuracy': 0.6222437983106991, 'precision': 0.6199396753485458, 'recall': 0.6214689265536724, 'f1': 0.6188831198392389}","{'accuracy': 0.643361581920904, 'balanced_accuracy': 0.6513759170581287, 'precision': 0.6465988835952222, 'recall': 0.643361581920904, 'f1': 0.6346746676631446}","{'accuracy': 0.657243816254417, 'balanced_accuracy': 0.656112002268073, 'precision': 0.6586431834355655, 'recall': 0.657243816254417, 'f1': 0.6508390294563678}",0.5930306841548382,0.5967519235022105,0.5918936443662378,0.5930306841548383,0.5861808117477809,0.06908315331910846,0.0669662502879097,0.0733801202986127,0.06908315331910846,0.07075818701715043
32,0.590732667025288,2024-07-10 16:22:26.547237,2024-07-10 16:22:51.129178,0 days 00:00:24.581941,0.05,0.0024875104218966405,1,112,COMPLETE,"{'accuracy': 0.5056497175141242, 'balanced_accuracy': 0.5123992470243256, 'precision': 0.49896640360422095, 'recall': 0.5056497175141242, 'f1': 0.497975852470273}","{'accuracy': 0.5607344632768362, 'balanced_accuracy': 0.5638631957662187, 'precision': 0.5613448974509699, 'recall': 0.5607344632768362, 'f1': 0.5569260817074502}","{'accuracy': 0.6278248587570622, 'balanced_accuracy': 0.6306757295889635, 'precision': 0.6259208822840205, 'recall': 0.6278248587570622, 'f1': 0.6245640009086028}","{'accuracy': 0.6461864406779662, 'balanced_accuracy': 0.6547586443571538, 'precision': 0.6501319435009609, 'recall': 0.6461864406779662, 'f1': 0.6373500738650798}","{'accuracy': 0.6445229681978799, 'balanced_accuracy': 0.6480950596503122, 'precision': 0.6471740481855481, 'recall': 0.6445229681978799, 'f1': 0.6368473261750343}",0.5969836896847738,0.6019583752773948,0.5967076350051441,0.5969836896847738,0.590732667025288,0.06182227006555395,0.06167095883378934,0.06530371531777968,0.06182227006555395,0.06162591869200401
33,0.5941210044175872,2024-07-10 16:22:51.130181,2024-07-10 16:23:14.977684,0 days 00:00:23.847503,0.05,0.004339954655802459,1,112,COMPLETE,"{'accuracy': 0.5084745762711864, 'balanced_accuracy': 0.5084229277449129, 'precision': 0.5017091576194439, 'recall': 0.5084745762711864, 'f1': 0.49537387227618723}","{'accuracy': 0.548728813559322, 'balanced_accuracy': 0.5524072704814253, 'precision': 0.5498894567038953, 'recall': 0.548728813559322, 'f1': 0.5456361508558456}","{'accuracy': 0.626412429378531, 'balanced_accuracy': 0.624417946688823, 'precision': 0.6257269105093914, 'recall': 0.626412429378531, 'f1': 0.6240422699958692}","{'accuracy': 0.6497175141242938, 'balanced_accuracy': 0.6609149061387597, 'precision': 0.6529503988145915, 'recall': 0.6497175141242938, 'f1': 0.6412264572062134}","{'accuracy': 0.6685512367491167, 'balanced_accuracy': 0.6685343760206185, 'precision': 0.6681734234246003, 'recall': 0.6685512367491167, 'f1': 0.6643262717538205}",0.6003769140164901,0.6029394854149078,0.5996898694143844,0.60037691401649,0.5941210044175872,0.06869069646448343,0.0700215106239629,0.07121255096684467,0.06869069646448343,0.07096612309587265
34,0.590401181931002,2024-07-10 16:23:14.978686,2024-07-10 16:23:38.953987,0 days 00:00:23.975301,0.05,0.004704271678092946,1,112,COMPLETE,"{'accuracy': 0.5042372881355932, 'balanced_accuracy': 0.5094865808483185, 'precision': 0.4960936072065769, 'recall': 0.5042372881355932, 'f1': 0.4910408935273003}","{'accuracy': 0.5444915254237288, 'balanced_accuracy': 0.5423750999709508, 'precision': 0.5499311555685086, 'recall': 0.5444915254237288, 'f1': 0.5430675267734593}","{'accuracy': 0.6122881355932204, 'balanced_accuracy': 0.6072305386577347, 'precision': 0.6109787413683435, 'recall': 0.6122881355932204, 'f1': 0.6086615395007787}","{'accuracy': 0.6574858757062146, 'balanced_accuracy': 0.6622434131815852, 'precision': 0.6586956918753334, 'recall': 0.6574858757062146, 'f1': 0.6530538582214872}","{'accuracy': 0.6614840989399293, 'balanced_accuracy': 0.6580501000466493, 'precision': 0.6612602461221513, 'recall': 0.6614840989399293, 'f1': 0.6561820916319844}",0.5959973847597373,0.5958771465410477,0.5953918884281826,0.5959973847597373,0.590401181931002,0.06965540484076733,0.06841903213994342,0.07161666870648557,0.06965540484076733,0.071935506546255
35,0.5767042535010742,2024-07-10 16:23:38.954989,2024-07-10 16:24:06.183713,0 days 00:00:27.228724,0.05,0.004583982859770785,2,128,COMPLETE,"{'accuracy': 0.4915254237288136, 'balanced_accuracy': 0.4805270562655522, 'precision': 0.49246091488335486, 'recall': 0.4915254237288136, 'f1': 0.4679448264215315}","{'accuracy': 0.5451977401129944, 'balanced_accuracy': 0.5492710859710249, 'precision': 0.5454583284302708, 'recall': 0.5451977401129944, 'f1': 0.5403401173170681}","{'accuracy': 0.5988700564971752, 'balanced_accuracy': 0.5980235333852338, 'precision': 0.59757570240204, 'recall': 0.5988700564971752, 'f1': 0.5939867776099788}","{'accuracy': 0.6299435028248588, 'balanced_accuracy': 0.6389749942660318, 'precision': 0.6293262169876462, 'recall': 0.6299435028248588, 'f1': 0.6227627932912316}","{'accuracy': 0.662190812720848, 'balanced_accuracy': 0.6551111629197491, 'precision': 0.6644364087412284, 'recall': 0.662190812720848, 'f1': 0.6584867528655614}",0.585545507176938,0.5843815665615184,0.585851514288908,0.5855455071769379,0.5767042535010742,0.0679907105653009,0.07104175983964625,0.06811113256817318,0.0679907105653009,0.07459794787485449
36,0.522101031378709,2024-07-10 16:24:06.184712,2024-07-10 16:24:31.574203,0 days 00:00:25.389491,0.05,0.006007265513592063,4,96,COMPLETE,"{'accuracy': 0.4498587570621469, 'balanced_accuracy': 0.4120132677971297, 'precision': 0.3206264278190449, 'recall': 0.4498587570621469, 'f1': 0.3705417701495607}","{'accuracy': 0.5437853107344632, 'balanced_accuracy': 0.5749092751888588, 'precision': 0.52891165433165, 'recall': 0.5437853107344632, 'f1': 0.5014558773702934}","{'accuracy': 0.5522598870056498, 'balanced_accuracy': 0.5367528759612429, 'precision': 0.5581894358083619, 'recall': 0.5522598870056498, 'f1': 0.5447505500415726}","{'accuracy': 0.6031073446327684, 'balanced_accuracy': 0.630096151918932, 'precision': 0.6019775075893602, 'recall': 0.6031073446327684, 'f1': 0.5820943105550896}","{'accuracy': 0.6134275618374558, 'balanced_accuracy': 0.6013924161400783, 'precision': 0.6209108844979062, 'recall': 0.6134275618374558, 'f1': 0.6116626487770288}",0.5524877722544967,0.5510327974012483,0.5261231820092647,0.5524877722544969,0.522101031378709,0.06497018275663131,0.08498167035651664,0.12041960331026132,0.06497018275663131,0.09424689597190189
37,0.5895440503619588,2024-07-10 16:24:31.574203,2024-07-10 16:24:56.792770,0 days 00:00:25.218567,0.05,0.004406878159662066,1,112,COMPLETE,"{'accuracy': 0.4936440677966102, 'balanced_accuracy': 0.500194613819284, 'precision': 0.4832795453897132, 'recall': 0.4936440677966102, 'f1': 0.4805610836247997}","{'accuracy': 0.5508474576271186, 'balanced_accuracy': 0.5532009729315975, 'precision': 0.5514916987133837, 'recall': 0.5508474576271186, 'f1': 0.5467368709933724}","{'accuracy': 0.6186440677966102, 'balanced_accuracy': 0.6124911934602565, 'precision': 0.6190818168158417, 'recall': 0.6186440677966102, 'f1': 0.6157266945968711}","{'accuracy': 0.6483050847457628, 'balanced_accuracy': 0.6556189676657072, 'precision': 0.6506308378221465, 'recall': 0.6483050847457628, 'f1': 0.6421561726781041}","{'accuracy': 0.6671378091872792, 'balanced_accuracy': 0.6643076767326721, 'precision': 0.6674776648674298, 'recall': 0.6671378091872792, 'f1': 0.6625394299166465}",0.5957156974306762,0.5971626849219034,0.594392312721703,0.5957156974306763,0.5895440503619588,0.07215304635427704,0.06981401905416874,0.07632221459479589,0.07215304635427704,0.07498605429411691
38,0.2034392810685758,2024-07-10 16:24:56.793770,2024-07-10 16:25:21.559590,0 days 00:00:24.765820,0.1,0.0988415749709003,2,96,COMPLETE,"{'accuracy': 0.3862994350282486, 'balanced_accuracy': 0.33338928480637753, 'precision': 0.32607190803826147, 'recall': 0.3862994350282486, 'f1': 0.2165210321490104}","{'accuracy': 0.3862994350282486, 'balanced_accuracy': 0.3333333333333333, 'precision': 0.14922725350314406, 'recall': 0.3862994350282486, 'f1': 0.21528863062705245}","{'accuracy': 0.3862994350282486, 'balanced_accuracy': 0.3333333333333333, 'precision': 0.14922725350314406, 'recall': 0.3862994350282486, 'f1': 0.21528863062705245}","{'accuracy': 0.3538135593220339, 'balanced_accuracy': 0.3333333333333333, 'precision': 0.1251840347601264, 'recall': 0.3538135593220339, 'f1': 0.18493541285377044}","{'accuracy': 0.35406360424028266, 'balanced_accuracy': 0.3333333333333333, 'precision': 0.1253610358476195, 'recall': 0.35406360424028266, 'f1': 0.18516269908599334}",0.37335509372941245,0.3333445236279421,0.17501429713045907,0.37335509372941245,0.2034392810685758,0.017724989765062135,2.502225943362167e-05,0.08528898881913954,0.017724989765062135,0.01679563164282111
39,0.5868555673028306,2024-07-10 16:25:21.560586,2024-07-10 16:25:46.501295,0 days 00:00:24.940709,0.1,0.006495836747950802,1,128,COMPLETE,"{'accuracy': 0.5056497175141242, 'balanced_accuracy': 0.5084186275992116, 'precision': 0.49487207847411463, 'recall': 0.5056497175141242, 'f1': 0.4857530950901324}","{'accuracy': 0.538135593220339, 'balanced_accuracy': 0.5369359213639594, 'precision': 0.5431297084905752, 'recall': 0.538135593220339, 'f1': 0.5332494592299479}","{'accuracy': 0.5967514124293786, 'balanced_accuracy': 0.5858602357852188, 'precision': 0.5992351348055003, 'recall': 0.5967514124293786, 'f1': 0.5907311321032859}","{'accuracy': 0.661723163841808, 'balanced_accuracy': 0.6601393231341942, 'precision': 0.6623032947682346, 'recall': 0.661723163841808, 'f1': 0.6583391410548068}","{'accuracy': 0.6713780918727915, 'balanced_accuracy': 0.6674590020983526, 'precision': 0.6722834602372073, 'recall': 0.6713780918727915, 'f1': 0.6662050090359796}",0.5947275957756883,0.5917626219961873,0.5943647353551265,0.5947275957756882,0.5868555673028306,0.073323467721952,0.07140087864713271,0.07621435738139841,0.073323467721952,0.07828885605959532
40,0.5573841138613591,2024-07-10 16:25:46.502291,2024-07-10 16:26:13.026019,0 days 00:00:26.523728,0.05,0.009761645974734773,1,112,COMPLETE,"{'accuracy': 0.4759887005649718, 'balanced_accuracy': 0.4675455675301228, 'precision': 0.4698921955740465, 'recall': 0.4759887005649718, 'f1': 0.45044271663266755}","{'accuracy': 0.5056497175141242, 'balanced_accuracy': 0.4914385322035366, 'precision': 0.5193096423303454, 'recall': 0.5056497175141242, 'f1': 0.4933154628487742}","{'accuracy': 0.588276836158192, 'balanced_accuracy': 0.5783964223210839, 'precision': 0.5931366415477017, 'recall': 0.588276836158192, 'f1': 0.5826482294641532}","{'accuracy': 0.6320621468926554, 'balanced_accuracy': 0.6336439638276371, 'precision': 0.632009085553255, 'recall': 0.6320621468926554, 'f1': 0.6300474244641014}","{'accuracy': 0.6360424028268551, 'balanced_accuracy': 0.6353289366452376, 'precision': 0.6341019402925857, 'recall': 0.6360424028268551, 'f1': 0.6304667358970991}",0.5676039607913597,0.5612706845055235,0.5696899010595868,0.5676039607913597,0.5573841138613591,0.07331052115155669,0.07854415034350729,0.07259492696364912,0.07331052115155669,0.08185437736058772
41,0.5948707316756642,2024-07-10 16:26:13.027016,2024-07-10 16:26:38.420634,0 days 00:00:25.393618,0.05,0.004109622447759389,1,112,COMPLETE,"{'accuracy': 0.4936440677966102, 'balanced_accuracy': 0.49730309470876227, 'precision': 0.4864308392048154, 'recall': 0.4936440677966102, 'f1': 0.48301993740270244}","{'accuracy': 0.556497175141243, 'balanced_accuracy': 0.5598152283251107, 'precision': 0.5574113428075727, 'recall': 0.556497175141243, 'f1': 0.5535224561447106}","{'accuracy': 0.623587570621469, 'balanced_accuracy': 0.6216280445494302, 'precision': 0.6225389638405482, 'recall': 0.623587570621469, 'f1': 0.6211061379448117}","{'accuracy': 0.663135593220339, 'balanced_accuracy': 0.6667721111310486, 'precision': 0.6652047593603025, 'recall': 0.663135593220339, 'f1': 0.6574840576388944}","{'accuracy': 0.6636042402826855, 'balanced_accuracy': 0.6540507893746303, 'precision': 0.6628993510352907, 'recall': 0.6636042402826855, 'f1': 0.6592210692472017}",0.6000937294124693,0.5999138536177965,0.598897051249706,0.6000937294124694,0.5948707316756642,0.07381058894321062,0.07072695400785069,0.0765206825315041,0.07381058894321062,0.0757792371707644
42,0.5946757605634623,2024-07-10 16:26:38.421804,2024-07-10 16:27:03.181793,0 days 00:00:24.759989,0.05,0.0041544358846621575,1,112,COMPLETE,"{'accuracy': 0.5225988700564972, 'balanced_accuracy': 0.5343741550098012, 'precision': 0.5118761779441376, 'recall': 0.5225988700564972, 'f1': 0.50534802003081}","{'accuracy': 0.5614406779661016, 'balanced_accuracy': 0.5641988087518892, 'precision': 0.5616694313465929, 'recall': 0.5614406779661016, 'f1': 0.5562733613601487}","{'accuracy': 0.6186440677966102, 'balanced_accuracy': 0.6159921929450057, 'precision': 0.6172212996769345, 'recall': 0.6186440677966102, 'f1': 0.6157822895456213}","{'accuracy': 0.6461864406779662, 'balanced_accuracy': 0.6542550810997564, 'precision': 0.650200526467848, 'recall': 0.6461864406779662, 'f1': 0.6390767942164475}","{'accuracy': 0.6614840989399293, 'balanced_accuracy': 0.6620297471663895, 'precision': 0.6617462015932585, 'recall': 0.6614840989399293, 'f1': 0.6568983376642843}",0.6020708310874209,0.6061699969945684,0.6005427274057543,0.6020708310874209,0.5946757605634623,0.05856064701282049,0.05577899717804661,0.06297385801515036,0.05856064701282049,0.06273510968635403
43,0.5924543075265211,2024-07-10 16:27:03.182800,2024-07-10 16:27:29.093875,0 days 00:00:25.911075,0.1,0.0023839691124257394,1,128,COMPLETE,"{'accuracy': 0.5176553672316384, 'balanced_accuracy': 0.5263157348498827, 'precision': 0.5107553603916374, 'recall': 0.5176553672316384, 'f1': 0.5103800759721723}","{'accuracy': 0.5586158192090396, 'balanced_accuracy': 0.5619064840406355, 'precision': 0.558383826955308, 'recall': 0.5586158192090396, 'f1': 0.5544349431978152}","{'accuracy': 0.6214689265536724, 'balanced_accuracy': 0.6204260265733536, 'precision': 0.6206473352886993, 'recall': 0.6214689265536724, 'f1': 0.6197868639442693}","{'accuracy': 0.6306497175141242, 'balanced_accuracy': 0.6399427286697834, 'precision': 0.6303625321364026, 'recall': 0.6306497175141242, 'f1': 0.6205187254745903}","{'accuracy': 0.662190812720848, 'balanced_accuracy': 0.6661137970436445, 'precision': 0.6626966079050327, 'recall': 0.662190812720848, 'f1': 0.6571509290437587}",0.5981161286458645,0.60294095423546,0.5965691325354159,0.5981161286458645,0.5924543075265211,0.05861646800823713,0.05749112784698892,0.06106700777623305,0.05861646800823713,0.05895333870959671
44,0.5902935372952799,2024-07-10 16:27:29.094879,2024-07-10 16:27:55.533698,0 days 00:00:26.438819,0.1,0.0038105483025718213,1,128,COMPLETE,"{'accuracy': 0.5028248587570622, 'balanced_accuracy': 0.5103260446491698, 'precision': 0.49154796430362396, 'recall': 0.5028248587570622, 'f1': 0.48675971078374974}","{'accuracy': 0.5621468926553672, 'balanced_accuracy': 0.5625487955810816, 'precision': 0.5636901240714087, 'recall': 0.5621468926553672, 'f1': 0.5574003901642164}","{'accuracy': 0.6094632768361582, 'balanced_accuracy': 0.6025049760056497, 'precision': 0.6122874811638145, 'recall': 0.6094632768361582, 'f1': 0.608251520330077}","{'accuracy': 0.6504237288135594, 'balanced_accuracy': 0.6557079420101587, 'precision': 0.6522796172025929, 'recall': 0.6504237288135594, 'f1': 0.6442760604625769}","{'accuracy': 0.6607773851590106, 'balanced_accuracy': 0.6619798773751979, 'precision': 0.6639339860791619, 'recall': 0.6607773851590106, 'f1': 0.6547800047357795}",0.5971272284442315,0.5986135271242515,0.5967478345641204,0.5971272284442316,0.5902935372952799,0.06549923341513036,0.0640030357732253,0.07070902237461862,0.06549923341513036,0.06927539030104025
45,0.5772479799217327,2024-07-10 16:27:55.534698,2024-07-10 16:28:24.036745,0 days 00:00:28.502047,0.15000000000000002,0.002173223183428965,2,128,COMPLETE,"{'accuracy': 0.5233050847457628, 'balanced_accuracy': 0.535638301993369, 'precision': 0.508555873631111, 'recall': 0.5233050847457628, 'f1': 0.5003992871086215}","{'accuracy': 0.5508474576271186, 'balanced_accuracy': 0.5585244277097714, 'precision': 0.5489931767057059, 'recall': 0.5508474576271186, 'f1': 0.5491149853619963}","{'accuracy': 0.5911016949152542, 'balanced_accuracy': 0.5987079770988188, 'precision': 0.5876261146253311, 'recall': 0.5911016949152542, 'f1': 0.5843677923327778}","{'accuracy': 0.6285310734463276, 'balanced_accuracy': 0.6437857103798391, 'precision': 0.6352646130930264, 'recall': 0.6285310734463276, 'f1': 0.6130491505912441}","{'accuracy': 0.6508833922261484, 'balanced_accuracy': 0.6614991494245932, 'precision': 0.6537301250580378, 'recall': 0.6508833922261484, 'f1': 0.6393086842140233}",0.5889337405921223,0.5996311133212784,0.5868339806226425,0.5889337405921224,0.5772479799217327,0.052839600563832204,0.053765634974356116,0.05995964529026709,0.052839600563832204,0.054500306277380645
46,0.564791301304678,2024-07-10 16:28:24.037749,2024-07-10 16:28:51.500444,0 days 00:00:27.462695,0.1,0.0013939764761121628,3,96,COMPLETE,"{'accuracy': 0.518361581920904, 'balanced_accuracy': 0.5265907128064302, 'precision': 0.5062982073665354, 'recall': 0.518361581920904, 'f1': 0.5002313780252602}","{'accuracy': 0.5515536723163842, 'balanced_accuracy': 0.5576697068200985, 'precision': 0.5477786035578512, 'recall': 0.5515536723163842, 'f1': 0.5435186841943662}","{'accuracy': 0.5798022598870056, 'balanced_accuracy': 0.5941646930286951, 'precision': 0.5762246641580708, 'recall': 0.5798022598870056, 'f1': 0.5673345074326103}","{'accuracy': 0.6242937853107344, 'balanced_accuracy': 0.6406436358927748, 'precision': 0.6274046581439859, 'recall': 0.6242937853107344, 'f1': 0.6100133090308936}","{'accuracy': 0.615547703180212, 'balanced_accuracy': 0.6260063215619448, 'precision': 0.6159415632462034, 'recall': 0.615547703180212, 'f1': 0.6028586278402595}",0.577911800523048,0.5890150140219886,0.5747295392945293,0.577911800523048,0.564791301304678,0.04419361655373302,0.047275025884434975,0.0497104983601984,0.04419361655373302,0.04505864834394137
47,0.44790643396155316,2024-07-10 16:28:51.501451,2024-07-10 16:29:19.704501,0 days 00:00:28.203050,0.1,0.0544750184566395,1,128,COMPLETE,"{'accuracy': 0.4152542372881356, 'balanced_accuracy': 0.38859668721270335, 'precision': 0.4327377286318644, 'recall': 0.4152542372881356, 'f1': 0.39745418791623466}","{'accuracy': 0.4717514124293785, 'balanced_accuracy': 0.4725513205367344, 'precision': 0.49170657249010924, 'recall': 0.4717514124293785, 'f1': 0.4586947923869981}","{'accuracy': 0.4590395480225989, 'balanced_accuracy': 0.4336795436496321, 'precision': 0.47288889495229675, 'recall': 0.4590395480225989, 'f1': 0.4385823227218235}","{'accuracy': 0.4936440677966102, 'balanced_accuracy': 0.4807945544144734, 'precision': 0.4909724443535123, 'recall': 0.4936440677966102, 'f1': 0.4728560374476929}","{'accuracy': 0.49540636042402825, 'balanced_accuracy': 0.4910844317173901, 'precision': 0.5014642235676514, 'recall': 0.49540636042402825, 'f1': 0.4719448293350168}",0.46701912519215033,0.4533413075061866,0.4779539727990868,0.46701912519215033,0.44790643396155316,0.032712361986015404,0.04220692954528244,0.027301603621672152,0.032712361986015404,0.0314208689615303
48,0.5896716751138704,2024-07-10 16:29:19.704501,2024-07-10 16:29:46.681135,0 days 00:00:26.976634,0.15000000000000002,0.004003339042942764,1,112,COMPLETE,"{'accuracy': 0.5049435028248588, 'balanced_accuracy': 0.5083734413640991, 'precision': 0.4970384608686058, 'recall': 0.5049435028248588, 'f1': 0.4924271490042453}","{'accuracy': 0.5515536723163842, 'balanced_accuracy': 0.5500855520763047, 'precision': 0.5546778931882131, 'recall': 0.5515536723163842, 'f1': 0.5486321577585588}","{'accuracy': 0.6271186440677966, 'balanced_accuracy': 0.6237297779451034, 'precision': 0.626835141937052, 'recall': 0.6271186440677966, 'f1': 0.6248652427680556}","{'accuracy': 0.6320621468926554, 'balanced_accuracy': 0.6393270707611087, 'precision': 0.63503559992369, 'recall': 0.6320621468926554, 'f1': 0.6233313976827419}","{'accuracy': 0.665017667844523, 'balanced_accuracy': 0.665206277540511, 'precision': 0.6671134915063266, 'recall': 0.665017667844523, 'f1': 0.659102428355751}",0.5961391267892436,0.5973444239374255,0.5961401174847776,0.5961391267892436,0.5896716751138704,0.06576273994989677,0.06559953777376826,0.06897919484883176,0.06576273994989677,0.06769958173138978
49,0.5874741808944569,2024-07-10 16:29:46.681135,2024-07-10 16:30:11.106441,0 days 00:00:24.425306,0.05,0.002030751849327517,2,96,COMPLETE,"{'accuracy': 0.5134180790960452, 'balanced_accuracy': 0.5197798802680785, 'precision': 0.5033156767453946, 'recall': 0.5134180790960452, 'f1': 0.5010657625320937}","{'accuracy': 0.5614406779661016, 'balanced_accuracy': 0.5632536195393967, 'precision': 0.5612104305295145, 'recall': 0.5614406779661016, 'f1': 0.5569208099448075}","{'accuracy': 0.6038135593220338, 'balanced_accuracy': 0.6023391906804519, 'precision': 0.6031354425328276, 'recall': 0.6038135593220338, 'f1': 0.6011986768182676}","{'accuracy': 0.6412429378531074, 'balanced_accuracy': 0.6558283791424121, 'precision': 0.644490898930745, 'recall': 0.6412429378531074, 'f1': 0.6283336390983466}","{'accuracy': 0.6565371024734983, 'balanced_accuracy': 0.6626580495299925, 'precision': 0.6590615824505618, 'recall': 0.6565371024734983, 'f1': 0.6498520160787694}",0.5952904713421573,0.6007718238320664,0.5942428062378087,0.5952904713421573,0.5874741808944569,0.05870332008454494,0.06089108397013458,0.06356945861012292,0.05870332008454494,0.059474310999858226
