number,value,datetime_start,datetime_complete,duration,params_dropout_rate,params_learning_rate,params_num_layers,params_num_units,state,fold_0,fold_1,fold_2,fold_3,fold_4,mse,rmse,mae,mdae,r2,mse_std,rmse_std,mae_std,mdae_std,r2_std
0,45.0589938404129,2024-07-10 17:36:12.819901,2024-07-10 17:36:37.928452,0 days 00:00:25.108551,0.4,0.015751320499779727,2,128,COMPLETE,"{'mse': 2218.2980845635675, 'rmse': 47.09881192305776, 'mae': 36.342852715601374, 'mdae': 29.590618798759767, 'r2': 0.25746552933024924}","{'mse': 1869.7680163763162, 'rmse': 43.24081424275352, 'mae': 34.10990846076165, 'mdae': 28.895985996386727, 'r2': 0.31852935978046915}","{'mse': 1982.6141312031195, 'rmse': 44.52655534850096, 'mae': 34.28760002869595, 'mdae': 25.968097418291016, 'r2': 0.28609066637532254}","{'mse': 2041.8119198484385, 'rmse': 45.1864130004633, 'mae': 35.870791063797604, 'mdae': 29.60292924795899, 'r2': 0.2581964720715375}","{'mse': 2046.872467345048, 'rmse': 45.242374687288994, 'mae': 33.61131602595833, 'mdae': 24.00986496291992, 'r2': 0.2881678074067108}",2031.872923867298,45.0589938404129,34.84449365896298,27.613499284863288,0.28168996699285787,126.27602719209638,1.3964230899559207,1.1904662142593558,2.5102356933331564,0.025284566024206315
1,44.33298474449197,2024-07-10 17:36:37.929451,2024-07-10 17:36:51.843773,0 days 00:00:13.914322,0.05,0.05399484409787434,1,32,COMPLETE,"{'mse': 2275.4275040962557, 'rmse': 47.7014413209523, 'mae': 36.359296756755604, 'mdae': 27.408128613720706, 'r2': 0.23834250723165662}","{'mse': 1928.7082404275425, 'rmse': 43.91706092656409, 'mae': 34.12077046743719, 'mdae': 27.154998058984372, 'r2': 0.2970475332292186}","{'mse': 1908.3131576852795, 'rmse': 43.684243814964674, 'mae': 34.21909395356017, 'mdae': 27.88626537, 'r2': 0.31284532208818017}","{'mse': 1863.0024170439367, 'rmse': 43.162511709166516, 'mae': 33.63762033186152, 'mdae': 28.391409790722662, 'r2': 0.3231591254472508}","{'mse': 1866.2111382617684, 'rmse': 43.19966595081226, 'mae': 32.3551365373449, 'mdae': 23.625038480664074, 'r2': 0.3509956347627422}",1968.3324915029564,44.33298474449197,34.13838360939187,26.893168062818365,0.30447802455180967,173.9273870313686,1.9101554739074313,1.446548786823781,1.8871526712480753,0.041868849133226194
2,48.675702886071846,2024-07-10 17:36:51.844773,2024-07-10 17:37:15.113111,0 days 00:00:23.268338,0.05,0.08706020878304858,3,96,COMPLETE,"{'mse': 2502.90251403504, 'rmse': 50.02901672064963, 'mae': 37.75427413556319, 'mdae': 28.00223328724609, 'r2': 0.16219943283112004}","{'mse': 2798.3063213585106, 'rmse': 52.899020041570814, 'mae': 38.902441381136, 'mdae': 25.85246692515137, 'r2': -0.019893154468603402}","{'mse': 2157.4960879494506, 'rmse': 46.44885453861538, 'mae': 35.189446678570945, 'mdae': 26.365701326982425, 'r2': 0.22311832130886744}","{'mse': 1833.863060596858, 'rmse': 42.82362736383804, 'mae': 32.77003706862501, 'mdae': 27.150713959990235, 'r2': 0.3337456428457839}","{'mse': 2619.1872505925044, 'rmse': 51.17799576568532, 'mae': 37.66361847077862, 'mdae': 26.893544214648443, 'r2': 0.08913631252270904}",2382.351046906472,48.675702886071846,36.455963546934754,26.852931942803714,0.1576613110079754,385.694716596323,4.035312170906157,2.465735872626164,0.8138705350454724,0.13372749370834294
3,45.316785987895045,2024-07-10 17:37:15.114110,2024-07-10 17:37:32.816904,0 days 00:00:17.702794,0.1,0.002327067708383781,4,32,COMPLETE,"{'mse': 2455.300454098578, 'rmse': 49.55098842705944, 'mae': 36.735290530024606, 'mdae': 26.183707842792966, 'r2': 0.17813334659305913}","{'mse': 1959.9220425947556, 'rmse': 44.27100679445584, 'mae': 34.100855911025874, 'mdae': 27.595003611230467, 'r2': 0.2856711006663164}","{'mse': 1985.5882139273203, 'rmse': 44.559939563775444, 'mae': 34.35117494763067, 'mdae': 27.087968965981442, 'r2': 0.2850197442113156}","{'mse': 2026.4567031014828, 'rmse': 45.01618268024826, 'mae': 33.63212925888326, 'mdae': 25.685259623398437, 'r2': 0.2637751220168486}","{'mse': 1865.014399033986, 'rmse': 43.18581247393623, 'mae': 32.991663925706504, 'mdae': 25.87031379234375, 'r2': 0.35141181970932056}",2058.4563625512246,45.316785987895045,34.36222291465418,26.48445076714942,0.27280222663937204,229.64526107864037,2.4610135814700835,1.4240218891982572,0.8221737727576036,0.06232581576693196
4,44.04524760354214,2024-07-10 17:37:32.816904,2024-07-10 17:37:52.829427,0 days 00:00:20.012523,0.25,0.0038234752246751854,2,80,COMPLETE,"{'mse': 2307.675186868356, 'rmse': 48.03826794201011, 'mae': 36.6118334942219, 'mdae': 27.441676161318362, 'r2': 0.227548188729498}","{'mse': 1924.6218180591272, 'rmse': 43.87051194206796, 'mae': 34.615466065174544, 'mdae': 28.814024008652343, 'r2': 0.298536903484363}","{'mse': 1892.5661956148465, 'rmse': 43.50363428053852, 'mae': 33.99536209046041, 'mdae': 27.068538723583984, 'r2': 0.31851556473468756}","{'mse': 1886.1164424398107, 'rmse': 43.429442115226514, 'mae': 33.31985435973448, 'mdae': 27.053818290156244, 'r2': 0.31476164994198474}","{'mse': 1712.667051825548, 'rmse': 41.384381737867585, 'mae': 31.549438170709884, 'mdae': 24.510300450166017, 'r2': 0.4043930131785043}",1944.7293389615377,44.04524760354214,34.01839083606025,26.97767152677539,0.3127510640138075,219.17080735290727,2.435544729676317,1.8484219246438736,1.5563953502637695,0.06304183350623398
5,44.851691058406786,2024-07-10 17:37:52.830425,2024-07-10 17:38:08.521206,0 days 00:00:15.690781,0.15000000000000002,0.005404103854647328,3,32,COMPLETE,"{'mse': 2483.4923844462746, 'rmse': 49.834650439691806, 'mae': 36.873211851867005, 'mdae': 25.989055424472653, 'r2': 0.16869661659560986}","{'mse': 1961.4427972595868, 'rmse': 44.2881789788154, 'mae': 34.627661936941024, 'mdae': 28.463959928847657, 'r2': 0.28511683423006207}","{'mse': 1875.5986683653987, 'rmse': 43.308182464349606, 'mae': 34.21412428643975, 'mdae': 29.12349198905762, 'r2': 0.32462531442388254}","{'mse': 1940.8716918008602, 'rmse': 44.05532535120879, 'mae': 33.137089941057596, 'mdae': 25.55550058430664, 'r2': 0.2948687123242809}","{'mse': 1829.4540831647773, 'rmse': 42.77211805796829, 'mae': 32.451012316999886, 'mdae': 24.810869288984374, 'r2': 0.36377848056304807}",2018.1719250073795,44.851691058406786,34.260620066661055,26.788575443133787,0.28741719162737667,265.35740393875466,2.849941711819028,1.6955469308614626,1.892734526503358,0.07309391662560247
6,44.49359295911769,2024-07-10 17:38:08.522207,2024-07-10 17:38:31.038824,0 days 00:00:22.516617,0.1,0.01067748270948136,2,112,COMPLETE,"{'mse': 2150.2393151107144, 'rmse': 46.370673006877034, 'mae': 36.40815190339816, 'mdae': 29.963957363447257, 'r2': 0.2802469502320536}","{'mse': 1864.1647960485523, 'rmse': 43.17597475504812, 'mae': 33.789667910807616, 'mdae': 27.0617761093457, 'r2': 0.3205715543792689}","{'mse': 1905.5851182092795, 'rmse': 43.65300812325858, 'mae': 33.85513076271642, 'mdae': 27.27500028105957, 'r2': 0.3138276478033869}","{'mse': 1892.738414550697, 'rmse': 43.50561359814038, 'mae': 34.14010532793624, 'mdae': 27.514748595595705, 'r2': 0.3123558444777558}","{'mse': 2094.224282243139, 'rmse': 45.76269531226432, 'mae': 33.912710777995926, 'mdae': 23.683351640039064, 'r2': 0.2717004667394636}",1981.3903852324765,44.49359295911769,34.421153336570875,27.099766797897463,0.2997404927263857,130.9474117817706,1.4622631521162228,1.1185728094502454,2.240526728533254,0.02212334414078315
7,54.92495074417997,2024-07-10 17:38:31.038824,2024-07-10 17:38:46.528856,0 days 00:00:15.490032,0.35000000000000003,0.002193048555664369,3,16,COMPLETE,"{'mse': 3359.945739946904, 'rmse': 57.965038945444554, 'mae': 41.746687351454476, 'mdae': 27.332590169296875, 'r2': -0.12468001881785207}","{'mse': 3063.697799754112, 'rmse': 55.350680210401315, 'mae': 40.02853934680597, 'mdae': 25.798729646879877, 'r2': -0.11661986019200388}","{'mse': 2837.399329592095, 'rmse': 53.26724443400555, 'mae': 38.95395372314225, 'mdae': 25.995584513237304, 'r2': -0.021704542873890675}","{'mse': 2845.750839539163, 'rmse': 53.34557938141794, 'mae': 38.52303337251512, 'mdae': 24.698338819423828, 'r2': -0.03387975741283311}","{'mse': 2991.675470367992, 'rmse': 54.696210749630474, 'mae': 39.49305366168231, 'mdae': 23.963475465380853, 'r2': -0.04040234239010787}",3019.6938358400535,54.92495074417997,39.74905349112002,25.557743722843746,-0.06745730433733751,213.29568025544475,1.9182093177810806,1.2519483084793934,1.2922970582048146,0.04910227529261268
8,45.092815745384804,2024-07-10 17:38:46.529854,2024-07-10 17:39:08.587750,0 days 00:00:22.057896,0.5,0.041380401125610165,1,128,COMPLETE,"{'mse': 2309.2977483192326, 'rmse': 48.05515319213156, 'mae': 36.946976198801565, 'mdae': 28.350054896894527, 'r2': 0.2270050661363534}","{'mse': 1934.6242013138713, 'rmse': 43.984363145484686, 'mae': 34.44033093129, 'mdae': 28.076110480859374, 'r2': 0.29489135469936356}","{'mse': 1976.192213731781, 'rmse': 44.45438351537204, 'mae': 35.351972322593404, 'mdae': 29.608923167695316, 'r2': 0.28840310163461014}","{'mse': 1959.1720259695064, 'rmse': 44.262535241098725, 'mae': 34.7145735134403, 'mdae': 29.3848348169336, 'r2': 0.28822008209707595}","{'mse': 1998.7733992007509, 'rmse': 44.707643632837, 'mae': 33.488158888569686, 'mdae': 24.864813480458984, 'r2': 0.3048950171792175}",2035.6119177070286,45.092815745384804,34.98840237093899,28.05694736856836,0.2806829243493241,154.78475979185123,1.677008445046163,1.2839674452146153,1.9005204526821158,0.030764538346844353
9,50.179905917981785,2024-07-10 17:39:08.588755,2024-07-10 17:39:23.188147,0 days 00:00:14.599392,0.35000000000000003,0.007591104805282696,2,16,COMPLETE,"{'mse': 2624.1569048020724, 'rmse': 51.226525402393555, 'mae': 37.86145100084957, 'mdae': 27.164662616320797, 'r2': 0.12161175640877142}","{'mse': 2308.3377524253583, 'rmse': 48.04516367362441, 'mae': 35.89508513882095, 'mdae': 25.758094066132813, 'r2': 0.15868471799144235}","{'mse': 2389.4829179558524, 'rmse': 48.882337484574656, 'mae': 36.427823822619615, 'mdae': 26.609702514799807, 'r2': 0.13958337589865344}","{'mse': 2503.949437193206, 'rmse': 50.03947878618647, 'mae': 36.43450578493053, 'mdae': 25.045675961743164, 'r2': 0.09029891136971913}","{'mse': 2777.924991517391, 'rmse': 52.706024243129846, 'mae': 38.0021080902646, 'mdae': 24.282890401601563, 'r2': 0.033932758821862086}",2520.7704007787765,50.179905917981785,36.924194767497056,25.77220511211963,0.10882230409808968,186.72455034118906,1.8531874032570252,0.9467830296268172,1.160435460875926,0.048855997630404206
10,45.95298420330306,2024-07-10 17:39:23.188147,2024-07-10 17:39:43.679783,0 days 00:00:20.491636,0.2,0.0010862348973937142,4,64,COMPLETE,"{'mse': 2523.9216489437063, 'rmse': 50.23864696569471, 'mae': 37.438025940202515, 'mdae': 27.03259349013672, 'r2': 0.15516366413891858}","{'mse': 1972.689731316176, 'rmse': 44.41497192745005, 'mae': 34.47094708421341, 'mdae': 28.76663932827637, 'r2': 0.2810176864828968}","{'mse': 2079.216025704072, 'rmse': 45.598421307146936, 'mae': 34.843210891587105, 'mdae': 27.094327679204106, 'r2': 0.2513057866326335}","{'mse': 2067.3597128646024, 'rmse': 45.46822750959842, 'mae': 33.926265315886766, 'mdae': 25.15605245188477, 'r2': 0.24891479298741148}","{'mse': 1939.9314849008078, 'rmse': 44.04465330662517, 'mae': 33.44275687024685, 'mdae': 25.222278522207034, 'r2': 0.3253582211847136}",2116.6237207458726,45.95298420330306,34.82424122042733,26.654378294341797,0.2523520302853148,235.4012637796311,2.486705540683422,1.554984476720452,1.5078245055851383,0.062470215893468545
11,44.069303372786905,2024-07-10 17:39:43.680781,2024-07-10 17:40:01.414890,0 days 00:00:17.734109,0.25,0.0288044539749978,1,64,COMPLETE,"{'mse': 2328.564560414997, 'rmse': 48.25520241813308, 'mae': 36.88235973722589, 'mdae': 29.147581210712886, 'r2': 0.2205558552658331}","{'mse': 1933.500260006812, 'rmse': 43.9715846883736, 'mae': 34.89678376456064, 'mdae': 28.94118964899414, 'r2': 0.2953009953581953}","{'mse': 1889.4556262067513, 'rmse': 43.46786889423901, 'mae': 34.21358561496607, 'mdae': 28.362896253769527, 'r2': 0.3196356336872773}","{'mse': 1894.6617009476352, 'rmse': 43.52771187355976, 'mae': 33.28387512698722, 'mdae': 26.78917094001953, 'r2': 0.3116571020418847}","{'mse': 1691.1956301212101, 'rmse': 41.12414898962908, 'mae': 31.515006480091984, 'mdae': 24.433997213916015, 'r2': 0.4118600388157775}",1947.4755555394809,44.069303372786905,34.15832214476636,27.534967053482422,0.31180192503379356,233.05533362876207,2.591345156659401,1.9824565386280344,1.964413332121879,0.06832119002702171
12,43.93911347205772,2024-07-10 17:40:01.415890,2024-07-10 17:40:19.107652,0 days 00:00:17.691762,0.25,0.02479201332659859,1,80,COMPLETE,"{'mse': 2280.7893796201934, 'rmse': 47.75761069840276, 'mae': 36.43622923817275, 'mdae': 27.46932535477539, 'r2': 0.2365477180499549}","{'mse': 1917.1219338152582, 'rmse': 43.78495099706357, 'mae': 34.62369985271951, 'mdae': 28.748531251064453, 'r2': 0.30127037141860824}","{'mse': 1881.8957037678394, 'rmse': 43.38082184292777, 'mae': 34.27870453149118, 'mdae': 28.888681006591796, 'r2': 0.3223578473070011}","{'mse': 1842.508815283828, 'rmse': 42.92445474649419, 'mae': 33.031114999705004, 'mdae': 26.66349742012695, 'r2': 0.33060458403128046}","{'mse': 1751.232428768107, 'rmse': 41.84772907540034, 'mae': 31.901589980754878, 'mdae': 24.692267669179685, 'r2': 0.3909812949277742}",1934.709652251045,43.93911347205772,34.05426772056867,27.292460540347655,0.3163523631469238,203.12231817585345,2.2538743145638027,1.7123980588833743,1.7216228120524129,0.05568868141828823
13,42.82070057755217,2024-07-10 17:40:19.107652,2024-07-10 17:40:38.077315,0 days 00:00:18.969663,0.25,0.004330843599379617,1,80,COMPLETE,"{'mse': 2098.0950562972866, 'rmse': 45.80496759410803, 'mae': 35.915666799027875, 'mdae': 29.797506595654294, 'r2': 0.2977012814988601}","{'mse': 1758.189137132968, 'rmse': 41.9307659974507, 'mae': 32.87920138378235, 'mdae': 26.96205023778809, 'r2': 0.3591962925801361}","{'mse': 1790.54429223053, 'rmse': 42.3148235519248, 'mae': 33.493997302546106, 'mdae': 27.94149071889649, 'r2': 0.355252107622143}","{'mse': 1792.672660412809, 'rmse': 42.3399652859188, 'mae': 32.977704160247725, 'mdae': 27.100666166123048, 'r2': 0.3487103826811656}","{'mse': 1739.9727387194005, 'rmse': 41.71298045835853, 'mae': 32.16085200893456, 'mdae': 26.01061269094727, 'r2': 0.39489702977845975}",1835.8947769585986,42.82070057755217,33.48548433090773,27.56246528188184,0.35115141883215284,148.2506392816971,1.6890748230251205,1.4392645518763394,1.4248748250858638,0.034849999848196804
14,43.806616163732265,2024-07-10 17:40:38.078376,2024-07-10 17:40:55.589156,0 days 00:00:17.510780,0.3,0.019575500799074524,1,80,COMPLETE,"{'mse': 2254.9729987598303, 'rmse': 47.486555979138245, 'mae': 36.59873316055604, 'mdae': 28.729322762705078, 'r2': 0.24518927656283163}","{'mse': 1927.9957445168743, 'rmse': 43.908948342187315, 'mae': 34.94804989574596, 'mdae': 28.945314424121094, 'r2': 0.29730721520053494}","{'mse': 1884.9579173549573, 'rmse': 43.416102051600134, 'mae': 34.24895418737754, 'mdae': 28.533326107290037, 'r2': 0.32125519055348095}","{'mse': 1839.7705992951212, 'rmse': 42.89254712995162, 'mae': 32.82219502399363, 'mdae': 25.636522026660153, 'r2': 0.3315993956791641}","{'mse': 1708.0802330733563, 'rmse': 41.32892731578399, 'mae': 31.827761244163362, 'mdae': 26.376165041914064, 'r2': 0.4059881517626075}",1923.1554986000278,43.806616163732265,34.0891387023673,27.644130072538086,0.3202678459517238,202.97521269804562,2.2737301080655885,1.8560918662997088,1.5247638230701623,0.05839805613818543
15,43.94225290417664,2024-07-10 17:40:55.590155,2024-07-10 17:41:13.879511,0 days 00:00:18.289356,0.35000000000000003,0.013597694943100914,1,96,COMPLETE,"{'mse': 2247.2748959195005, 'rmse': 47.40543108040998, 'mae': 36.788151052055504, 'mdae': 29.05483572053711, 'r2': 0.24776607485584834}","{'mse': 1923.8214973896054, 'rmse': 43.861389597111554, 'mae': 34.614588261083966, 'mdae': 28.427490372597664, 'r2': 0.2988285947713373}","{'mse': 1926.7370980079609, 'rmse': 43.89461354207326, 'mae': 34.3392383338189, 'mdae': 28.449417740537108, 'r2': 0.30621114010011763}","{'mse': 1849.0919704114121, 'rmse': 43.001069410090395, 'mae': 32.92841716235607, 'mdae': 26.255705105717773, 'r2': 0.32821288102912305}","{'mse': 1726.2995315939447, 'rmse': 41.548760891198, 'mae': 32.09895415705205, 'mdae': 26.09320550507813, 'r2': 0.3996521032689542}",1934.644998664485,43.94225290417664,34.1538697932733,27.65613088889355,0.31613415880507606,192.7720739775571,2.1573735101578353,1.7965573449924663,1.3770078810333588,0.05521160731148513
16,49.132643493328914,2024-07-10 17:41:13.880511,2024-07-10 17:41:29.395952,0 days 00:00:15.515441,0.5,0.0036126585402242602,1,48,COMPLETE,"{'mse': 3782.487596046519, 'rmse': 61.501931644839566, 'mae': 47.06201731689725, 'mdae': 35.77031354060913, 'r2': -0.26611813105265125}","{'mse': 2198.2403968469225, 'rmse': 46.88539641345611, 'mae': 36.693502529895135, 'mdae': 29.499911072641602, 'r2': 0.19881168279958017}","{'mse': 2133.1971859509754, 'rmse': 46.18654767300729, 'mae': 36.67991588827829, 'mdae': 29.991141675937502, 'r2': 0.23186798805466835}","{'mse': 2081.013110502659, 'rmse': 45.61812261045668, 'mae': 36.07154730308034, 'mdae': 29.21289122250976, 'r2': 0.2439544249742439}","{'mse': 2067.6317687033, 'rmse': 45.47121912488492, 'mae': 35.675722958334326, 'mdae': 28.77275333682617, 'r2': 0.2809484328544132}",2452.514011610075,49.132643493328914,38.43654119929707,30.649402169704832,0.13789287952605087,745.2508473730536,6.936980157777513,4.840921090825804,2.8967112589924935,0.22775055490877052
17,45.299502160585305,2024-07-10 17:41:29.396948,2024-07-10 17:41:50.749460,0 days 00:00:21.352512,0.3,0.019650196679314492,2,96,COMPLETE,"{'mse': 2232.7438436135753, 'rmse': 47.25191894107133, 'mae': 37.282176649445404, 'mdae': 30.444384586459964, 'r2': 0.25263007726712805}","{'mse': 1926.6785804389267, 'rmse': 43.893946968106285, 'mae': 34.787315716295346, 'mdae': 29.123080711533202, 'r2': 0.2977872793794124}","{'mse': 1942.0055161257712, 'rmse': 44.06819165935642, 'mae': 35.030890245290415, 'mdae': 30.06598531636719, 'r2': 0.3007132138862182}","{'mse': 1855.9307914234728, 'rmse': 43.08051521771151, 'mae': 33.37961840762965, 'mdae': 27.003806302734375, 'r2': 0.3257282929511014}","{'mse': 2323.5232334399875, 'rmse': 48.20293801668097, 'mae': 35.89960860660846, 'mdae': 25.33791970785157, 'r2': 0.1919581389717222}",2056.1763930083466,45.299502160585305,35.27592192505385,28.39503532498926,0.27376340049111647,207.697719802421,2.27252530554508,1.4412483024632219,2.16814612301361,0.052779038002776654
18,44.78696364909332,2024-07-10 17:41:50.749460,2024-07-10 17:42:09.401377,0 days 00:00:18.651917,0.45,0.006880922451311329,1,80,COMPLETE,"{'mse': 2276.67341471439, 'rmse': 47.714498998882824, 'mae': 37.03722339128041, 'mdae': 29.681583503837892, 'r2': 0.23792546157499928}","{'mse': 1995.2909005408121, 'rmse': 44.66867918957099, 'mae': 35.18654036130938, 'mdae': 29.54138276865234, 'r2': 0.27278028316530634}","{'mse': 1974.5947198622812, 'rmse': 44.43641209483818, 'mae': 35.132735247982424, 'mdae': 28.736265434316405, 'r2': 0.288978334992375}","{'mse': 1911.3781796666044, 'rmse': 43.71931128993919, 'mae': 34.21929241788805, 'mdae': 27.785517330341797, 'r2': 0.30558389678349196}","{'mse': 1883.2055838236022, 'rmse': 43.395916672235444, 'mae': 33.45058444899485, 'mdae': 26.480455576777345, 'r2': 0.3450855482091434}",2008.2285597215382,44.78696364909332,35.00527517349103,28.445040922785154,0.29007070494506315,156.8215538438906,1.7162629520017576,1.3428280641635892,1.333264945970105,0.03964394803732918
19,44.624365360881576,2024-07-10 17:42:09.402378,2024-07-10 17:42:33.072868,0 days 00:00:23.670490,0.2,0.0013260541840337352,2,112,COMPLETE,"{'mse': 2258.8191096411083, 'rmse': 47.5270355654664, 'mae': 37.254782709476665, 'mdae': 30.477350606621098, 'r2': 0.24390186170761452}","{'mse': 1974.737382598166, 'rmse': 44.438017311736196, 'mae': 34.94602131834813, 'mdae': 29.09385313571289, 'r2': 0.28027138308169275}","{'mse': 1962.3595970630627, 'rmse': 44.298528159105494, 'mae': 34.981912299952704, 'mdae': 28.784508770957032, 'r2': 0.29338401748345344}","{'mse': 1903.304504832001, 'rmse': 43.626878238443794, 'mae': 34.001909343655726, 'mdae': 27.351501823232418, 'r2': 0.30851711527312664}","{'mse': 1868.9511384841944, 'rmse': 43.23136752965599, 'mae': 33.27727951694989, 'mdae': 25.947276892070313, 'r2': 0.35004275645832816}",1993.6343465237064,44.624365360881576,34.89238103767663,28.33089824571875,0.2952234268008431,154.40494361915242,1.6957161695943135,1.499443859041174,1.7346461109073528,0.038867502939245166
20,44.80102086565673,2024-07-10 17:42:33.073868,2024-07-10 17:42:48.772467,0 days 00:00:15.698599,0.3,0.009292323511163676,1,48,COMPLETE,"{'mse': 2291.1483268795864, 'rmse': 47.86594119914061, 'mae': 37.107277102504135, 'mdae': 29.999605308789064, 'r2': 0.23308025104293972}","{'mse': 1998.6882948715195, 'rmse': 44.706691835468206, 'mae': 35.412146100651185, 'mdae': 29.757657356406252, 'r2': 0.27154204159236917}","{'mse': 1969.4200162138704, 'rmse': 44.3781479583575, 'mae': 35.246612417279174, 'mdae': 29.172340573105462, 'r2': 0.2908416674357388}","{'mse': 1921.885560303003, 'rmse': 43.839315235334176, 'mae': 34.1480394946039, 'mdae': 27.59141610624023, 'r2': 0.3017664971740577}","{'mse': 1867.5369250816132, 'rmse': 43.215008099983194, 'mae': 33.274486948023196, 'mdae': 26.9596302228711, 'r2': 0.35053457148013056}",2009.7358246699187,44.80102086565673,35.03771241261232,28.696129913482423,0.28955300574504717,164.98379065796092,1.8042845067048356,1.4463246302566681,1.3498600836747472,0.04296262397333093
21,43.94765560295879,2024-07-10 17:42:48.773469,2024-07-10 17:43:06.281782,0 days 00:00:17.508313,0.2,0.0240043647026555,1,80,COMPLETE,"{'mse': 2283.4081052976408, 'rmse': 47.785019674555336, 'mae': 36.61826023408732, 'mdae': 28.141133133291017, 'r2': 0.2356711478097947}","{'mse': 1900.7784614428929, 'rmse': 43.597918086106965, 'mae': 34.502058155393875, 'mdae': 28.448629791191404, 'r2': 0.3072270443766745}","{'mse': 1891.9465137867764, 'rmse': 43.49651151284177, 'mae': 34.205755418772924, 'mdae': 27.905632786328127, 'r2': 0.31873870277954164}","{'mse': 1863.8517157588133, 'rmse': 43.172348971984526, 'mae': 33.04818527351197, 'mdae': 26.37416183685547, 'r2': 0.3228505697096551}","{'mse': 1737.7625955567044, 'rmse': 41.68647976930535, 'mae': 31.800878975972335, 'mdae': 24.760897612480463, 'r2': 0.3956656419311688}",1935.5494783685656,43.94765560295879,34.03502761154768,27.126091032029297,0.31603062132136694,205.16827644827612,2.2784439241208134,1.7948282801692492,1.5448820351362607,0.05685668355348559
22,44.41841107381549,2024-07-10 17:43:06.282780,2024-07-10 17:43:23.137509,0 days 00:00:16.854729,0.25,0.04517787474812945,1,64,COMPLETE,"{'mse': 2303.833102757873, 'rmse': 47.99826145557642, 'mae': 36.65081233634237, 'mdae': 27.838918380312503, 'r2': 0.22883425569727767}","{'mse': 1879.6223436094174, 'rmse': 43.3546115610487, 'mae': 33.99291671220941, 'mdae': 27.77808629033203, 'r2': 0.3149377726800068}","{'mse': 1876.3775516629705, 'rmse': 43.31717386514234, 'mae': 34.0234471290805, 'mdae': 28.079520969384767, 'r2': 0.32434485034003}","{'mse': 1928.1512070998524, 'rmse': 43.910718590110235, 'mae': 34.2347145744475, 'mdae': 28.733884647099615, 'r2': 0.29949014701003196}","{'mse': 1893.232348518157, 'rmse': 43.51128989719975, 'mae': 32.50113814178343, 'mdae': 24.274512866542963, 'r2': 0.34159858260136433}",1976.243310729654,44.41841107381549,34.280605778772646,27.340984630734376,0.3018411216657421,184.2739287318777,2.014965386551249,1.4946057815862712,1.7555520028948557,0.04357213941399957
23,43.869089455705044,2024-07-10 17:43:23.138504,2024-07-10 17:43:40.568181,0 days 00:00:17.429677,0.3,0.026373627146279117,1,80,COMPLETE,"{'mse': 2233.119210784396, 'rmse': 47.25589075220565, 'mae': 36.38352101329967, 'mdae': 28.366759288964843, 'r2': 0.2525044300128517}","{'mse': 1906.9739707046936, 'rmse': 43.66891309277909, 'mae': 34.64449225966857, 'mdae': 28.360812710024415, 'r2': 0.3049689794048991}","{'mse': 1892.339311744603, 'rmse': 43.50102655966412, 'mae': 34.365321679165056, 'mdae': 29.042731816958007, 'r2': 0.3185972621815414}","{'mse': 1869.2457656773215, 'rmse': 43.23477495809735, 'mae': 33.050576499590896, 'mdae': 26.333396489140625, 'r2': 0.3208908763507934}","{'mse': 1737.626045543485, 'rmse': 41.68484191577899, 'mae': 31.90092061169997, 'mdae': 25.163530191406252, 'r2': 0.3957131293525199}",1927.8608608908994,43.869089455705044,34.06896641268484,27.453446099298834,0.31853493546052114,183.37510543437006,2.0505643181355477,1.696596597161785,1.6341289908899497,0.05124961162757073
24,53.93438114802615,2024-07-10 17:43:40.569191,2024-07-10 17:44:00.712375,0 days 00:00:20.143184,0.4,0.07827261670764944,2,96,COMPLETE,"{'mse': 2779.4397673044273, 'rmse': 52.72039232881739, 'mae': 39.300254327068664, 'mdae': 28.81088616529297, 'r2': 0.06963367514249541}","{'mse': 2795.81429281286, 'rmse': 52.87546021372164, 'mae': 38.94848420129881, 'mdae': 28.714534798593746, 'r2': -0.01898488976754109}","{'mse': 3675.2432551563975, 'rmse': 60.62378456642572, 'mae': 44.10726734449549, 'mdae': 27.837209442167968, 'r2': -0.3233994562548015}","{'mse': 2377.5704144220726, 'rmse': 48.76033648799066, 'mae': 35.86619656597073, 'mdae': 25.14054510073242, 'r2': 0.13621323091915982}","{'mse': 2991.207441553696, 'rmse': 54.691932143175336, 'mae': 39.75220601569715, 'mdae': 27.38632071728516, 'r2': -0.0402395779861735}",2923.8550342498907,53.93438114802615,39.59488169090617,27.577899244814454,-0.03535540358937217,475.604271412106,4.321105823358802,2.9493263209119887,1.4880218800913114,0.17586907641647967
25,44.36796647549907,2024-07-10 17:44:00.713374,2024-07-10 17:44:21.652553,0 days 00:00:20.939179,0.3,0.03546424774113051,1,112,COMPLETE,"{'mse': 2245.2614192033393, 'rmse': 47.384189548871035, 'mae': 36.443946012343105, 'mdae': 28.6809134750293, 'r2': 0.24844004914183115}","{'mse': 1883.7397425685658, 'rmse': 43.40207071751953, 'mae': 33.67100226832275, 'mdae': 27.194658742329104, 'r2': 0.3134371124482803}","{'mse': 1929.109095415305, 'rmse': 43.921624462391016, 'mae': 34.75343792588789, 'mdae': 29.594322808671876, 'r2': 0.30535701974367235}","{'mse': 1894.7762436880382, 'rmse': 43.529027598696004, 'mae': 34.146229990443125, 'mdae': 28.638974322485353, 'r2': 0.31161548792057236}","{'mse': 1901.2146368882395, 'rmse': 43.602920050017744, 'mae': 32.83681321315356, 'mdae': 24.422013225859374, 'r2': 0.3388226158896924}",1970.8202275526976,44.36796647549907,34.37028588203008,27.706176514875004,0.3035344570288097,154.32791615391199,1.696974654233453,1.3544010545170808,2.0268632945206653,0.03334417233823499
26,46.45139832464038,2024-07-10 17:44:21.652553,2024-07-10 17:44:38.471620,0 days 00:00:16.819067,0.4,0.014188556477072792,2,48,COMPLETE,"{'mse': 2295.951254332904, 'rmse': 47.916085548935484, 'mae': 36.35462548007969, 'mdae': 27.576223064316405, 'r2': 0.23147255944412726}","{'mse': 2154.7819027138316, 'rmse': 46.41962842067816, 'mae': 34.82481883138907, 'mdae': 26.061365276762697, 'r2': 0.21465091395578018}","{'mse': 2040.4526084124723, 'rmse': 45.17136934400453, 'mae': 34.763992059307306, 'mdae': 26.539256028535156, 'r2': 0.265263906355541}","{'mse': 2042.353545721296, 'rmse': 45.1924058412616, 'mae': 33.898064172328986, 'mdae': 26.45450394866211, 'r2': 0.25799969587516147}","{'mse': 2261.716041024465, 'rmse': 47.55750246832213, 'mae': 35.014693600234814, 'mdae': 23.8962372746875, 'r2': 0.21345256522302813}",2159.051070440994,46.45139832464038,34.97123882866797,26.105517118592775,0.23656792817072764,119.35649311920747,1.2838731083086936,0.8848362597817097,1.356075591750861,0.02410092389143102
27,45.671595769837346,2024-07-10 17:44:38.472650,2024-07-10 17:44:56.036556,0 days 00:00:17.563906,0.15000000000000002,0.004071237438230497,1,64,COMPLETE,"{'mse': 2474.751596892705, 'rmse': 49.74687524752389, 'mae': 38.10075499083256, 'mdae': 29.36233253775879, 'r2': 0.1716224344126519}","{'mse': 2054.4849950270727, 'rmse': 45.326427115172805, 'mae': 35.8203034914521, 'mdae': 29.656356357060552, 'r2': 0.25120592896015415}","{'mse': 2016.3720089246615, 'rmse': 44.90403109882966, 'mae': 35.89204535663236, 'mdae': 30.40466578821289, 'r2': 0.27393496567215814}","{'mse': 1982.7482503053336, 'rmse': 44.528061380497284, 'mae': 35.13744508451722, 'mdae': 28.5551433128418, 'r2': 0.2796546867158757}","{'mse': 1923.049124105295, 'rmse': 43.85258400716308, 'mae': 34.237809728630594, 'mdae': 27.654403591503907, 'r2': 0.3312293284925413}",2090.281195051014,45.671595769837346,35.837671730412964,29.12658031747559,0.26152946885067624,220.27898525551453,2.34161666578594,1.4295698453480463,1.056360354561135,0.058159996186072184
28,58.45991924760689,2024-07-10 17:44:56.036556,2024-07-10 17:45:17.806074,0 days 00:00:21.769518,0.3,0.059283220598370996,3,80,COMPLETE,"{'mse': 4666.887915611621, 'rmse': 68.31462446366533, 'mae': 51.10916623069039, 'mdae': 36.114379523188475, 'r2': -0.5621548664752631}","{'mse': 3742.32538909487, 'rmse': 61.174548540180254, 'mae': 45.71732293934284, 'mdae': 33.440602050273434, 'r2': -0.36395791161239255}","{'mse': 3158.892757017538, 'rmse': 56.20402794300011, 'mae': 43.604216061699965, 'mdae': 34.83235974636719, 'r2': -0.13746945896410967}","{'mse': 2756.2211837421646, 'rmse': 52.499725558731875, 'mae': 42.02165387621529, 'mdae': 36.05109009499999, 'r2': -0.001353052147363032}","{'mse': 2927.5317095371634, 'rmse': 54.10666973245686, 'mae': 42.673488266049986, 'mdae': 33.95614713310547, 'r2': -0.01809533760997506}",3450.3717910006717,58.45991924760689,45.02516947479969,34.87891570958691,-0.2166061253618207,775.4539361677865,6.40406438950622,3.676435502116612,1.2065217684068206,0.24141225722143267
29,46.01286389714568,2024-07-10 17:45:17.806074,2024-07-10 17:45:38.624610,0 days 00:00:20.818536,0.35000000000000003,0.017711724118496336,2,96,COMPLETE,"{'mse': 2269.5391937433633, 'rmse': 47.63968087365157, 'mae': 36.81499167797, 'mdae': 28.81913457980469, 'r2': 0.24031351078679164}","{'mse': 1974.5692804778876, 'rmse': 44.43612584910939, 'mae': 35.707751095602276, 'mdae': 30.573299943828122, 'r2': 0.28033265092803794}","{'mse': 1912.2299966569753, 'rmse': 43.72905208962316, 'mae': 34.76882074858219, 'mdae': 29.321663101210937, 'r2': 0.3114349276719447}","{'mse': 1980.4783062303036, 'rmse': 44.50256516460937, 'mae': 35.06365093814197, 'mdae': 28.75943204682617, 'r2': 0.28047937213703955}","{'mse': 2475.748650667164, 'rmse': 49.75689550873491, 'mae': 36.64220021949829, 'mdae': 24.470889629970703, 'r2': 0.13901934857712617}",2122.513085555139,46.01286389714568,35.79948293595894,28.38888386032813,0.250315962020188,241.1805684669323,2.5810466718674685,0.915636176261017,2.3084004834146805,0.06714414732457968
30,44.07139215439459,2024-07-10 17:45:38.625610,2024-07-10 17:46:00.244012,0 days 00:00:21.618402,0.45,0.011642992406938125,1,128,COMPLETE,"{'mse': 2221.7907912646197, 'rmse': 47.13587584064414, 'mae': 36.51911977952521, 'mdae': 28.850302554829103, 'r2': 0.25629641002229075}","{'mse': 1926.7478446829086, 'rmse': 43.8947359564095, 'mae': 34.863874785003915, 'mdae': 29.048339362490232, 'r2': 0.29776203477779484}","{'mse': 1921.3064745139577, 'rmse': 43.83271009775642, 'mae': 34.427095416982766, 'mdae': 29.021890505703126, 'r2': 0.30816662540547934}","{'mse': 1842.729779195014, 'rmse': 42.9270285390803, 'mae': 33.00717911471078, 'mdae': 26.197739287304685, 'r2': 0.33052430640763186}","{'mse': 1811.9163156741608, 'rmse': 42.566610338082604, 'mae': 32.44813261048724, 'mdae': 25.116861517978514, 'r2': 0.36987751588899076}",1944.8982410661324,44.07139215439459,34.253080341341985,27.647026645661136,0.3125253785004375,162.54082546810224,1.8064587732976085,1.6084458346490205,1.8576847349599945,0.041868487587253464
31,43.929259146749075,2024-07-10 17:46:00.245011,2024-07-10 17:46:17.950257,0 days 00:00:17.705246,0.25,0.025260262102772164,1,80,COMPLETE,"{'mse': 2261.864052952729, 'rmse': 47.55905857933617, 'mae': 36.399120140634956, 'mdae': 28.190949604462887, 'r2': 0.24288262295613794}","{'mse': 1936.7565517847986, 'rmse': 44.00859633963345, 'mae': 34.94177945420685, 'mdae': 28.788169702783204, 'r2': 0.29411418115276955}","{'mse': 1882.3195516505834, 'rmse': 43.38570676675192, 'mae': 34.26919626805068, 'mdae': 28.775367626630857, 'r2': 0.32220522610110647}","{'mse': 1840.4337482905728, 'rmse': 42.90027678571052, 'mae': 32.93851852704621, 'mdae': 27.01219712680664, 'r2': 0.33135846934330215}","{'mse': 1746.626201045188, 'rmse': 41.79265726231329, 'mae': 31.83633163803559, 'mdae': 24.945190392978517, 'r2': 0.39258318328764963}",1933.6000211447742,43.929259146749075,34.07698920559485,27.542374890732425,0.3166287365681931,196.23715793410264,2.18523796259629,1.7673256370430241,1.6216797415439375,0.054686686492307936
32,43.80946208906485,2024-07-10 17:46:17.951262,2024-07-10 17:46:35.725538,0 days 00:00:17.774276,0.2,0.03018764853371594,1,80,COMPLETE,"{'mse': 2279.6927835222314, 'rmse': 47.746128466318936, 'mae': 36.44347221894631, 'mdae': 27.934867373295894, 'r2': 0.23691478341813288}","{'mse': 1894.4172398787423, 'rmse': 43.524903674548696, 'mae': 34.2430234943139, 'mdae': 27.603670016181642, 'r2': 0.3095455061825948}","{'mse': 1879.3456775077664, 'rmse': 43.351420709219745, 'mae': 34.071242857481735, 'mdae': 28.81034170251953, 'r2': 0.3232760731581149}","{'mse': 1840.1255098230195, 'rmse': 42.8966841355252, 'mae': 33.23084332337915, 'mdae': 26.935060696987303, 'r2': 0.33147045437995104}","{'mse': 1724.5891908999022, 'rmse': 41.52817345971169, 'mae': 31.467915818873802, 'mdae': 24.221690753505854, 'r2': 0.4002469012281553}",1923.6340803263324,43.80946208906485,33.89129954259898,27.101126108498043,0.3202907436733898,209.87224439274445,2.3358916373415757,1.8012957693419702,1.7455528140894272,0.05829643242033989
33,43.89790701527848,2024-07-10 17:46:35.726534,2024-07-10 17:46:52.585179,0 days 00:00:16.858645,0.2,0.03453481479112848,1,64,COMPLETE,"{'mse': 2288.32810456958, 'rmse': 47.83647253476765, 'mae': 36.64536569990467, 'mdae': 28.110434713144535, 'r2': 0.23402426857363323}","{'mse': 1905.979686676426, 'rmse': 43.657527262505674, 'mae': 34.11515552178019, 'mdae': 28.18473564203125, 'r2': 0.3053313641325065}","{'mse': 1886.8086174937284, 'rmse': 43.43741034515903, 'mae': 34.20409449889842, 'mdae': 28.59198762138672, 'r2': 0.32058878145146996}","{'mse': 1854.569512050926, 'rmse': 43.06471307289677, 'mae': 33.304531165580414, 'mdae': 27.793712706757816, 'r2': 0.3262228545859097}","{'mse': 1721.703227871823, 'rmse': 41.49341186106323, 'mae': 31.60333896538793, 'mdae': 24.526723774521486, 'r2': 0.4012505404009883}",1931.4778297324967,43.89790701527848,33.97449717031033,27.441518891568364,0.31748356182890153,212.07774835367297,2.3589164383414163,1.8219003874920712,1.6540457120823042,0.0596155471865659
34,45.36955221443202,2024-07-10 17:46:52.586189,2024-07-10 17:47:11.113978,0 days 00:00:18.527789,0.15000000000000002,0.06165955040414388,1,96,COMPLETE,"{'mse': 2158.734270837385, 'rmse': 46.462181081363205, 'mae': 36.24440613012154, 'mdae': 29.81152452296386, 'r2': 0.27740342009615326}","{'mse': 1893.2089748236708, 'rmse': 43.51102130292589, 'mae': 34.185577845812084, 'mdae': 28.255305261777345, 'r2': 0.30998588015060735}","{'mse': 2010.703203500487, 'rmse': 44.84086532952377, 'mae': 34.66827257779127, 'mdae': 27.15322445988281, 'r2': 0.2759762166847113}","{'mse': 1989.070642302977, 'rmse': 44.598998220845466, 'mae': 34.95621457285279, 'mdae': 28.29697038792969, 'r2': 0.2773577206519561}","{'mse': 2250.0503027877335, 'rmse': 47.43469513750176, 'mae': 35.154659656139664, 'mdae': 25.45362918310547, 'r2': 0.21750950973703742}",2060.3534788504503,45.36955221443202,35.04182615654347,27.794130763131836,0.27164654946409306,142.43186362152974,1.5641334311597543,0.7646833953626021,1.6143199593270865,0.033485923915696825
35,45.82126848797351,2024-07-10 17:47:11.114974,2024-07-10 17:47:30.208716,0 days 00:00:19.093742,0.3,0.017034325688312223,2,80,COMPLETE,"{'mse': 2302.339225315238, 'rmse': 47.98269714506718, 'mae': 36.59882231586262, 'mdae': 29.139126355810546, 'r2': 0.2293343036862433}","{'mse': 1937.4210535638474, 'rmse': 44.01614537375856, 'mae': 34.77621178644235, 'mdae': 28.82337403194336, 'r2': 0.2938719915074075}","{'mse': 1978.1055917737267, 'rmse': 44.47589899905034, 'mae': 34.17142469769772, 'mdae': 26.32405117567383, 'r2': 0.28771412316855405}","{'mse': 1952.4721268740823, 'rmse': 44.18678679055632, 'mae': 34.76063282995711, 'mdae': 29.053707056328125, 'r2': 0.29065419894076616}","{'mse': 2346.9000162293023, 'rmse': 48.44481413143519, 'mae': 36.05259700034536, 'mdae': 25.890807269960938, 'r2': 0.18382849395760037}",2103.447602751239,45.82126848797351,35.271937726061026,27.846213177943362,0.2570806222521143,203.03693273745063,2.196291449319895,1.0109843528422087,1.598835413086277,0.04887467077991514
36,51.01217332317153,2024-07-10 17:47:30.209712,2024-07-10 17:47:50.622335,0 days 00:00:20.412623,0.1,0.02048987291156296,4,64,COMPLETE,"{'mse': 2386.9327496189885, 'rmse': 48.85624575854134, 'mae': 36.857632423134206, 'mdae': 27.633171586166995, 'r2': 0.20101817781115283}","{'mse': 3319.329022155683, 'rmse': 57.61361837409349, 'mae': 42.85176362162666, 'mdae': 28.73717692247559, 'r2': -0.20978926477285498}","{'mse': 2495.9296991693536, 'rmse': 49.95928041084412, 'mae': 36.82360898363702, 'mdae': 25.6067360690625, 'r2': 0.10125350149363888}","{'mse': 1970.2230917362767, 'rmse': 44.38719513256359, 'mae': 34.206621689401366, 'mdae': 27.22223956407227, 'r2': 0.2842051581496401}","{'mse': 2942.468702924329, 'rmse': 54.24452693981513, 'mae': 39.576317559150986, 'mdae': 25.776297048925784, 'r2': -0.023289912710850347}",2622.9766531209257,51.01217332317153,38.06318885539005,26.995124238140626,0.0706795319941453,520.7990631080875,5.091024696418281,3.281883668016507,1.3140200502466317,0.19429946328255615
37,49.64238603736441,2024-07-10 17:47:50.622335,2024-07-10 17:48:11.436181,0 days 00:00:20.813846,0.2,0.0021562595018097346,1,112,COMPLETE,"{'mse': 4346.40251206831, 'rmse': 65.9272516647578, 'mae': 50.22286507196035, 'mdae': 36.29107740499024, 'r2': -0.45487827405813874}","{'mse': 2154.9392530521145, 'rmse': 46.421323258305705, 'mae': 36.74919328544852, 'mdae': 30.760322149921876, 'r2': 0.21459356479009273}","{'mse': 2098.2441642543486, 'rmse': 45.80659520477754, 'mae': 36.62821002610211, 'mdae': 30.952961283740237, 'r2': 0.24445404200983967}","{'mse': 2061.2255027006995, 'rmse': 45.40072138965084, 'mae': 36.09278623478856, 'mdae': 29.366249716435544, 'r2': 0.251143391369272}","{'mse': 1994.1617896367118, 'rmse': 44.65603866933017, 'mae': 35.377385179912736, 'mdae': 29.026921335273443, 'r2': 0.3064987771592479}",2530.994644342437,49.64238603736441,39.01408795964245,31.279506378072266,0.11236230025406271,1016.5221249272323,9.126072050704765,6.289245913229512,2.9251802742555193,0.3188300847438304
38,47.26872094699205,2024-07-10 17:48:11.437185,2024-07-10 17:48:30.256039,0 days 00:00:18.818854,0.25,0.0988415749709003,1,96,COMPLETE,"{'mse': 2143.1097809566127, 'rmse': 46.293733711557685, 'mae': 36.4313596942502, 'mdae': 28.9692689412207, 'r2': 0.28263343061810997}","{'mse': 2121.803359505193, 'rmse': 46.06303680289862, 'mae': 36.104998868530984, 'mdae': 29.22716467115234, 'r2': 0.22667053818566396}","{'mse': 2081.968413527261, 'rmse': 45.62859206163676, 'mae': 35.694816391051255, 'mdae': 28.74446757649414, 'r2': 0.2503146934462165}","{'mse': 2154.0197094226037, 'rmse': 46.411417877744306, 'mae': 35.69041778387498, 'mdae': 28.13155471708984, 'r2': 0.2174306535561138}","{'mse': 2698.472552893853, 'rmse': 51.94682428112284, 'mae': 38.43437872514107, 'mdae': 27.60423849029297, 'r2': 0.061563597818702576}",2239.8747632611044,47.26872094699205,36.4711942925697,28.535338879250002,0.20772258272496136,257.8380094154087,2.6322004332165805,1.1404115049617463,0.6596670790939815,0.08550064846536769
39,45.27518038250088,2024-07-10 17:48:30.257036,2024-07-10 17:48:47.628547,0 days 00:00:17.371511,0.15000000000000002,0.03221404796485073,2,48,COMPLETE,"{'mse': 2156.2771804354325, 'rmse': 46.43573172068501, 'mae': 36.734396467493205, 'mdae': 31.30493082443359, 'r2': 0.2782258859016721}","{'mse': 1935.690518491322, 'rmse': 43.99648302411594, 'mae': 34.86529998131705, 'mdae': 29.263996761289057, 'r2': 0.29450271619275215}","{'mse': 1967.4556999539636, 'rmse': 44.35601086610431, 'mae': 35.486580047296634, 'mdae': 31.210038991718747, 'r2': 0.29154898798292317}","{'mse': 1847.0804016352158, 'rmse': 42.97767329248078, 'mae': 33.09807225382375, 'mdae': 27.04681052280762, 'r2': 0.32894369702659454}","{'mse': 2362.9323925464937, 'rmse': 48.61000300911834, 'mae': 35.8869269774882, 'mdae': 24.677413622675786, 'r2': 0.17825298216171903}",2053.8872386124854,45.27518038250088,35.21425514548376,28.700638144584957,0.2742948538531322,206.27805912131353,2.248688491235874,1.3635869629540829,2.8424587622852457,0.05685959249779242
40,45.226988898192126,2024-07-10 17:48:47.629542,2024-07-10 17:49:05.390515,0 days 00:00:17.760973,0.35000000000000003,0.0049508612887092344,1,80,COMPLETE,"{'mse': 2341.1931542901566, 'rmse': 48.385877632736566, 'mae': 37.76858930010875, 'mdae': 30.5755055556543, 'r2': 0.21632866581205867}","{'mse': 2030.9868126936046, 'rmse': 45.06647104770469, 'mae': 35.551186621440834, 'mdae': 29.646024914970702, 'r2': 0.2597702648662834}","{'mse': 2003.3877969466473, 'rmse': 44.759220245069585, 'mae': 35.6242862220571, 'mdae': 29.81491184446289, 'r2': 0.27861038383597436}","{'mse': 1953.5034125786483, 'rmse': 44.198454866416405, 'mae': 34.71137849662448, 'mdae': 28.08444240299316, 'r2': 0.2902795261481781}","{'mse': 1911.8686901367582, 'rmse': 43.72492069903338, 'mae': 33.92523951870434, 'mdae': 26.95544730421875, 'r2': 0.3351175007909801}",2048.187973329163,45.226988898192126,35.5161360317871,29.015266404459965,0.27602126829069495,170.07578076824194,1.839649603854343,1.4374506199521526,1.4646606590473448,0.043386829900148784
41,43.860050071829384,2024-07-10 17:49:05.390515,2024-07-10 17:49:22.734986,0 days 00:00:17.344471,0.2,0.04433696876621911,1,64,COMPLETE,"{'mse': 2237.9845422909457, 'rmse': 47.30734131496871, 'mae': 36.25634357300337, 'mdae': 28.19702555250977, 'r2': 0.2508758498053547}","{'mse': 1892.6360687672707, 'rmse': 43.50443734571533, 'mae': 33.72143250747818, 'mdae': 26.790296604345702, 'r2': 0.31019468608461687}","{'mse': 1875.0003504966126, 'rmse': 43.30127423640801, 'mae': 34.02156194076542, 'mdae': 27.987764899843754, 'r2': 0.3248407596304299}","{'mse': 1882.5056446106732, 'rmse': 43.387851348167416, 'mae': 33.872626350062816, 'mdae': 28.469329960053713, 'r2': 0.31607347623815485}","{'mse': 1747.1853355485598, 'rmse': 41.799346113887474, 'mae': 31.620485066113158, 'mdae': 24.395934118808597, 'r2': 0.39238873544302844}",1927.0623883428125,43.860050071829384,33.89848988748459,27.16807022711231,0.31887470144031693,183.64998680500975,2.04890093691445,1.6428591644741986,1.6771536023693758,0.05036601135329673
42,44.222937541397854,2024-07-10 17:49:22.735984,2024-07-10 17:49:39.727898,0 days 00:00:16.991914,0.2,0.04422423501493062,1,64,COMPLETE,"{'mse': 2287.0259551837075, 'rmse': 47.82286017360011, 'mae': 36.62233520732134, 'mdae': 27.715730256806644, 'r2': 0.23446013912308727}","{'mse': 1911.715363113621, 'rmse': 43.72316734997158, 'mae': 33.99104728056824, 'mdae': 27.571890116367186, 'r2': 0.3032408935182307}","{'mse': 1861.8689889573218, 'rmse': 43.149379937112904, 'mae': 34.02059852241259, 'mdae': 28.29674550795899, 'r2': 0.32956916412354775}","{'mse': 1899.343419114116, 'rmse': 43.5814572853423, 'mae': 33.88957371967784, 'mdae': 28.17129321989258, 'r2': 0.30995620343369157}","{'mse': 1835.079076034756, 'rmse': 42.837822960962384, 'mae': 32.31121014412491, 'mdae': 23.554009325205072, 'r2': 0.3618223005509381}",1959.0065604807046,44.222937541397854,34.16695297482098,27.061933685246096,0.3078097401498991,185.86729156176696,2.0427786500036142,1.5493534983624941,1.984217581883216,0.046894762094784465
43,45.703824364650295,2024-07-10 17:49:39.728907,2024-07-10 17:49:57.323761,0 days 00:00:17.594854,0.25,0.05217051585927666,1,80,COMPLETE,"{'mse': 2195.874183805165, 'rmse': 46.86015561012538, 'mae': 36.4831211213714, 'mdae': 29.318437281494134, 'r2': 0.2649715175452042}","{'mse': 1891.5174948478295, 'rmse': 43.491579585568395, 'mae': 33.90403254455647, 'mdae': 27.560749304804688, 'r2': 0.31060237050232964}","{'mse': 1954.9456331792858, 'rmse': 44.214767139263394, 'mae': 34.20041525547053, 'mdae': 27.434679256982424, 'r2': 0.2960536736371563}","{'mse': 2057.2078089292645, 'rmse': 45.35645278159729, 'mae': 35.46957378885083, 'mdae': 29.606414587871093, 'r2': 0.25260304560324665}","{'mse': 2361.58741858509, 'rmse': 48.59616670669704, 'mae': 36.184906184546854, 'mdae': 26.5621675599414, 'r2': 0.17872071807550993}",2092.2265078693267,45.703824364650295,35.248409778959214,28.09648959821875,0.26059026507268934,189.50896857913273,2.0575915272851915,1.1571618086587805,1.3088338628276122,0.051343153901275126
44,45.418831128289774,2024-07-10 17:49:57.323761,2024-07-10 17:50:14.372348,0 days 00:00:17.048587,0.15000000000000002,0.07121324090078805,1,64,COMPLETE,"{'mse': 2210.6102398038456, 'rmse': 47.017127090070545, 'mae': 36.89799967320784, 'mdae': 30.34535297783203, 'r2': 0.2600388939195146}","{'mse': 1908.2783044154921, 'rmse': 43.68384489047973, 'mae': 34.35240737760346, 'mdae': 27.64114463664062, 'r2': 0.3044935914844872}","{'mse': 1964.338621531863, 'rmse': 44.32085989161157, 'mae': 35.023181068832805, 'mdae': 29.294807608408206, 'r2': 0.29267140073291564}","{'mse': 1974.1278713569113, 'rmse': 44.431158789265346, 'mae': 34.93387729071578, 'mdae': 28.97596239452149, 'r2': 0.2827865263598006}","{'mse': 2269.6806006536476, 'rmse': 47.64116498002171, 'mae': 35.49795403220245, 'mdae': 25.427897516562503, 'r2': 0.21068276396069796}",2065.407127552352,45.418831128289774,35.341083888512465,28.337033026792973,0.27013463529148324,162.82491225359735,1.7807675635267035,0.9608532226473989,1.891179657006999,0.03703026807026045
45,44.62892595727328,2024-07-10 17:50:14.373345,2024-07-10 17:50:34.522120,0 days 00:00:20.148775,0.05,0.028960680509044823,3,80,COMPLETE,"{'mse': 2289.711493783025, 'rmse': 47.85092991555154, 'mae': 36.495625791137755, 'mdae': 27.59103287643066, 'r2': 0.2335612044865819}","{'mse': 2314.396805284624, 'rmse': 48.10817815387134, 'mae': 35.59749814151366, 'mdae': 24.96922512312988, 'r2': 0.15647638701403577}","{'mse': 1961.4503553740242, 'rmse': 44.288264307534384, 'mae': 35.41025452512843, 'mdae': 29.576092874594725, 'r2': 0.2937114216505625}","{'mse': 1805.9734156958382, 'rmse': 42.49674594243468, 'mae': 32.30446166577517, 'mdae': 24.80253058189942, 'r2': 0.3438781319252797}","{'mse': 1632.2013267931363, 'rmse': 40.40051146697448, 'mae': 31.060799159798957, 'mdae': 24.97812756429687, 'r2': 0.432376238509941}",2000.7466793861295,44.62892595727328,34.173727856670794,26.38340180407031,0.2920006767172802,298.8241822890592,3.3551541109069065,2.352222949048625,2.1287023202946402,0.10509697946404235
46,51.12753403748381,2024-07-10 17:50:34.523129,2024-07-10 17:50:47.920568,0 days 00:00:13.397439,0.3,0.003048333080781307,1,32,COMPLETE,"{'mse': 5016.232966968955, 'rmse': 70.82536951523059, 'mae': 55.07050192461687, 'mdae': 41.42380790562255, 'r2': -0.679091695026756}","{'mse': 2233.3166470755664, 'rmse': 47.25797971851491, 'mae': 37.13558526220951, 'mdae': 30.73375905309082, 'r2': 0.18602751145294427}","{'mse': 2155.8831513593864, 'rmse': 46.43148879111445, 'mae': 37.03598419687837, 'mdae': 30.78827491308594, 'r2': 0.22369911535651843}","{'mse': 2097.199683383716, 'rmse': 45.7951927977568, 'mae': 36.314110426631196, 'mdae': 29.473486019335937, 'r2': 0.23807373794743347}","{'mse': 2054.5948903855765, 'rmse': 45.327639364802316, 'mae': 35.95352931017512, 'mdae': 29.535519259179686, 'r2': 0.2854822129631046}",2711.44546783464,51.12753403748381,40.30194222410221,32.39096943006299,0.05083817653864895,1290.1601293739202,11.035212451544279,8.27064313080169,5.088527586741247,0.4095942068476669
47,44.25357683001268,2024-07-10 17:50:47.921567,2024-07-10 17:51:07.795484,0 days 00:00:19.873917,0.25,0.0073427395690753815,2,96,COMPLETE,"{'mse': 2397.7568452699525, 'rmse': 48.9668954015869, 'mae': 36.94411374841188, 'mdae': 27.93605539370118, 'r2': 0.1973950109380459}","{'mse': 1929.131232995562, 'rmse': 43.92187647398005, 'mae': 34.31781260973992, 'mdae': 27.938019205361325, 'r2': 0.2968933659669638}","{'mse': 1898.8871263178337, 'rmse': 43.57622202896705, 'mae': 34.52643996276883, 'mdae': 29.46903956508789, 'r2': 0.316239493281833}","{'mse': 1828.6693140335854, 'rmse': 42.76294323399157, 'mae': 33.26247871761456, 'mdae': 27.36746859536133, 'r2': 0.3356325646951226}","{'mse': 1767.3571447329102, 'rmse': 42.03994701153785, 'mae': 31.903177695758504, 'mdae': 25.23276687011719, 'r2': 0.3853736705626579}",1964.3603326699686,44.25357683001268,34.190804546858736,27.588669925925785,0.3063068210889246,250.29116841374454,2.7343350243096562,1.8577216688005114,1.5311532254446363,0.0692109446336424
48,43.905259746138725,2024-07-10 17:51:07.796487,2024-07-10 17:51:23.213832,0 days 00:00:15.417345,0.2,0.02213561059002135,1,48,COMPLETE,"{'mse': 2242.257174262953, 'rmse': 47.352478016075914, 'mae': 36.57533854711393, 'mdae': 29.193271965898436, 'r2': 0.249445664862322}","{'mse': 1934.5087332277747, 'rmse': 43.98305052207924, 'mae': 34.85597707683883, 'mdae': 29.006722137031247, 'r2': 0.29493343912367076}","{'mse': 1874.6645972838578, 'rmse': 43.29739711904005, 'mae': 34.012284207658894, 'mdae': 27.873099145107425, 'r2': 0.32496165927933673}","{'mse': 1878.6047957511307, 'rmse': 43.34287479795417, 'mae': 32.918588426364785, 'mdae': 26.25599669685547, 'r2': 0.3174906799569671}","{'mse': 1726.4439069460027, 'rmse': 41.550498275544214, 'mae': 31.953751932672294, 'mdae': 25.773439748769533, 'r2': 0.3996018944625671}",1931.2958414943437,43.905259746138725,34.06318803812975,27.620505938732425,0.3172866675369727,190.16771043020114,2.128382049361348,1.7819816773681612,1.559850203850682,0.054627859576236795
49,43.91484948943527,2024-07-10 17:51:23.214832,2024-07-10 17:51:39.905178,0 days 00:00:16.690346,0.1,0.039176049524037124,1,64,COMPLETE,"{'mse': 2259.3514674141243, 'rmse': 47.53263581387134, 'mae': 36.60307828635401, 'mdae': 28.049283035986328, 'r2': 0.2437236647376292}","{'mse': 1906.9547833559293, 'rmse': 43.668693401061695, 'mae': 33.85179929173218, 'mdae': 26.913991022026366, 'r2': 0.30497597257984477}","{'mse': 1844.104419242875, 'rmse': 42.94303691220353, 'mae': 33.65403094018303, 'mdae': 27.81745614102051, 'r2': 0.335965916737872}","{'mse': 1865.6600399391934, 'rmse': 43.193286977714415, 'mae': 33.64715587731999, 'mdae': 27.765801822109374, 'r2': 0.3221935937935071}","{'mse': 1783.929901638153, 'rmse': 42.23659434232539, 'mae': 31.73485427346988, 'mdae': 24.168627845351565, 'r2': 0.3796102328920754}",1932.0001223180552,43.91484948943527,33.89818373381182,26.943031973298833,0.3172938761481857,188.30668040542454,2.087497496495955,1.7407775548727096,1.6096211436954915,0.04954868163213685
