number,value,datetime_start,datetime_complete,duration,params_colsample_bytree,params_learning_rate,params_max_depth,params_min_child_samples,params_min_split_gain,params_n_estimators,params_num_leaves,params_reg_alpha,params_reg_lambda,state,fold_0,fold_1,fold_2,fold_3,fold_4,accuracy,balanced_accuracy,precision,recall,f1,accuracy_std,balanced_accuracy_std,precision_std,recall_std,f1_std
0,0.608489704992375,2024-07-10 15:50:53.911670,2024-07-10 15:50:55.700875,0 days 00:00:01.789205,0.8005575058716043,0.18361096041714062,8,9,0.7800932022121826,218,30,0.5808361216819946,1.5599452033620265,COMPLETE,"{'accuracy': 0.614406779661017, 'balanced_accuracy': 0.6256957906776067, 'precision': 0.6153613103125716, 'recall': 0.614406779661017, 'f1': 0.6129813447548987}","{'accuracy': 0.6045197740112994, 'balanced_accuracy': 0.6171703932040008, 'precision': 0.6012331346830849, 'recall': 0.6045197740112994, 'f1': 0.5997843988908148}","{'accuracy': 0.6002824858757062, 'balanced_accuracy': 0.6119367754436282, 'precision': 0.5995333041436579, 'recall': 0.6002824858757062, 'f1': 0.5969260250277864}","{'accuracy': 0.6129943502824858, 'balanced_accuracy': 0.6249079782040984, 'precision': 0.6129313021633624, 'recall': 0.6129943502824858, 'f1': 0.6098396433273996}","{'accuracy': 0.6247349823321555, 'balanced_accuracy': 0.6329991056414551, 'precision': 0.6240415546662071, 'recall': 0.6247349823321555, 'f1': 0.6229171129609753}",0.6113876744325328,0.6225420086341578,0.6106201211937768,0.6113876744325328,0.608489704992375,0.009491315779614855,0.008158128681850129,0.01023460229129526,0.009491315779614855,0.010483896110253747
1,0.58911388465432,2024-07-10 15:50:55.701875,2024-07-10 15:50:57.312732,0 days 00:00:01.610857,0.762378215816119,0.2514083658321223,10,4,1.0616955533913808,369,2,1.8340450985343382,1.8182496720710062,COMPLETE,"{'accuracy': 0.6016949152542372, 'balanced_accuracy': 0.6166398887570486, 'precision': 0.5989755989116581, 'recall': 0.6016949152542372, 'f1': 0.5957962134823112}","{'accuracy': 0.5988700564971752, 'balanced_accuracy': 0.61415238502673, 'precision': 0.5938088403346107, 'recall': 0.5988700564971752, 'f1': 0.590226514755865}","{'accuracy': 0.5918079096045198, 'balanced_accuracy': 0.6066657388135527, 'precision': 0.5886541830078702, 'recall': 0.5918079096045198, 'f1': 0.5845610950139883}","{'accuracy': 0.6016949152542372, 'balanced_accuracy': 0.6171267967998507, 'precision': 0.6003262245198749, 'recall': 0.6016949152542372, 'f1': 0.5936756145101084}","{'accuracy': 0.5872791519434629, 'balanced_accuracy': 0.5995062032276616, 'precision': 0.583229010419722, 'recall': 0.5872791519434629, 'f1': 0.5813099855093271}",0.5962693897107265,0.6108182025249687,0.5929987714387472,0.5962693897107265,0.58911388465432,0.006449133709862182,0.007583064160380969,0.007148320185814484,0.006449133709862182,0.006089531569829264
2,0.5989069282018684,2024-07-10 15:50:57.313733,2024-07-10 15:50:58.951254,0 days 00:00:01.637521,0.5998368910791798,0.05045321958909213,7,8,1.4607232426760908,244,10,4.56069984217036,3.663618432936917,COMPLETE,"{'accuracy': 0.5981638418079096, 'balanced_accuracy': 0.6185760285327128, 'precision': 0.5950244888783419, 'recall': 0.5981638418079096, 'f1': 0.5885337757298875}","{'accuracy': 0.6115819209039548, 'balanced_accuracy': 0.6282366314188251, 'precision': 0.6080485954460282, 'recall': 0.6115819209039548, 'f1': 0.6018425255156957}","{'accuracy': 0.6059322033898306, 'balanced_accuracy': 0.6217782587859281, 'precision': 0.6053143279254893, 'recall': 0.6059322033898306, 'f1': 0.6001894885737451}","{'accuracy': 0.6137005649717514, 'balanced_accuracy': 0.635696624000231, 'precision': 0.6168659657828184, 'recall': 0.6137005649717514, 'f1': 0.6007746185171843}","{'accuracy': 0.610600706713781, 'balanced_accuracy': 0.6249383749143556, 'precision': 0.6079381096181243, 'recall': 0.610600706713781, 'f1': 0.6031942326728297}",0.6079958475574455,0.6258451835304104,0.6066382975301604,0.6079958475574455,0.5989069282018684,0.006187002067993276,0.00657595421702068,0.0078249136812666,0.006187002067993276,0.005910461734164071
3,0.5841796692173635,2024-07-10 15:50:58.952255,2024-07-10 15:51:00.313701,0 days 00:00:01.361446,0.9041986740582306,0.1861880070514171,2,10,0.8526206184364576,281,19,9.488855372533333,0.6505159298527952,COMPLETE,"{'accuracy': 0.597457627118644, 'balanced_accuracy': 0.6184309110100282, 'precision': 0.5956576427665271, 'recall': 0.597457627118644, 'f1': 0.5868406440713125}","{'accuracy': 0.5925141242937854, 'balanced_accuracy': 0.6113522927649722, 'precision': 0.58670043918462, 'recall': 0.5925141242937854, 'f1': 0.581705486960576}","{'accuracy': 0.586864406779661, 'balanced_accuracy': 0.6047487067567962, 'precision': 0.5849817538543524, 'recall': 0.586864406779661, 'f1': 0.5787617940540027}","{'accuracy': 0.6115819209039548, 'balanced_accuracy': 0.6338291741768827, 'precision': 0.6145302057348174, 'recall': 0.6115819209039548, 'f1': 0.5989913595946669}","{'accuracy': 0.5858657243816254, 'balanced_accuracy': 0.6055165222608596, 'precision': 0.5830708630678936, 'recall': 0.5858657243816254, 'f1': 0.5745990614062597}",0.5948567606955342,0.6147755213939077,0.592988180921642,0.5948567606955341,0.5841796692173635,0.01044868281858525,0.011983197909766775,0.012972823743699336,0.01044868281858525,0.009403854982960402
4,0.6031064948739071,2024-07-10 15:51:00.314702,2024-07-10 15:51:01.805097,0 days 00:00:01.490395,0.6293899908000085,0.13764422318448438,8,10,0.6101911742238941,187,4,0.34388521115218396,4.951769101112702,COMPLETE,"{'accuracy': 0.605225988700565, 'balanced_accuracy': 0.6199998791596257, 'precision': 0.602463679676577, 'recall': 0.605225988700565, 'f1': 0.6002333151837069}","{'accuracy': 0.6059322033898306, 'balanced_accuracy': 0.6191724828698854, 'precision': 0.6009241468072267, 'recall': 0.6059322033898306, 'f1': 0.5989176006906339}","{'accuracy': 0.6045197740112994, 'balanced_accuracy': 0.6159287914116921, 'precision': 0.6034327543139089, 'recall': 0.6045197740112994, 'f1': 0.6009714056130553}","{'accuracy': 0.6228813559322034, 'balanced_accuracy': 0.638685526041418, 'precision': 0.6239818022948221, 'recall': 0.6228813559322034, 'f1': 0.6168926827206719}","{'accuracy': 0.6014134275618375, 'balanced_accuracy': 0.6097136317637487, 'precision': 0.5987546025187634, 'recall': 0.6014134275618375, 'f1': 0.5985174701614678}",0.6079945499191471,0.620700062249274,0.6059113971222596,0.6079945499191471,0.6031064948739071,0.008498829872253436,0.010837058447253179,0.010255027347094879,0.008498829872253436,0.007769792875622659
5,0.5953988692589306,2024-07-10 15:51:01.806097,2024-07-10 15:51:03.180115,0 days 00:00:01.374018,0.9474136752138245,0.1685459810095511,6,10,0.9242722776276352,348,11,7.7513282336111455,9.695846277645586,COMPLETE,"{'accuracy': 0.5911016949152542, 'balanced_accuracy': 0.6083097661551021, 'precision': 0.5873566500009657, 'recall': 0.5911016949152542, 'f1': 0.5847625306911846}","{'accuracy': 0.6031073446327684, 'balanced_accuracy': 0.6192740998410143, 'precision': 0.5985767447857767, 'recall': 0.6031073446327684, 'f1': 0.5934642346809871}","{'accuracy': 0.6059322033898306, 'balanced_accuracy': 0.6203521473598917, 'precision': 0.6039763223483121, 'recall': 0.6059322033898306, 'f1': 0.6008218200649118}","{'accuracy': 0.6073446327683616, 'balanced_accuracy': 0.6267444742499739, 'precision': 0.6083878471306255, 'recall': 0.6073446327683616, 'f1': 0.5975274329098891}","{'accuracy': 0.607773851590106, 'balanced_accuracy': 0.6224640086813672, 'precision': 0.6040341935929415, 'recall': 0.607773851590106, 'f1': 0.6004183279476807}",0.6030519454592642,0.6194288992574698,0.6004663515717243,0.6030519454592641,0.5953988692589306,0.00692515351313228,0.006841801618581757,0.008112249572566255,0.00692515351313228,0.006633412644827684
6,0.5988748324826199,2024-07-10 15:51:03.181120,2024-07-10 15:51:05.474610,0 days 00:00:02.293490,0.9143687545759647,0.0668350301015521,2,3,0.22613644455269033,319,29,3.8867728968948203,3.2533033076326436,COMPLETE,"{'accuracy': 0.6002824858757062, 'balanced_accuracy': 0.6138271538686134, 'precision': 0.5988896938192019, 'recall': 0.6002824858757062, 'f1': 0.5952496514867489}","{'accuracy': 0.6009887005649718, 'balanced_accuracy': 0.6157234222702622, 'precision': 0.5946558767012399, 'recall': 0.6009887005649718, 'f1': 0.5920597044177497}","{'accuracy': 0.5995762711864406, 'balanced_accuracy': 0.6131844589177895, 'precision': 0.5971163766459788, 'recall': 0.5995762711864406, 'f1': 0.5936046955925354}","{'accuracy': 0.6278248587570622, 'balanced_accuracy': 0.6456022756965998, 'precision': 0.6296944205489341, 'recall': 0.6278248587570622, 'f1': 0.6204260878697999}","{'accuracy': 0.5985865724381625, 'balanced_accuracy': 0.6107316357062494, 'precision': 0.5949487520696515, 'recall': 0.5985865724381625, 'f1': 0.5930340230462657}",0.6054517777644687,0.6198137892919029,0.6030610239570013,0.6054517777644687,0.5988748324826199,0.01253842106827886,0.01452627336992257,0.014987762477763802,0.01253842106827886,0.012103035923569911
7,0.5746570735973994,2024-07-10 15:51:05.475611,2024-07-10 15:51:06.667631,0 days 00:00:01.192020,0.5993578407670862,0.050868025242681164,6,8,4.010984903770199,210,10,9.868869366005173,0.7455064367977082,COMPLETE,"{'accuracy': 0.5918079096045198, 'balanced_accuracy': 0.6206530815379547, 'precision': 0.5913916157685486, 'recall': 0.5918079096045198, 'f1': 0.5718005161771298}","{'accuracy': 0.6009887005649718, 'balanced_accuracy': 0.6265847706066286, 'precision': 0.6027434454973104, 'recall': 0.6009887005649718, 'f1': 0.5794116618125318}","{'accuracy': 0.5911016949152542, 'balanced_accuracy': 0.618656881848734, 'precision': 0.5954846345329103, 'recall': 0.5911016949152542, 'f1': 0.5713733445898898}","{'accuracy': 0.6024011299435028, 'balanced_accuracy': 0.6325068446685042, 'precision': 0.613787292921642, 'recall': 0.6024011299435028, 'f1': 0.5776953413032823}","{'accuracy': 0.5950530035335689, 'balanced_accuracy': 0.6220295677982032, 'precision': 0.5971297327302465, 'recall': 0.5950530035335689, 'f1': 0.5730045041041635}",0.5962704877123635,0.624086229292005,0.6001073442901316,0.5962704877123635,0.5746570735973994,0.005195180380949649,0.005537229579871055,0.008664432524670312,0.005195180380949649,0.0036575593695837034
8,0.595563683728874,2024-07-10 15:51:06.669136,2024-07-10 15:51:07.510883,0 days 00:00:00.841747,0.9315517129377968,0.2214120787318863,8,2,3.8563517334297286,52,26,3.5846572854427263,0.7404465173409036,COMPLETE,"{'accuracy': 0.605225988700565, 'balanced_accuracy': 0.6272090288067058, 'precision': 0.6045441014355258, 'recall': 0.605225988700565, 'f1': 0.5946403593489741}","{'accuracy': 0.6087570621468926, 'balanced_accuracy': 0.6327118303995565, 'precision': 0.6106773962061989, 'recall': 0.6087570621468926, 'f1': 0.5912724507893067}","{'accuracy': 0.6038135593220338, 'balanced_accuracy': 0.6249165123902634, 'precision': 0.6069496869112271, 'recall': 0.6038135593220338, 'f1': 0.5937201474219083}","{'accuracy': 0.6115819209039548, 'balanced_accuracy': 0.6365361836536766, 'precision': 0.6172904254219158, 'recall': 0.6115819209039548, 'f1': 0.5956279837235455}","{'accuracy': 0.6134275618374558, 'balanced_accuracy': 0.6348861769492943, 'precision': 0.6162417871613959, 'recall': 0.6134275618374558, 'f1': 0.6025574773606353}",0.6085612185821805,0.6312519464398993,0.6111406794272527,0.6085612185821805,0.595563683728874,0.004077631687341713,0.004993620006784248,0.005593178137862192,0.004077631687341713,0.004230340353335208
9,0.5828041905497786,2024-07-10 15:51:07.511883,2024-07-10 15:51:08.774299,0 days 00:00:01.262416,0.7361074625809747,0.10018487329754203,2,9,1.6259166101337352,331,11,6.3755747135521315,7.29606178338064,COMPLETE,"{'accuracy': 0.597457627118644, 'balanced_accuracy': 0.6205057990687411, 'precision': 0.5971956752848042, 'recall': 0.597457627118644, 'f1': 0.5848101873923539}","{'accuracy': 0.5967514124293786, 'balanced_accuracy': 0.6181965315851089, 'precision': 0.5930817023227817, 'recall': 0.5967514124293786, 'f1': 0.5834138810613576}","{'accuracy': 0.5889830508474576, 'balanced_accuracy': 0.6093005250130848, 'precision': 0.5893703864004031, 'recall': 0.5889830508474576, 'f1': 0.5793660882022386}","{'accuracy': 0.6073446327683616, 'balanced_accuracy': 0.6307656922067161, 'precision': 0.6103995971836446, 'recall': 0.6073446327683616, 'f1': 0.5932379701085443}","{'accuracy': 0.5851590106007067, 'balanced_accuracy': 0.6062336867791399, 'precision': 0.5828564150177045, 'recall': 0.5851590106007067, 'f1': 0.5731928259843984}",0.5951391467529097,0.6170004469305581,0.5945807552418676,0.5951391467529097,0.5828041905497786,0.008579762163149386,0.009726407498656138,0.010294765951930714,0.008579762163149386,0.007373235014124661
10,0.5976900571945425,2024-07-10 15:51:08.775300,2024-07-10 15:51:10.556467,0 days 00:00:01.781167,0.7852739324408418,0.28036419915441835,4,5,2.606700059313506,476,22,0.1514423710275684,6.902470735691453,COMPLETE,"{'accuracy': 0.6009887005649718, 'balanced_accuracy': 0.6200850326213482, 'precision': 0.600375966806726, 'recall': 0.6009887005649718, 'f1': 0.5934618032023449}","{'accuracy': 0.6087570621468926, 'balanced_accuracy': 0.626447869964969, 'precision': 0.6048322901138361, 'recall': 0.6087570621468926, 'f1': 0.5978637204195474}","{'accuracy': 0.6031073446327684, 'balanced_accuracy': 0.6178420025857195, 'precision': 0.6022289189422649, 'recall': 0.6031073446327684, 'f1': 0.5970044381122391}","{'accuracy': 0.6080508474576272, 'balanced_accuracy': 0.6270574461917909, 'precision': 0.6082282102486729, 'recall': 0.6080508474576272, 'f1': 0.5984265081997832}","{'accuracy': 0.6098939929328622, 'balanced_accuracy': 0.6269261369995051, 'precision': 0.6073240298050567, 'recall': 0.6098939929328622, 'f1': 0.601693816038798}",0.6061595895470244,0.6236716976726665,0.6045978831833113,0.6061595895470244,0.5976900571945425,0.0038834192704675623,0.00437639440522952,0.003320491909343577,0.0038834192704675623,0.0029559604712490234
11,0.5706020679689713,2024-07-10 15:51:10.556467,2024-07-10 15:51:11.557276,0 days 00:00:01.000809,0.5058065428993934,0.12377098000023992,9,7,2.3736570549130773,148,2,0.11732157206912203,5.565025447513347,COMPLETE,"{'accuracy': 0.5903954802259888, 'balanced_accuracy': 0.6124822791689757, 'precision': 0.586638936499239, 'recall': 0.5903954802259888, 'f1': 0.5792870940461705}","{'accuracy': 0.5819209039548022, 'balanced_accuracy': 0.6046720874812387, 'precision': 0.5758061493281948, 'recall': 0.5819209039548022, 'f1': 0.5680685627653626}","{'accuracy': 0.5875706214689266, 'balanced_accuracy': 0.6079924940675838, 'precision': 0.5874439866942258, 'recall': 0.5875706214689266, 'f1': 0.5762650545307788}","{'accuracy': 0.5911016949152542, 'balanced_accuracy': 0.6157487075236169, 'precision': 0.5900129060737896, 'recall': 0.5911016949152542, 'f1': 0.5744335451797821}","{'accuracy': 0.5703180212014134, 'balanced_accuracy': 0.5911383459098704, 'precision': 0.5638624152626663, 'recall': 0.5703180212014134, 'f1': 0.5549560833227626}",0.584261344353277,0.6064067828302571,0.5807528787716232,0.584261344353277,0.5706020679689713,0.008591612996403842,0.00952407511011053,0.010896359439917236,0.008591612996403842,0.00966171305390401
12,0.6082652581865452,2024-07-10 15:51:11.558276,2024-07-10 15:51:14.688539,0 days 00:00:03.130263,0.6714292531155571,0.12858823845929304,8,6,0.13683849851967717,150,30,2.0828026610882375,3.5339613832696064,COMPLETE,"{'accuracy': 0.6108757062146892, 'balanced_accuracy': 0.6207418344298605, 'precision': 0.6113038314584518, 'recall': 0.6108757062146892, 'f1': 0.6097124372664163}","{'accuracy': 0.6009887005649718, 'balanced_accuracy': 0.6105272233795928, 'precision': 0.5982969701828471, 'recall': 0.6009887005649718, 'f1': 0.59844877383235}","{'accuracy': 0.5995762711864406, 'balanced_accuracy': 0.6066966925910254, 'precision': 0.599312167666299, 'recall': 0.5995762711864406, 'f1': 0.5981639618290115}","{'accuracy': 0.6186440677966102, 'balanced_accuracy': 0.6290057195838036, 'precision': 0.6179336177093336, 'recall': 0.6186440677966102, 'f1': 0.6162714668039566}","{'accuracy': 0.6197879858657244, 'balanced_accuracy': 0.6255016778531663, 'precision': 0.6195981927092863, 'recall': 0.6197879858657244, 'f1': 0.6187296512009915}",0.6099745463256873,0.6184946295674897,0.6092889559452436,0.6099745463256873,0.6082652581865452,0.009501918716674362,0.009582569422731592,0.010067650152467912,0.009501918716674362,0.009670790790499059
13,0.6003551297116563,2024-07-10 15:51:14.689546,2024-07-10 15:51:18.642226,0 days 00:00:03.952680,0.8284889666133568,0.18702208996259595,10,6,0.012950259577657441,106,31,2.1960983360308024,2.6405718660443407,COMPLETE,"{'accuracy': 0.588276836158192, 'balanced_accuracy': 0.5961239233638279, 'precision': 0.5888472062606389, 'recall': 0.588276836158192, 'f1': 0.5878556608415938}","{'accuracy': 0.5875706214689266, 'balanced_accuracy': 0.59842869899657, 'precision': 0.5835595011763723, 'recall': 0.5875706214689266, 'f1': 0.5841297166812021}","{'accuracy': 0.596045197740113, 'balanced_accuracy': 0.6005903964532054, 'precision': 0.5961889877307511, 'recall': 0.596045197740113, 'f1': 0.595618995501994}","{'accuracy': 0.6193502824858758, 'balanced_accuracy': 0.6260022016745991, 'precision': 0.6180472620994015, 'recall': 0.6193502824858758, 'f1': 0.6180285794798827}","{'accuracy': 0.6169611307420495, 'balanced_accuracy': 0.6223735987635155, 'precision': 0.6162154556164833, 'recall': 0.6169611307420495, 'f1': 0.6161426960536089}",0.6016408137190313,0.6087037638503435,0.6005716825767294,0.6016408137190313,0.6003551297116563,0.015461359271379317,0.014280724882244095,0.01578139085735755,0.015461359271379317,0.01583926919878254
14,0.6058246946931778,2024-07-10 15:51:18.643224,2024-07-10 15:51:20.900034,0 days 00:00:02.256810,0.6817032661873892,0.013280891378562254,8,6,2.3309099515024103,121,25,2.0221545090113215,4.416474887068189,COMPLETE,"{'accuracy': 0.605225988700565, 'balanced_accuracy': 0.621023660889016, 'precision': 0.6032518077222934, 'recall': 0.605225988700565, 'f1': 0.5982623663422417}","{'accuracy': 0.6271186440677966, 'balanced_accuracy': 0.6409050523598433, 'precision': 0.6248402098296194, 'recall': 0.6271186440677966, 'f1': 0.6192975880178305}","{'accuracy': 0.6038135593220338, 'balanced_accuracy': 0.6199501052210287, 'precision': 0.6021710838098299, 'recall': 0.6038135593220338, 'f1': 0.5973940688280323}","{'accuracy': 0.6214689265536724, 'balanced_accuracy': 0.6399726016266225, 'precision': 0.6237609536330426, 'recall': 0.6214689265536724, 'f1': 0.6121977542816012}","{'accuracy': 0.6084805653710247, 'balanced_accuracy': 0.6226626095651028, 'precision': 0.606347481212246, 'recall': 0.6084805653710247, 'f1': 0.6019716959961833}",0.6132215368030185,0.6289028059323226,0.6120743072414062,0.6132215368030185,0.6058246946931778,0.01044108073774313,0.010580242475498897,0.011272231824750064,0.01044108073774313,0.009555686848410494
15,0.5902503442920993,2024-07-10 15:51:20.901037,2024-07-10 15:51:21.951394,0 days 00:00:01.050357,0.8391916368995239,0.22426810518181967,4,1,3.202139292383121,63,27,2.856305857346791,2.124317263551127,COMPLETE,"{'accuracy': 0.6038135593220338, 'balanced_accuracy': 0.6255985994521304, 'precision': 0.6038337130465175, 'recall': 0.6038135593220338, 'f1': 0.5941513209396813}","{'accuracy': 0.6024011299435028, 'balanced_accuracy': 0.6228144914368069, 'precision': 0.6006942067587198, 'recall': 0.6024011299435028, 'f1': 0.5892251208479475}","{'accuracy': 0.6024011299435028, 'balanced_accuracy': 0.6239215492391738, 'precision': 0.6031351560175903, 'recall': 0.6024011299435028, 'f1': 0.5911281008489733}","{'accuracy': 0.6115819209039548, 'balanced_accuracy': 0.6356302906996331, 'precision': 0.6156942349019271, 'recall': 0.6115819209039548, 'f1': 0.5954214752798461}","{'accuracy': 0.5943462897526501, 'balanced_accuracy': 0.61561184236624, 'precision': 0.5930468289230071, 'recall': 0.5943462897526501, 'f1': 0.5813257035440486}",0.6029088059731289,0.6247153546387969,0.6032808279295523,0.6029088059731289,0.5902503442920993,0.006121144810281522,0.007194325789018847,0.008152375722261379,0.006121144810281522,0.005554929492413847
16,0.599931042786858,2024-07-10 15:51:21.952395,2024-07-10 15:51:23.433600,0 days 00:00:01.481205,0.679195142395271,0.12373172601270616,7,8,1.6399266073423122,194,21,5.940978966045697,5.947383808386602,COMPLETE,"{'accuracy': 0.6122881355932204, 'balanced_accuracy': 0.6308756219114642, 'precision': 0.6117131815748053, 'recall': 0.6122881355932204, 'f1': 0.6049359355513655}","{'accuracy': 0.6087570621468926, 'balanced_accuracy': 0.6273537629190127, 'precision': 0.6057777007338412, 'recall': 0.6087570621468926, 'f1': 0.5980362998955989}","{'accuracy': 0.5953389830508474, 'balanced_accuracy': 0.6115637435882547, 'precision': 0.5947621630460408, 'recall': 0.5953389830508474, 'f1': 0.588097661407257}","{'accuracy': 0.6186440677966102, 'balanced_accuracy': 0.6404991893382511, 'precision': 0.6238634694598636, 'recall': 0.6186440677966102, 'f1': 0.6065425058714993}","{'accuracy': 0.6091872791519435, 'balanced_accuracy': 0.6251963045102678, 'precision': 0.6072485526631967, 'recall': 0.6091872791519435, 'f1': 0.6020428112085698}",0.6088431055479029,0.6270977244534501,0.6086730134955495,0.6088431055479028,0.599931042786858,0.008520772798956985,0.01047446043095132,0.010534660165775476,0.008520772798956985,0.007362725838128773
17,0.5970753351549177,2024-07-10 15:51:23.434598,2024-07-10 15:51:31.431794,0 days 00:00:07.997196,0.9955492967071801,0.09251711094266635,5,5,0.03101271563005087,402,16,1.2766651020826112,1.706426458360955,COMPLETE,"{'accuracy': 0.5819209039548022, 'balanced_accuracy': 0.590656117883725, 'precision': 0.5825777759833288, 'recall': 0.5819209039548022, 'f1': 0.5813183176390921}","{'accuracy': 0.5925141242937854, 'balanced_accuracy': 0.6019730073276862, 'precision': 0.589063460905131, 'recall': 0.5925141242937854, 'f1': 0.5893856712013007}","{'accuracy': 0.6016949152542372, 'balanced_accuracy': 0.6083403365221972, 'precision': 0.6010240868163969, 'recall': 0.6016949152542372, 'f1': 0.600283565236461}","{'accuracy': 0.6080508474576272, 'balanced_accuracy': 0.6150830542237994, 'precision': 0.6065621278993443, 'recall': 0.6080508474576272, 'f1': 0.6065592012129609}","{'accuracy': 0.6084805653710247, 'balanced_accuracy': 0.6129128681882093, 'precision': 0.6075794099456729, 'recall': 0.6084805653710247, 'f1': 0.6078299204847746}",0.5985322712662954,0.6057930768291235,0.5973613723099748,0.5985322712662954,0.5970753351549177,0.01131072259228958,0.009838751166242497,0.011066703756395463,0.01131072259228958,0.011438007846580915
18,0.6075824482078083,2024-07-10 15:51:31.432794,2024-07-10 15:51:33.405786,0 days 00:00:01.972992,0.5265907110181023,0.20130826455822495,9,7,0.48330044258683313,262,30,1.1072341297753594,3.4910396732929994,COMPLETE,"{'accuracy': 0.614406779661017, 'balanced_accuracy': 0.6225864515041665, 'precision': 0.6144791568235827, 'recall': 0.614406779661017, 'f1': 0.613401107028963}","{'accuracy': 0.6094632768361582, 'balanced_accuracy': 0.621972958542021, 'precision': 0.6068288804536546, 'recall': 0.6094632768361582, 'f1': 0.6053156257971793}","{'accuracy': 0.6009887005649718, 'balanced_accuracy': 0.6096379856401443, 'precision': 0.6002939398188663, 'recall': 0.6009887005649718, 'f1': 0.5990821836942639}","{'accuracy': 0.6108757062146892, 'balanced_accuracy': 0.6226381986841039, 'precision': 0.6093194427084806, 'recall': 0.6108757062146892, 'f1': 0.6066665263226048}","{'accuracy': 0.6141342756183745, 'balanced_accuracy': 0.6184225338913487, 'precision': 0.613842200935068, 'recall': 0.6141342756183745, 'f1': 0.6134467981960302}",0.6099737477790421,0.6190516256523569,0.6089527241479304,0.6099737477790421,0.6075824482078083,0.005449012447469323,0.005543127738249585,0.005789390770368004,0.005449012447469323,0.006051431334872481
19,0.6078466133058289,2024-07-10 15:51:33.406786,2024-07-10 15:51:34.686829,0 days 00:00:01.280043,0.7093831014828277,0.1481478671470513,7,7,1.309053803044712,152,24,3.464445264801279,0.07137627623572906,COMPLETE,"{'accuracy': 0.6073446327683616, 'balanced_accuracy': 0.6238136588810034, 'precision': 0.6075036649884269, 'recall': 0.6073446327683616, 'f1': 0.6011898717355668}","{'accuracy': 0.6137005649717514, 'balanced_accuracy': 0.6282303580317837, 'precision': 0.6102439379703065, 'recall': 0.6137005649717514, 'f1': 0.6058738591393151}","{'accuracy': 0.6059322033898306, 'balanced_accuracy': 0.6185570166663996, 'precision': 0.6044156318315116, 'recall': 0.6059322033898306, 'f1': 0.6013292484420576}","{'accuracy': 0.6186440677966102, 'balanced_accuracy': 0.636623184756788, 'precision': 0.620439925019727, 'recall': 0.6186440677966102, 'f1': 0.6111892935038166}","{'accuracy': 0.623321554770318, 'balanced_accuracy': 0.6338342547876764, 'precision': 0.6215275565587293, 'recall': 0.623321554770318, 'f1': 0.6196507937083878}",0.6137886047393744,0.6282116946247303,0.6128261432737402,0.6137886047393744,0.6078466133058289,0.0073774695140279255,0.0073301129294266664,0.007736561375673903,0.0073774695140279255,0.0077651818714124235
20,0.5774848018174656,2024-07-10 15:51:34.688333,2024-07-10 15:51:35.883424,0 days 00:00:01.195091,0.829013555476745,0.2818157089333242,9,4,4.640514341164363,233,16,5.348390480615771,9.035089018908094,COMPLETE,"{'accuracy': 0.6002824858757062, 'balanced_accuracy': 0.6247051574195752, 'precision': 0.6020960206309497, 'recall': 0.6002824858757062, 'f1': 0.5858816424204766}","{'accuracy': 0.594632768361582, 'balanced_accuracy': 0.6139864079963434, 'precision': 0.5886919138766661, 'recall': 0.594632768361582, 'f1': 0.5785048434381115}","{'accuracy': 0.596045197740113, 'balanced_accuracy': 0.6201263021211373, 'precision': 0.599068893955634, 'recall': 0.596045197740113, 'f1': 0.5799591392624179}","{'accuracy': 0.6002824858757062, 'balanced_accuracy': 0.6275860071447599, 'precision': 0.6086247309669955, 'recall': 0.6002824858757062, 'f1': 0.5781090886385775}","{'accuracy': 0.5886925795053004, 'balanced_accuracy': 0.6167320848492257, 'precision': 0.5865449978944377, 'recall': 0.5886925795053004, 'f1': 0.5649692953277446}",0.5959871034716816,0.6206271919062083,0.5970053114649366,0.5959871034716816,0.5774848018174656,0.004794483768462232,0.005580718429381921,0.009269780762341358,0.004794483768462232,0.007659918399385501
21,0.6056850649719672,2024-07-10 15:51:35.884425,2024-07-10 15:51:37.119935,0 days 00:00:01.235510,0.6930546296394691,0.15195149354438314,7,7,1.1775674615144833,158,23,3.2266284894222736,0.5829399353107201,COMPLETE,"{'accuracy': 0.5988700564971752, 'balanced_accuracy': 0.6144594669918834, 'precision': 0.5972817114213214, 'recall': 0.5988700564971752, 'f1': 0.5938129660107432}","{'accuracy': 0.6087570621468926, 'balanced_accuracy': 0.6239420253364981, 'precision': 0.6047606506864587, 'recall': 0.6087570621468926, 'f1': 0.601857134073827}","{'accuracy': 0.6094632768361582, 'balanced_accuracy': 0.6248644776525426, 'precision': 0.6076011497057786, 'recall': 0.6094632768361582, 'f1': 0.6034075505582511}","{'accuracy': 0.6129943502824858, 'balanced_accuracy': 0.6310600356925975, 'precision': 0.6137438542885312, 'recall': 0.6129943502824858, 'f1': 0.6060122881933824}","{'accuracy': 0.6261484098939929, 'balanced_accuracy': 0.6353191993257373, 'precision': 0.6255308942511398, 'recall': 0.6261484098939929, 'f1': 0.6233353860236323}",0.6112466311313409,0.6259290409998518,0.6097836520706459,0.611246631131341,0.6056850649719672,0.009844737661154977,0.007923617138234501,0.01060602679346868,0.009844737661154977,0.010867701791020505
22,0.6066615826848449,2024-07-10 15:51:37.119935,2024-07-10 15:51:38.169064,0 days 00:00:01.049129,0.7195060108120117,0.16336754136854678,7,9,2.07289201615861,108,28,2.698216289672999,1.555293099937354,COMPLETE,"{'accuracy': 0.6221751412429378, 'balanced_accuracy': 0.6400391266324094, 'precision': 0.6227036545937105, 'recall': 0.6221751412429378, 'f1': 0.6155158330521052}","{'accuracy': 0.615819209039548, 'balanced_accuracy': 0.6358022535592779, 'precision': 0.6147909021248842, 'recall': 0.615819209039548, 'f1': 0.6038268195850733}","{'accuracy': 0.596045197740113, 'balanced_accuracy': 0.6119659774323065, 'precision': 0.59515225163032, 'recall': 0.596045197740113, 'f1': 0.5903597872540002}","{'accuracy': 0.6278248587570622, 'balanced_accuracy': 0.6475319503800337, 'precision': 0.633247685934144, 'recall': 0.6278248587570622, 'f1': 0.6185777236717073}","{'accuracy': 0.6127208480565371, 'balanced_accuracy': 0.6271773121171526, 'precision': 0.6097788843275741, 'recall': 0.6127208480565371, 'f1': 0.6050277498613391}",0.6149170509672397,0.632503324024236,0.6151346757221265,0.6149170509672397,0.6066615826848449,0.012052752974194395,0.013635247293688287,0.014260702423373699,0.012052752974194395,0.011145021213315523
23,0.6117903548903241,2024-07-10 15:51:38.169064,2024-07-10 15:51:40.568486,0 days 00:00:02.399422,0.7904768749755968,0.10282759704149558,8,9,0.5443849100875068,176,31,1.1993893441308838,2.6552887331896393,COMPLETE,"{'accuracy': 0.6122881355932204, 'balanced_accuracy': 0.6227212830518917, 'precision': 0.6129844211169887, 'recall': 0.6122881355932204, 'f1': 0.6108763486318667}","{'accuracy': 0.615819209039548, 'balanced_accuracy': 0.6281621473424398, 'precision': 0.6130443167904492, 'recall': 0.615819209039548, 'f1': 0.6117722171558166}","{'accuracy': 0.6031073446327684, 'balanced_accuracy': 0.6129482021041245, 'precision': 0.6027138321634193, 'recall': 0.6031073446327684, 'f1': 0.6007821612038231}","{'accuracy': 0.6228813559322034, 'balanced_accuracy': 0.636996312464756, 'precision': 0.6224368213776152, 'recall': 0.6228813559322034, 'f1': 0.618889657002104}","{'accuracy': 0.6176678445229682, 'balanced_accuracy': 0.6236735242882668, 'precision': 0.6172104718559914, 'recall': 0.6176678445229682, 'f1': 0.6166313904580101}",0.6143527779441417,0.6249002938502957,0.6136779726608929,0.6143527779441417,0.6117903548903241,0.007358655574828869,0.008747269620463832,0.0072507049960734826,0.007358655574828869,0.006997352722625813
24,0.6128761161880245,2024-07-10 15:51:40.569439,2024-07-10 15:51:42.966291,0 days 00:00:02.396852,0.7978136131871563,0.08926178320561695,8,9,0.6232007475134819,297,31,0.9649277744198825,4.210774818629643,COMPLETE,"{'accuracy': 0.6129943502824858, 'balanced_accuracy': 0.6248686819456496, 'precision': 0.6121295849235855, 'recall': 0.6129943502824858, 'f1': 0.6103962564619153}","{'accuracy': 0.6108757062146892, 'balanced_accuracy': 0.6248416449035004, 'precision': 0.6082690407060951, 'recall': 0.6108757062146892, 'f1': 0.6057550488620569}","{'accuracy': 0.6031073446327684, 'balanced_accuracy': 0.612635134309713, 'precision': 0.6020949979353037, 'recall': 0.6031073446327684, 'f1': 0.6004871733977133}","{'accuracy': 0.6257062146892656, 'balanced_accuracy': 0.6387124672309726, 'precision': 0.6262328518454969, 'recall': 0.6257062146892656, 'f1': 0.622196116471608}","{'accuracy': 0.6261484098939929, 'balanced_accuracy': 0.6313409707127181, 'precision': 0.6262648927183054, 'recall': 0.6261484098939929, 'f1': 0.6255459857468286}",0.6157664051426404,0.6264797798205107,0.6149982736257573,0.6157664051426405,0.6128761161880245,0.009980491891991811,0.009620591845891252,0.010876108307350812,0.009980491891991811,0.010697350226888594
25,0.6160467743681303,2024-07-10 15:51:42.967292,2024-07-10 15:51:45.599066,0 days 00:00:02.631774,0.8703521794602133,0.08776771493649078,9,9,0.5947000842343059,293,31,0.9739517002761992,4.456965780973799,COMPLETE,"{'accuracy': 0.6200564971751412, 'balanced_accuracy': 0.6314994008485691, 'precision': 0.6201052766024517, 'recall': 0.6200564971751412, 'f1': 0.6180440663755269}","{'accuracy': 0.6122881355932204, 'balanced_accuracy': 0.6251711762073183, 'precision': 0.609943064729083, 'recall': 0.6122881355932204, 'f1': 0.6077595270799234}","{'accuracy': 0.606638418079096, 'balanced_accuracy': 0.6174938428259661, 'precision': 0.6064329382175317, 'recall': 0.606638418079096, 'f1': 0.6044499544575856}","{'accuracy': 0.6242937853107344, 'balanced_accuracy': 0.6354581063874424, 'precision': 0.6250789011177981, 'recall': 0.6242937853107344, 'f1': 0.6211877104212326}","{'accuracy': 0.6296819787985866, 'balanced_accuracy': 0.6359941997260181, 'precision': 0.6300875359703761, 'recall': 0.6296819787985866, 'f1': 0.6287926135063829}",0.6185917629913558,0.6291233451990628,0.6183295433274482,0.6185917629913558,0.6160467743681303,0.009223198528395166,0.0078078237505578695,0.009985235183251654,0.009223198528395166,0.009950370770184982
26,0.6104641948319098,2024-07-10 15:51:45.600066,2024-07-10 15:51:47.463693,0 days 00:00:01.863627,0.8653085503216602,0.08009111193595175,10,9,1.9075021850186733,296,27,1.1997623049530706,4.4919217620482454,COMPLETE,"{'accuracy': 0.6094632768361582, 'balanced_accuracy': 0.6281583264597107, 'precision': 0.6081526418617891, 'recall': 0.6094632768361582, 'f1': 0.6027158076224813}","{'accuracy': 0.623587570621469, 'balanced_accuracy': 0.6398937215519416, 'precision': 0.621264241257355, 'recall': 0.623587570621469, 'f1': 0.6150639012347351}","{'accuracy': 0.6038135593220338, 'balanced_accuracy': 0.6209512459065654, 'precision': 0.6016181733798331, 'recall': 0.6038135593220338, 'f1': 0.5966383075733475}","{'accuracy': 0.6278248587570622, 'balanced_accuracy': 0.6489187655476214, 'precision': 0.6334704518688536, 'recall': 0.6278248587570622, 'f1': 0.6184450548429875}","{'accuracy': 0.623321554770318, 'balanced_accuracy': 0.6336472770419556, 'precision': 0.6213784037485897, 'recall': 0.623321554770318, 'f1': 0.6194579028859981}",0.6176021640614082,0.6343138673015589,0.6171767824232841,0.6176021640614082,0.6104641948319098,0.010361070342090255,0.010739326124216911,0.012483489433282938,0.010361070342090255,0.010209442601147421
27,0.6119256723456827,2024-07-10 15:51:47.464693,2024-07-10 15:51:56.382036,0 days 00:00:08.917343,0.777817318656824,0.01679038229810073,9,8,0.503125403837488,408,31,1.2165502164036086,6.533482528804675,COMPLETE,"{'accuracy': 0.6108757062146892, 'balanced_accuracy': 0.62226319358739, 'precision': 0.610214180816949, 'recall': 0.6108757062146892, 'f1': 0.6082896905880266}","{'accuracy': 0.6165254237288136, 'balanced_accuracy': 0.6300131336563818, 'precision': 0.6142414851107701, 'recall': 0.6165254237288136, 'f1': 0.612064872532027}","{'accuracy': 0.6115819209039548, 'balanced_accuracy': 0.6207084281480756, 'precision': 0.6111856819358433, 'recall': 0.6115819209039548, 'f1': 0.6093611399947381}","{'accuracy': 0.6193502824858758, 'balanced_accuracy': 0.6323947202698702, 'precision': 0.6188590445061499, 'recall': 0.6193502824858758, 'f1': 0.6154576163835278}","{'accuracy': 0.615547703180212, 'balanced_accuracy': 0.6230600168171926, 'precision': 0.6158591292013214, 'recall': 0.615547703180212, 'f1': 0.6144550422300938}",0.614776207302709,0.6256878984957821,0.6140719043142067,0.6147762073027091,0.6119256723456827,0.00353533952084272,0.005174905996097653,0.0035125472188877035,0.00353533952084272,0.0031100203741922378
28,0.5920318458996642,2024-07-10 15:51:56.383034,2024-07-10 15:51:59.097226,0 days 00:00:02.714192,0.8627107694375465,0.0129733537586808,9,8,3.1579174014800895,402,20,4.431029228152002,6.864890368638324,COMPLETE,"{'accuracy': 0.6080508474576272, 'balanced_accuracy': 0.6308155619979076, 'precision': 0.609821445505183, 'recall': 0.6080508474576272, 'f1': 0.5962342425837792}","{'accuracy': 0.6087570621468926, 'balanced_accuracy': 0.6321356604545195, 'precision': 0.6098898266911329, 'recall': 0.6087570621468926, 'f1': 0.5929740290051297}","{'accuracy': 0.5988700564971752, 'balanced_accuracy': 0.6201139470522432, 'precision': 0.6014096440949767, 'recall': 0.5988700564971752, 'f1': 0.5880768720934354}","{'accuracy': 0.617231638418079, 'balanced_accuracy': 0.64339688598322, 'precision': 0.626905010889361, 'recall': 0.617231638418079, 'f1': 0.5990003301891111}","{'accuracy': 0.5985865724381625, 'balanced_accuracy': 0.6231167703431023, 'precision': 0.5989563185333494, 'recall': 0.5985865724381625, 'f1': 0.5838737556268655}",0.6062992353915873,0.6299157651661985,0.6093964491428006,0.6062992353915874,0.5920318458996642,0.007799108314431642,0.009079925066543008,0.010951702604626154,0.007799108314431642,0.006109498238281176
29,0.6088652252443743,2024-07-10 15:51:59.098731,2024-07-10 15:52:04.764425,0 days 00:00:05.665694,0.8763130437616014,0.03764548713116948,10,10,0.39093586646543216,476,29,0.8158294607344654,8.395871585025459,COMPLETE,"{'accuracy': 0.6087570621468926, 'balanced_accuracy': 0.6199314767650931, 'precision': 0.6093801896645816, 'recall': 0.6087570621468926, 'f1': 0.6071656467032905}","{'accuracy': 0.6108757062146892, 'balanced_accuracy': 0.6229512664785154, 'precision': 0.60843078501674, 'recall': 0.6108757062146892, 'f1': 0.6070638478361524}","{'accuracy': 0.606638418079096, 'balanced_accuracy': 0.6140880910727098, 'precision': 0.6062655412813759, 'recall': 0.606638418079096, 'f1': 0.6051301089103887}","{'accuracy': 0.6108757062146892, 'balanced_accuracy': 0.6226715091132945, 'precision': 0.6106539459864399, 'recall': 0.6108757062146892, 'f1': 0.6077160412860491}","{'accuracy': 0.6176678445229682, 'balanced_accuracy': 0.622123169356177, 'precision': 0.6179199110238864, 'recall': 0.6176678445229682, 'f1': 0.6172504814859905}",0.610962947435667,0.6203531025571579,0.6105300745946047,0.6109629474356669,0.6088652252443743,0.004139394613818873,0.0036975241176891442,0.004431154562778154,0.004139394613818873,0.004788469688225203
30,0.6066533195831884,2024-07-10 15:52:04.765425,2024-07-10 15:52:07.762198,0 days 00:00:02.996773,0.7686113011418222,0.031118421016212608,9,8,0.711457332889498,431,25,7.287733564458421,5.90668430381254,COMPLETE,"{'accuracy': 0.6087570621468926, 'balanced_accuracy': 0.6250883793973138, 'precision': 0.6067326121461256, 'recall': 0.6087570621468926, 'f1': 0.6022711658548235}","{'accuracy': 0.6094632768361582, 'balanced_accuracy': 0.6248311672233521, 'precision': 0.6053591127606199, 'recall': 0.6094632768361582, 'f1': 0.6017412886011962}","{'accuracy': 0.605225988700565, 'balanced_accuracy': 0.6187975736257659, 'precision': 0.6034409923283864, 'recall': 0.605225988700565, 'f1': 0.6007815417053343}","{'accuracy': 0.6207627118644068, 'balanced_accuracy': 0.6401572071129448, 'precision': 0.6252769564825489, 'recall': 0.6207627118644068, 'f1': 0.6121208001084976}","{'accuracy': 0.6197879858657244, 'balanced_accuracy': 0.6301527426494365, 'precision': 0.6177486011564478, 'recall': 0.6197879858657244, 'f1': 0.6163518016460904}",0.6127994050827494,0.6278054140017626,0.6117116549748257,0.6127994050827493,0.6066533195831884,0.007019284864672321,0.007991344599342025,0.009407598589434771,0.007019284864672321,0.007102165034920628
31,0.6135486289265657,2024-07-10 15:52:07.763198,2024-07-10 15:52:10.498001,0 days 00:00:02.734803,0.8015271129776418,0.1043401259654868,9,9,0.5625804892333897,305,31,1.4454445417035602,4.395004307886129,COMPLETE,"{'accuracy': 0.6200564971751412, 'balanced_accuracy': 0.6313708426878856, 'precision': 0.6195757890989804, 'recall': 0.6200564971751412, 'f1': 0.6179608313991142}","{'accuracy': 0.6101694915254238, 'balanced_accuracy': 0.6239751440604999, 'precision': 0.6067850630698347, 'recall': 0.6101694915254238, 'f1': 0.6046230894849873}","{'accuracy': 0.6137005649717514, 'balanced_accuracy': 0.6220163632409822, 'precision': 0.613818752314681, 'recall': 0.6137005649717514, 'f1': 0.6120258960576477}","{'accuracy': 0.6228813559322034, 'balanced_accuracy': 0.6349607206644919, 'precision': 0.6230452225796491, 'recall': 0.6228813559322034, 'f1': 0.6194100277622874}","{'accuracy': 0.6148409893992933, 'balanced_accuracy': 0.6206941762911602, 'precision': 0.6146331814892078, 'recall': 0.6148409893992933, 'f1': 0.6137232999287916}",0.6163297798007626,0.6266034493890039,0.6155716017104707,0.6163297798007625,0.6135486289265657,0.005096321990083552,0.0062337965721627805,0.006185565866149677,0.005096321990083552,0.005827478156167454
32,0.6130067990703244,2024-07-10 15:52:10.498001,2024-07-10 15:52:12.681707,0 days 00:00:02.183706,0.803653727773009,0.06846526721624809,10,9,1.0307919525998992,371,28,1.7023434690890102,4.244618470958182,COMPLETE,"{'accuracy': 0.615819209039548, 'balanced_accuracy': 0.6288835306627557, 'precision': 0.615619753914339, 'recall': 0.615819209039548, 'f1': 0.6123877248596843}","{'accuracy': 0.6207627118644068, 'balanced_accuracy': 0.635766969888747, 'precision': 0.618063967575301, 'recall': 0.6207627118644068, 'f1': 0.6142784382194524}","{'accuracy': 0.6031073446327684, 'balanced_accuracy': 0.6153195027426533, 'precision': 0.6017055367235137, 'recall': 0.6031073446327684, 'f1': 0.5994266404832356}","{'accuracy': 0.6221751412429378, 'balanced_accuracy': 0.6385963599917776, 'precision': 0.6245312834577944, 'recall': 0.6221751412429378, 'f1': 0.6157068865567653}","{'accuracy': 0.6254416961130742, 'balanced_accuracy': 0.6331594598720142, 'precision': 0.6241985833260174, 'recall': 0.6254416961130742, 'f1': 0.6232343052324849}",0.617461220578547,0.6303451646315896,0.6168238249993931,0.617461220578547,0.6130067990703244,0.008739834653169562,0.009128326022309403,0.009291694644185371,0.008739834653169562,0.008635875476548729
33,0.6103129388527548,2024-07-10 15:52:12.682708,2024-07-10 15:52:14.987893,0 days 00:00:02.305185,0.8169485906527584,0.07115679897005701,10,9,0.9610702453081787,364,28,1.7526064067346807,4.343796932426248,COMPLETE,"{'accuracy': 0.6087570621468926, 'balanced_accuracy': 0.6225658795542476, 'precision': 0.6071651331040359, 'recall': 0.6087570621468926, 'f1': 0.60481181024262}","{'accuracy': 0.6165254237288136, 'balanced_accuracy': 0.6285144155427057, 'precision': 0.6139905105323341, 'recall': 0.6165254237288136, 'f1': 0.6120423421698092}","{'accuracy': 0.6024011299435028, 'balanced_accuracy': 0.6135804193748, 'precision': 0.6011364712227689, 'recall': 0.6024011299435028, 'f1': 0.5993315779742721}","{'accuracy': 0.6257062146892656, 'balanced_accuracy': 0.6416599378145386, 'precision': 0.6277546687907345, 'recall': 0.6257062146892656, 'f1': 0.6203003614610544}","{'accuracy': 0.6176678445229682, 'balanced_accuracy': 0.6265872564067262, 'precision': 0.6163667079566548, 'recall': 0.6176678445229682, 'f1': 0.6150786024160183}",0.6142115350062886,0.6265815817386036,0.6132826983213057,0.6142115350062886,0.6103129388527548,0.00892559184915103,0.010201088024228684,0.010054917699088905,0.00892559184915103,0.008311192726028333
34,0.6043923730316163,2024-07-10 15:52:14.988398,2024-07-10 15:52:17.241562,0 days 00:00:02.253164,0.7574594577408914,0.1080532435904305,10,10,1.1549158894508742,303,28,2.6158046431409447,5.028538435532498,COMPLETE,"{'accuracy': 0.6094632768361582, 'balanced_accuracy': 0.6254013513391309, 'precision': 0.607886559777676, 'recall': 0.6094632768361582, 'f1': 0.6034729484398949}","{'accuracy': 0.6151129943502824, 'balanced_accuracy': 0.6309645004033212, 'precision': 0.611632339308087, 'recall': 0.6151129943502824, 'f1': 0.6080327175301368}","{'accuracy': 0.5939265536723164, 'balanced_accuracy': 0.608102232067143, 'precision': 0.5912050502836028, 'recall': 0.5939265536723164, 'f1': 0.5883901815475219}","{'accuracy': 0.6193502824858758, 'balanced_accuracy': 0.6353814871118849, 'precision': 0.6198921745823466, 'recall': 0.6193502824858758, 'f1': 0.612583803540115}","{'accuracy': 0.6120141342756183, 'balanced_accuracy': 0.6205917322660568, 'precision': 0.6107065024747738, 'recall': 0.6120141342756183, 'f1': 0.6094822141004133}",0.6099734483240502,0.6240882606375073,0.6082645252852973,0.6099734483240502,0.6043923730316163,0.009698807327681675,0.010539481306189797,0.010531811303374926,0.009698807327681675,0.009528557050028218
35,0.6074069167018292,2024-07-10 15:52:17.242564,2024-07-10 15:52:19.285694,0 days 00:00:02.043130,0.8857265166648762,0.060618173250842886,9,9,1.422851256961236,264,14,0.5360458360865634,3.8710587593655563,COMPLETE,"{'accuracy': 0.614406779661017, 'balanced_accuracy': 0.6304610329985182, 'precision': 0.6132302423676274, 'recall': 0.614406779661017, 'f1': 0.6092624435535627}","{'accuracy': 0.6151129943502824, 'balanced_accuracy': 0.6320775440349463, 'precision': 0.6112674647213746, 'recall': 0.6151129943502824, 'f1': 0.6067931699565435}","{'accuracy': 0.6045197740112994, 'balanced_accuracy': 0.6168180291511405, 'precision': 0.6041155072571694, 'recall': 0.6045197740112994, 'f1': 0.6006897053292273}","{'accuracy': 0.6151129943502824, 'balanced_accuracy': 0.6330560436766295, 'precision': 0.6183815886418977, 'recall': 0.6151129943502824, 'f1': 0.6081296059323918}","{'accuracy': 0.615547703180212, 'balanced_accuracy': 0.6264404840465935, 'precision': 0.6143936322386055, 'recall': 0.615547703180212, 'f1': 0.612159658737421}",0.6129400491106186,0.6277706267815656,0.6122776870453349,0.6129400491106186,0.6074069167018292,0.004724816743311565,0.006622917184740149,0.005250807757898769,0.004724816743311565,0.004244155692535255
36,0.6113525653011108,2024-07-10 15:52:19.285694,2024-07-10 15:52:21.216514,0 days 00:00:01.930820,0.8022568646083735,0.08431668885517,10,10,1.014042476608696,344,26,1.7783074919995212,5.223198128014269,COMPLETE,"{'accuracy': 0.6165254237288136, 'balanced_accuracy': 0.6305500073429697, 'precision': 0.6158067129573643, 'recall': 0.6165254237288136, 'f1': 0.6121945192928417}","{'accuracy': 0.6228813559322034, 'balanced_accuracy': 0.6375391719806023, 'precision': 0.6203884176297834, 'recall': 0.6228813559322034, 'f1': 0.6168654134505356}","{'accuracy': 0.5967514124293786, 'balanced_accuracy': 0.609057707254595, 'precision': 0.5953162060954754, 'recall': 0.5967514124293786, 'f1': 0.592617566201442}","{'accuracy': 0.6186440677966102, 'balanced_accuracy': 0.6351970733307515, 'precision': 0.6203553746551334, 'recall': 0.6186440677966102, 'f1': 0.6121295205867813}","{'accuracy': 0.6247349823321555, 'balanced_accuracy': 0.6306257649268493, 'precision': 0.623916211752577, 'recall': 0.6247349823321555, 'f1': 0.6229558069739535}",0.6159074484438323,0.6285939449671536,0.6151565846180668,0.6159074484438323,0.6113525653011108,0.011195818805783566,0.011327372233185667,0.011458554106265994,0.011195818805783566,0.011372548629723707
37,0.607202099210397,2024-07-10 15:52:21.218024,2024-07-10 15:52:23.419348,0 days 00:00:02.201324,0.8449183064487359,0.11151226012353213,8,10,0.8124660177526881,376,7,0.0165355986036807,2.798163661523292,COMPLETE,"{'accuracy': 0.6024011299435028, 'balanced_accuracy': 0.6164659526560635, 'precision': 0.6001901302616836, 'recall': 0.6024011299435028, 'f1': 0.598818010670163}","{'accuracy': 0.5995762711864406, 'balanced_accuracy': 0.6127761433918851, 'precision': 0.5952889068501591, 'recall': 0.5995762711864406, 'f1': 0.5937804597803477}","{'accuracy': 0.6094632768361582, 'balanced_accuracy': 0.6183434008965879, 'precision': 0.608560233300432, 'recall': 0.6094632768361582, 'f1': 0.6069908095942673}","{'accuracy': 0.625, 'balanced_accuracy': 0.640105364080413, 'precision': 0.6240576047373122, 'recall': 0.625, 'f1': 0.6197731152247117}","{'accuracy': 0.6190812720848057, 'balanced_accuracy': 0.6274511932851392, 'precision': 0.6173175149777845, 'recall': 0.6190812720848057, 'f1': 0.6166481007824954}",0.6111043900101815,0.6230284108620178,0.6090828780254742,0.6111043900101815,0.607202099210397,0.01081730253429765,0.01096936073736459,0.011849888680015424,0.01081730253429765,0.011154991912534764
38,0.6094046701269944,2024-07-10 15:52:23.420353,2024-07-10 15:52:27.128517,0 days 00:00:03.708164,0.9670005945041155,0.04193343142218316,6,9,0.33193035095565343,299,29,4.16290134004857,4.22540845103359,COMPLETE,"{'accuracy': 0.605225988700565, 'balanced_accuracy': 0.6171476563075529, 'precision': 0.6043121996355932, 'recall': 0.605225988700565, 'f1': 0.6021430456887151}","{'accuracy': 0.6137005649717514, 'balanced_accuracy': 0.6256685619302687, 'precision': 0.6105898432366101, 'recall': 0.6137005649717514, 'f1': 0.6092546299925489}","{'accuracy': 0.6016949152542372, 'balanced_accuracy': 0.6118246807923511, 'precision': 0.6002117795370643, 'recall': 0.6016949152542372, 'f1': 0.5983222576104211}","{'accuracy': 0.6257062146892656, 'balanced_accuracy': 0.6386565157579286, 'precision': 0.6257842141269556, 'recall': 0.6257062146892656, 'f1': 0.6221528757509636}","{'accuracy': 0.6162544169611307, 'balanced_accuracy': 0.6233705206470166, 'precision': 0.6157413832250559, 'recall': 0.6162544169611307, 'f1': 0.6151505415923232}",0.61251642011539,0.6233335870870236,0.6113278839522559,0.61251642011539,0.6094046701269944,0.009481572364788348,0.01013615161646716,0.010022434407984414,0.009481572364788348,0.009632047474954867
39,0.6139604601431257,2024-07-10 15:52:27.129517,2024-07-10 15:52:29.899939,0 days 00:00:02.770422,0.8981492978800022,0.05745429298027638,9,8,0.7213884800329862,277,31,0.6740112231162919,3.0411590845445495,COMPLETE,"{'accuracy': 0.6179378531073446, 'balanced_accuracy': 0.628429645491361, 'precision': 0.617763744134245, 'recall': 0.6179378531073446, 'f1': 0.6163057791856964}","{'accuracy': 0.6129943502824858, 'balanced_accuracy': 0.6257639055143561, 'precision': 0.6106181496106319, 'recall': 0.6129943502824858, 'f1': 0.6082403481980313}","{'accuracy': 0.6108757062146892, 'balanced_accuracy': 0.6225429509526109, 'precision': 0.6108373737239037, 'recall': 0.6108757062146892, 'f1': 0.6078317681117976}","{'accuracy': 0.625, 'balanced_accuracy': 0.6385673497082881, 'precision': 0.6254527841201901, 'recall': 0.625, 'f1': 0.6208136542778653}","{'accuracy': 0.6183745583038869, 'balanced_accuracy': 0.6275337682733452, 'precision': 0.6183306842690862, 'recall': 0.6183745583038869, 'f1': 0.6166107509422374}",0.6170364935816813,0.6285675239879922,0.6166005471716114,0.6170364935816813,0.6139604601431257,0.005484398875502176,0.006025776559872736,0.006158566174640365,0.005484398875502176,0.005695862078276775
40,0.606613375957166,2024-07-10 15:52:29.900939,2024-07-10 15:52:31.532613,0 days 00:00:01.631674,0.890702408728857,0.0627658596156524,10,8,1.6501110182256036,252,23,1.5927687311695498,3.0576434985138112,COMPLETE,"{'accuracy': 0.6115819209039548, 'balanced_accuracy': 0.6298412666493312, 'precision': 0.6110688553900395, 'recall': 0.6115819209039548, 'f1': 0.6041998977655356}","{'accuracy': 0.6094632768361582, 'balanced_accuracy': 0.6267941523359767, 'precision': 0.6057050800424397, 'recall': 0.6094632768361582, 'f1': 0.6007931757430266}","{'accuracy': 0.6073446327683616, 'balanced_accuracy': 0.6228851248831061, 'precision': 0.6062571143122817, 'recall': 0.6073446327683616, 'f1': 0.60201578083171}","{'accuracy': 0.617231638418079, 'balanced_accuracy': 0.637015036773286, 'precision': 0.6206751256169422, 'recall': 0.617231638418079, 'f1': 0.6088921725168873}","{'accuracy': 0.6212014134275619, 'balanced_accuracy': 0.6323049819145862, 'precision': 0.6197746934656417, 'recall': 0.6212014134275619, 'f1': 0.6171658529286704}",0.6133645764708231,0.6297681125112573,0.612696173765469,0.6133645764708231,0.606613375957166,0.005722934201105896,0.005366072282649593,0.007189474197998264,0.005722934201105896,0.0066593012480005995
41,0.6137985797269666,2024-07-10 15:52:31.533612,2024-07-10 15:52:33.684254,0 days 00:00:02.150642,0.9449342250669193,0.0875163118033333,9,10,0.7538595818735003,279,31,0.6652288910497561,3.8642515896265865,COMPLETE,"{'accuracy': 0.626412429378531, 'balanced_accuracy': 0.6365588908027678, 'precision': 0.6272799341532209, 'recall': 0.626412429378531, 'f1': 0.6251443879174112}","{'accuracy': 0.6186440677966102, 'balanced_accuracy': 0.6317686805336417, 'precision': 0.6163419848036306, 'recall': 0.6186440677966102, 'f1': 0.6138234405207247}","{'accuracy': 0.6059322033898306, 'balanced_accuracy': 0.6166999486706052, 'precision': 0.6060064024075711, 'recall': 0.6059322033898306, 'f1': 0.6037172073835317}","{'accuracy': 0.6122881355932204, 'balanced_accuracy': 0.6254116373140902, 'precision': 0.6117222571904243, 'recall': 0.6122881355932204, 'f1': 0.6080347850138494}","{'accuracy': 0.6190812720848057, 'balanced_accuracy': 0.6248363418584891, 'precision': 0.6190026136237322, 'recall': 0.6190812720848057, 'f1': 0.6182730777993155}",0.6164716216485996,0.6270550998359188,0.6160706384357159,0.6164716216485996,0.6137985797269666,0.0077286859943571234,0.007539776147457328,0.007976773848518148,0.0077286859943571234,0.00842028076097839
42,0.6089908561205892,2024-07-10 15:52:33.685254,2024-07-10 15:52:36.204493,0 days 00:00:02.519239,0.9250728777202994,0.05138189411427305,9,10,0.8843218341968841,236,29,0.6918627439847609,4.84602506180443,COMPLETE,"{'accuracy': 0.6059322033898306, 'balanced_accuracy': 0.6181820115696858, 'precision': 0.6051052509954515, 'recall': 0.6059322033898306, 'f1': 0.6029916225236047}","{'accuracy': 0.6101694915254238, 'balanced_accuracy': 0.6232144644817351, 'precision': 0.6070707204685798, 'recall': 0.6101694915254238, 'f1': 0.6050718507913506}","{'accuracy': 0.6038135593220338, 'balanced_accuracy': 0.613669489571846, 'precision': 0.6041458232293252, 'recall': 0.6038135593220338, 'f1': 0.6015735838647016}","{'accuracy': 0.625, 'balanced_accuracy': 0.6390875681802809, 'precision': 0.6267955364795431, 'recall': 0.625, 'f1': 0.6203445474976975}","{'accuracy': 0.6162544169611307, 'balanced_accuracy': 0.6226976844637657, 'precision': 0.6154063951837585, 'recall': 0.6162544169611307, 'f1': 0.6149726759255911}",0.6122339342396839,0.6233702436534627,0.6117047452713316,0.6122339342396838,0.6089908561205892,0.008573406054311387,0.009598610253605033,0.009534136095774842,0.008573406054311387,0.008231855961839417
43,0.6137934239051994,2024-07-10 15:52:36.205493,2024-07-10 15:52:38.663514,0 days 00:00:02.458021,0.9604032054406091,0.07413763289535427,9,10,0.739243236326151,325,27,0.47215582236870113,3.8561832630479733,COMPLETE,"{'accuracy': 0.6228813559322034, 'balanced_accuracy': 0.6330869974541021, 'precision': 0.6232516677998216, 'recall': 0.6228813559322034, 'f1': 0.6213937742787724}","{'accuracy': 0.6179378531073446, 'balanced_accuracy': 0.6303819612186485, 'precision': 0.6147620817580676, 'recall': 0.6179378531073446, 'f1': 0.6133696642803206}","{'accuracy': 0.6045197740112994, 'balanced_accuracy': 0.6160013980993316, 'precision': 0.6049626973322995, 'recall': 0.6045197740112994, 'f1': 0.601608131696007}","{'accuracy': 0.6207627118644068, 'balanced_accuracy': 0.6344467755795407, 'precision': 0.6213212704654707, 'recall': 0.6207627118644068, 'f1': 0.6168105053443635}","{'accuracy': 0.6169611307420495, 'balanced_accuracy': 0.6240918081147381, 'precision': 0.6167858337287206, 'recall': 0.6169611307420495, 'f1': 0.6157850439265331}",0.6166125651314608,0.6276017880932722,0.6162167102168761,0.6166125651314608,0.6137934239051994,0.007152533454801498,0.007608543643293369,0.007152618664805584,0.007152533454801498,0.007407691525773723
44,0.6047674211497325,2024-07-10 15:52:38.664514,2024-07-10 15:52:42.735074,0 days 00:00:04.070560,0.9621500065991527,0.07769238946159002,8,10,0.2532247365365509,322,31,0.519657780096851,2.0801632301295223,COMPLETE,"{'accuracy': 0.6059322033898306, 'balanced_accuracy': 0.6151785895130758, 'precision': 0.6058364173094972, 'recall': 0.6059322033898306, 'f1': 0.6048346129179153}","{'accuracy': 0.6009887005649718, 'balanced_accuracy': 0.6146210480239743, 'precision': 0.5972809541483219, 'recall': 0.6009887005649718, 'f1': 0.596341551513194}","{'accuracy': 0.594632768361582, 'balanced_accuracy': 0.6016536661462334, 'precision': 0.5942273295265236, 'recall': 0.594632768361582, 'f1': 0.5929383545838698}","{'accuracy': 0.6193502824858758, 'balanced_accuracy': 0.6296877107930762, 'precision': 0.6181576258946433, 'recall': 0.6193502824858758, 'f1': 0.6170646011732455}","{'accuracy': 0.6134275618374558, 'balanced_accuracy': 0.6191028702631731, 'precision': 0.6126474764186318, 'recall': 0.6134275618374558, 'f1': 0.6126579855604379}",0.6068663033279431,0.6160487769479065,0.6056299606595236,0.6068663033279431,0.6047674211497325,0.009797678086557049,0.010066812472869537,0.010074180543600385,0.009797678086557049,0.01030058557723105
45,0.6146205215412965,2024-07-10 15:52:42.736074,2024-07-10 15:52:44.728864,0 days 00:00:01.992790,0.9861866316641803,0.11375653298101061,9,10,0.7413647310908059,283,26,0.4073259494679496,3.6744529983818284,COMPLETE,"{'accuracy': 0.6179378531073446, 'balanced_accuracy': 0.6284855969644052, 'precision': 0.6180219849909866, 'recall': 0.6179378531073446, 'f1': 0.6162982110620266}","{'accuracy': 0.6151129943502824, 'balanced_accuracy': 0.6289062675592038, 'precision': 0.6127655338232094, 'recall': 0.6151129943502824, 'f1': 0.6101471433725484}","{'accuracy': 0.6108757062146892, 'balanced_accuracy': 0.6202442570017214, 'precision': 0.6116566919713881, 'recall': 0.6108757062146892, 'f1': 0.6091867351617561}","{'accuracy': 0.623587570621469, 'balanced_accuracy': 0.6369795613975662, 'precision': 0.6231399136237253, 'recall': 0.623587570621469, 'f1': 0.6190102214018092}","{'accuracy': 0.6190812720848057, 'balanced_accuracy': 0.625266248822975, 'precision': 0.6199409586020629, 'recall': 0.6190812720848057, 'f1': 0.6184602967083427}",0.6173190792757182,0.6279763863491742,0.6171050166022745,0.6173190792757183,0.6146205215412965,0.004721388974779728,0.006109660488195567,0.004843003514992105,0.004721388974779728,0.004646641986045616
46,0.6139475497106575,2024-07-10 15:52:44.729862,2024-07-10 15:52:46.260921,0 days 00:00:01.531059,0.988247126421203,0.13721943261091818,9,10,1.4176666275272656,271,26,0.35887030568406253,3.6673594239233984,COMPLETE,"{'accuracy': 0.6285310734463276, 'balanced_accuracy': 0.6406297868455125, 'precision': 0.6309245246024165, 'recall': 0.6285310734463276, 'f1': 0.6267016332598244}","{'accuracy': 0.6115819209039548, 'balanced_accuracy': 0.6268438304219793, 'precision': 0.6084685542783191, 'recall': 0.6115819209039548, 'f1': 0.6044495571096345}","{'accuracy': 0.6101694915254238, 'balanced_accuracy': 0.6234156293300583, 'precision': 0.6100382230559092, 'recall': 0.6101694915254238, 'f1': 0.606131461233392}","{'accuracy': 0.6221751412429378, 'balanced_accuracy': 0.6370916560488434, 'precision': 0.6239979944919044, 'recall': 0.6221751412429378, 'f1': 0.6177719327343749}","{'accuracy': 0.6169611307420495, 'balanced_accuracy': 0.6252682075553864, 'precision': 0.6159910086239132, 'recall': 0.6169611307420495, 'f1': 0.6146831642160615}",0.6178837515721387,0.630649822040356,0.6178840610104925,0.6178837515721387,0.6139475497106575,0.007613402580879057,0.007695417690723169,0.009502979281243095,0.007613402580879057,0.009071063663172556
47,0.6098479868339387,2024-07-10 15:52:46.261920,2024-07-10 15:52:47.815506,0 days 00:00:01.553586,0.9952252346065219,0.1381896304468337,8,10,1.3642221314967493,281,18,2.440698599516671,3.2739835641892494,COMPLETE,"{'accuracy': 0.617231638418079, 'balanced_accuracy': 0.634453240671771, 'precision': 0.6168526143281653, 'recall': 0.617231638418079, 'f1': 0.6120241100434168}","{'accuracy': 0.617231638418079, 'balanced_accuracy': 0.6322224698524419, 'precision': 0.6145491703682383, 'recall': 0.617231638418079, 'f1': 0.609292976640149}","{'accuracy': 0.6045197740112994, 'balanced_accuracy': 0.6171310969455519, 'precision': 0.6033022976785289, 'recall': 0.6045197740112994, 'f1': 0.6009796666106303}","{'accuracy': 0.6214689265536724, 'balanced_accuracy': 0.6391166743163649, 'precision': 0.6235523246347364, 'recall': 0.6214689265536724, 'f1': 0.614265447930104}","{'accuracy': 0.6162544169611307, 'balanced_accuracy': 0.6245646249075324, 'precision': 0.6136462922412954, 'recall': 0.6162544169611307, 'f1': 0.6126777329453938}",0.6153412788724522,0.6294976213387324,0.6143805398501929,0.615341278872452,0.6098479868339387,0.0063763973597478355,0.008685829291733047,0.007306295124333677,0.0063763973597478355,0.005272856856406446
48,0.5904646184390152,2024-07-10 15:52:47.816506,2024-07-10 15:52:49.001066,0 days 00:00:01.184560,0.9379537842120074,0.11942617284386393,5,10,1.8979223700676,218,25,8.253264802066813,1.2037907700468344,COMPLETE,"{'accuracy': 0.5995762711864406, 'balanced_accuracy': 0.6197055356737443, 'precision': 0.5965858144751, 'recall': 0.5995762711864406, 'f1': 0.5887529092956033}","{'accuracy': 0.6045197740112994, 'balanced_accuracy': 0.6243295772072949, 'precision': 0.601764320131871, 'recall': 0.6045197740112994, 'f1': 0.5912018789090369}","{'accuracy': 0.596045197740113, 'balanced_accuracy': 0.6152658120687328, 'precision': 0.5942432298887536, 'recall': 0.596045197740113, 'f1': 0.5872981645583863}","{'accuracy': 0.614406779661017, 'balanced_accuracy': 0.6381404354738051, 'precision': 0.6198629700578228, 'recall': 0.614406779661017, 'f1': 0.5997250222912809}","{'accuracy': 0.5978798586572438, 'balanced_accuracy': 0.6195745303764216, 'precision': 0.5960233471690155, 'recall': 0.5978798586572438, 'f1': 0.5853451171407691}",0.6024855762512228,0.6234031781599997,0.6016959363445126,0.6024855762512227,0.5904646184390152,0.0073723845726231755,0.008840147044001842,0.010534232735145572,0.0073723845726231755,0.005600542483104799
49,0.5928632736998519,2024-07-10 15:52:49.002066,2024-07-10 15:52:50.253585,0 days 00:00:01.251519,0.9081575459425025,0.13404277708439513,3,8,2.7610252584829413,272,26,0.009262928437280882,2.308864999188799,COMPLETE,"{'accuracy': 0.606638418079096, 'balanced_accuracy': 0.6291325259556927, 'precision': 0.6061578979411623, 'recall': 0.606638418079096, 'f1': 0.5950950209676705}","{'accuracy': 0.6009887005649718, 'balanced_accuracy': 0.620024397592225, 'precision': 0.5962027198501109, 'recall': 0.6009887005649718, 'f1': 0.5872096769737256}","{'accuracy': 0.5953389830508474, 'balanced_accuracy': 0.6141028986459163, 'precision': 0.5952323771741684, 'recall': 0.5953389830508474, 'f1': 0.5860565106740243}","{'accuracy': 0.6115819209039548, 'balanced_accuracy': 0.6332030385880598, 'precision': 0.6137119416080602, 'recall': 0.6115819209039548, 'f1': 0.5977962270255692}","{'accuracy': 0.6084805653710247, 'balanced_accuracy': 0.6269397188699313, 'precision': 0.6069347799900408, 'recall': 0.6084805653710247, 'f1': 0.5981589328582702}",0.604605717593979,0.624680515930365,0.6036479433127085,0.604605717593979,0.5928632736998519,0.006456951882672356,0.00760136844643312,0.007820491274679476,0.006456951882672356,0.005823527907005772
