number,value,datetime_start,datetime_complete,duration,params_alpha,params_colsample_bytree,params_gamma,params_lambda,params_learning_rate,params_max_depth,params_max_leaves,params_n_estimators,state,fold_0,fold_1,fold_2,fold_3,fold_4,mse,rmse,mae,mdae,r2,mse_std,rmse_std,mae_std,mdae_std,r2_std
0,39.64491062401257,2024-07-10 18:40:05.079263,2024-07-10 18:40:12.350068,0 days 00:00:07.270805,0.5808361216819946,0.5780093202212182,8.661761457749352,1.5599452033620265,0.18361096041714062,10,4,218,COMPLETE,"{'mse': 1605.8024115794137, 'rmse': 40.07246450593492, 'mae': 30.564397421459095, 'mdae': 23.572027677270512, 'r2': 0.4624871869206354}","{'mse': 1556.2423675028426, 'rmse': 39.44923785705932, 'mae': 30.587437390433607, 'mdae': 24.589208353632806, 'r2': 0.4327994311431874}","{'mse': 1578.068625402412, 'rmse': 39.724911899240404, 'mae': 30.853437395031115, 'mdae': 25.26810260711914, 'r2': 0.4317613785535829}","{'mse': 1567.6623034589422, 'rmse': 39.59371545408365, 'mae': 30.740477500653455, 'mdae': 25.342187084570313, 'r2': 0.43045810635064563}","{'mse': 1551.1170531160612, 'rmse': 39.38422340374456, 'mae': 30.452829201299288, 'mdae': 24.15539533972656, 'r2': 0.46057457389096845}",1571.7785522119343,39.64491062401257,30.639715781775312,24.585384212463868,0.443616135371804,21.6933291071234,0.2729785385095313,0.15745025526175113,0.75010857810418,0.016388832332392616
1,41.82686707580335,2024-07-10 18:40:12.351067,2024-07-10 18:40:26.283405,0 days 00:00:13.932338,1.8182496720710062,0.9162213204002109,1.8340450985343382,2.1233911067827616,0.29127385712697834,8,0,321,COMPLETE,"{'mse': 1854.0704441168957, 'rmse': 43.05891828781694, 'mae': 32.380819639833604, 'mdae': 23.98006360376953, 'r2': 0.37938403076355454}","{'mse': 1770.219012831161, 'rmse': 42.073970728125495, 'mae': 31.851200794993805, 'mdae': 24.506364073945306, 'r2': 0.3548117876458303}","{'mse': 1692.2804024333843, 'rmse': 41.13733586941897, 'mae': 31.413140169344473, 'mdae': 24.39846627962402, 'r2': 0.39063544670985473}","{'mse': 1682.0494627783605, 'rmse': 41.01279632966229, 'mae': 30.923888151417888, 'mdae': 22.71022128120117, 'r2': 0.38890050865616355}","{'mse': 1751.5324972532471, 'rmse': 41.851314163993074, 'mae': 31.34025001659086, 'mdae': 23.538034155117188, 'r2': 0.39087694137809637}",1750.03036388261,41.82686707580335,31.581859754436124,23.826629878731445,0.3809217430306999,69.26513771104555,0.8242834052127666,0.5546732571515844,0.7318184545766494,0.015339630401552385
2,41.67027547810423,2024-07-10 18:40:26.284912,2024-07-10 18:40:32.451792,0 days 00:00:06.166880,2.9214464853521815,0.8059264473611898,3.663618432936917,1.3949386065204183,0.09445645065743215,6,2,187,COMPLETE,"{'mse': 1783.7052462025672, 'rmse': 42.23393477054402, 'mae': 32.947155779867884, 'mdae': 27.005988351806643, 'r2': 0.40293748615824176}","{'mse': 1709.8281328866863, 'rmse': 41.35006811223757, 'mae': 32.581301821445905, 'mdae': 26.8020235454541, 'r2': 0.3768223318730983}","{'mse': 1728.1313532732604, 'rmse': 41.57079928595625, 'mae': 33.10788698679261, 'mdae': 27.673857466015626, 'r2': 0.377726062064051}","{'mse': 1733.773965273513, 'rmse': 41.63861147148777, 'mae': 32.70325469903923, 'mdae': 27.35264033520508, 'r2': 0.3701086610534241}","{'mse': 1727.0643510708803, 'rmse': 41.55796375029556, 'mae': 32.91324275470391, 'mdae': 27.437362150595703, 'r2': 0.3993861252298283}",1736.5006097413814,41.67027547810423,32.85056840836991,27.25437436981543,0.3853961332757287,27.866739792164907,0.33307529232578287,0.20837218421206508,0.34836176530626434,0.014743352787411595
3,53.19216955318268,2024-07-10 18:40:32.452792,2024-07-10 18:40:40.273479,0 days 00:00:07.820687,6.075448519014383,0.7962072844310213,1.7052412368729153,0.46450412719997725,0.15912798713994736,9,1,255,COMPLETE,"{'mse': 2996.0654454077708, 'rmse': 54.736326561140096, 'mae': 43.8457860948098, 'mdae': 37.22641636708984, 'r2': -0.002877785036486058}","{'mse': 2747.200401895838, 'rmse': 52.41374249083763, 'mae': 42.57482340256376, 'mdae': 36.890008468183595, 'r2': -0.0012666813712980396}","{'mse': 2777.3124546841996, 'rmse': 52.70021304211397, 'mae': 42.8173008709724, 'mdae': 36.70566413613281, 'r2': -6.816888161331747e-05}","{'mse': 2754.872190605896, 'rmse': 52.48687636548679, 'mae': 42.72295256250158, 'mdae': 37.467108758496096, 'r2': -0.0008629541819686892}","{'mse': 2875.5000548223347, 'rmse': 53.62368930633489, 'mae': 43.89996006118336, 'mdae': 37.06036833335938, 'r2': -5.088159007460291e-07}",2830.1901094832074,53.19216955318268,43.172164598406184,37.069913212652345,-0.00101521965745337,105.97611176724082,0.9894491577853826,0.6457531220513578,0.29469974148929057,0.001170695394168476
4,39.773620323922884,2024-07-10 18:40:40.274985,2024-07-10 18:40:44.872526,0 days 00:00:04.597541,6.842330265121569,0.6523068845866853,4.4015249373960135,0.9767211400638387,0.24443523095377373,10,5,79,COMPLETE,"{'mse': 1625.7269425145003, 'rmse': 40.32030434550935, 'mae': 30.805841235608497, 'mdae': 23.7973920213379, 'r2': 0.45581781676962696}","{'mse': 1549.8301688918575, 'rmse': 39.36788245374467, 'mae': 30.5703566665521, 'mdae': 24.70355763345703, 'r2': 0.43513647245225384}","{'mse': 1575.9953153386712, 'rmse': 39.698807480057525, 'mae': 30.917739469887863, 'mdae': 25.574473059375, 'r2': 0.4325079461194583}","{'mse': 1585.0472584648971, 'rmse': 39.812651989849876, 'mae': 30.878750328690916, 'mdae': 24.985484503789063, 'r2': 0.42414203931678685}","{'mse': 1573.5863498908816, 'rmse': 39.66845535045298, 'mae': 30.551373638963394, 'mdae': 23.72238107149414, 'r2': 0.45276052145515855}",1582.0372070201615,39.773620323922884,30.744812267940553,24.55665765789063,0.44007295922265693,27.672496018491124,0.34701107437367484,0.1727867299750462,0.7927676184643576,0.013640631478336695
5,40.442027008894335,2024-07-10 18:40:44.873525,2024-07-10 18:40:50.656834,0 days 00:00:05.783309,3.1171107608941098,0.6293899908000085,5.200680211778108,6.62522284353982,0.2737029166028468,6,0,105,COMPLETE,"{'mse': 1697.7152663850054, 'rmse': 41.20334047604642, 'mae': 31.372667204418242, 'mdae': 24.382555733271484, 'r2': 0.4317210498240319}","{'mse': 1604.1876423147762, 'rmse': 40.05231132300327, 'mae': 30.50546151499879, 'mdae': 23.3472754678711, 'r2': 0.4153249119325573}","{'mse': 1649.7818566213277, 'rmse': 40.61750677505117, 'mae': 31.043291098466096, 'mdae': 24.554379526357422, 'r2': 0.4059385296664417}","{'mse': 1614.1792096767942, 'rmse': 40.176849175573665, 'mae': 30.79235120106737, 'mdae': 23.157759864970703, 'r2': 0.41355821228827716}","{'mse': 1612.8358243343114, 'rmse': 40.16012729479716, 'mae': 30.283469410797434, 'mdae': 22.125817100976576, 'r2': 0.4391108975059733}",1635.7399598664429,40.442027008894335,30.799448085949585,23.513557538689458,0.4211307202434563,38.80440567332696,0.47750821760464074,0.4303347637065009,0.9897643035544843,0.013759494870990313
6,39.77283023590886,2024-07-10 18:40:50.657838,2024-07-10 18:40:59.880728,0 days 00:00:09.222890,5.978999788110851,0.9697494707820946,9.218742350231167,8.948273504276488,0.2347885187747232,3,5,296,COMPLETE,"{'mse': 1629.646329664205, 'rmse': 40.368878231432255, 'mae': 30.86277220173857, 'mdae': 24.3825327117041, 'r2': 0.45450587403172016}","{'mse': 1555.2987066561113, 'rmse': 39.437275598805144, 'mae': 30.597354472733407, 'mdae': 23.935192971875, 'r2': 0.433143365340232}","{'mse': 1603.02486934103, 'rmse': 40.03779301286511, 'mae': 31.05185808953985, 'mdae': 24.68968411710938, 'r2': 0.42277501292671116}","{'mse': 1579.0993374757422, 'rmse': 39.73788290127875, 'mae': 30.73933195562854, 'mdae': 24.44774220970215, 'r2': 0.4263029576318891}","{'mse': 1543.100777335471, 'rmse': 39.282321435163055, 'mae': 30.236012952373752, 'mdae': 23.403964183886714, 'r2': 0.46336236026084}",1582.0340040945118,39.77283023590886,30.69746593440282,24.17182323885547,0.4400179140382785,35.166512881951675,0.44155849001815917,0.3072596152919888,0.508505423077254,0.017941162462225633
7,39.53424717458397,2024-07-10 18:40:59.881745,2024-07-10 18:41:04.701437,0 days 00:00:04.819692,8.287375091519294,0.6943386448447411,3.567533266935893,2.713490317738959,0.10434579592134664,3,0,89,COMPLETE,"{'mse': 1598.0188769847405, 'rmse': 39.97522829184019, 'mae': 30.540870189980385, 'mdae': 23.48272031921875, 'r2': 0.46509258192161096}","{'mse': 1533.7466875474292, 'rmse': 39.16307811635124, 'mae': 30.348703252423224, 'mdae': 24.122667302705082, 'r2': 0.44099838699606353}","{'mse': 1569.9120744043068, 'rmse': 39.62211597585756, 'mae': 30.811630489036922, 'mdae': 25.04983979226563, 'r2': 0.4346984290850442}","{'mse': 1559.244078196448, 'rmse': 39.487264759621524, 'mae': 30.651223049009623, 'mdae': 25.32087109835937, 'r2': 0.43351650224789284}","{'mse': 1554.2161944074985, 'rmse': 39.423548729249354, 'mae': 30.31636309180464, 'mdae': 23.92645397226562, 'r2': 0.4594967986138885}",1563.0275823080847,39.53424717458397,30.53375801445096,24.380510496962888,0.4467605397729001,23.564343788091428,0.2976630792180899,0.20770625102455215,0.7763628999875473,0.014597752459199495
8,40.48388193044723,2024-07-10 18:41:04.702438,2024-07-10 18:41:12.908468,0 days 00:00:08.206030,7.722447692966574,0.5372753218398854,1.987156815341724,9.868869366005173,0.2426371244186715,6,0,176,COMPLETE,"{'mse': 1750.4522869047034, 'rmse': 41.83840683994436, 'mae': 31.615592959921262, 'mdae': 24.184799823945315, 'r2': 0.41406830248191895}","{'mse': 1599.024629948437, 'rmse': 39.9878060156898, 'mae': 30.350797388771742, 'mdae': 22.887750582197267, 'r2': 0.41720666480881485}","{'mse': 1632.8101486138332, 'rmse': 40.408045592602384, 'mae': 30.5831318614955, 'mdae': 23.015039750146478, 'r2': 0.41204978478331644}","{'mse': 1612.9664658416268, 'rmse': 40.16175376949601, 'mae': 30.599735309606967, 'mdae': 23.30433906798828, 'r2': 0.41399880999791694}","{'mse': 1601.8723422002297, 'rmse': 40.02339743450361, 'mae': 30.41654650622868, 'mdae': 23.373167787890623, 'r2': 0.44292362138128305}",1639.425174701766,40.48388193044723,30.71316080520483,23.353019402433592,0.4200494366906501,63.469009630818015,0.7749826960762771,0.5156170941323851,0.5062952998134274,0.012919831245700503
9,39.991978699558636,2024-07-10 18:41:12.909469,2024-07-10 18:41:16.771145,0 days 00:00:03.861676,3.5846572854427263,0.8856351733429728,1.1586905952512971,0.7404465173409036,0.2214120787318863,9,4,52,COMPLETE,"{'mse': 1621.5051273883712, 'rmse': 40.267916849377386, 'mae': 30.896715385553666, 'mdae': 23.602166735380862, 'r2': 0.4572309917084506}","{'mse': 1590.2050428778923, 'rmse': 39.87737507507098, 'mae': 31.05256314513769, 'mdae': 25.20252778842773, 'r2': 0.4204211222146508}","{'mse': 1598.2398353331268, 'rmse': 39.97799188720122, 'mae': 31.18899864206955, 'mdae': 25.854908864335936, 'r2': 0.4244980312317813}","{'mse': 1599.1870286175333, 'rmse': 39.98983656652692, 'mae': 31.19121037947828, 'mdae': 25.78903598829102, 'r2': 0.41900496901106454}","{'mse': 1587.765328046205, 'rmse': 39.846773119616664, 'mae': 30.867890811708705, 'mdae': 24.651081589023438, 'r2': 0.44782955810983216}",1599.3804724526258,39.991978699558636,31.03947567278958,25.019944193091796,0.4337969344551559,13.32233948152894,0.16625337092164041,0.1544131516844432,0.931149491385213,0.017537486720840302
10,42.569668410521004,2024-07-10 18:41:16.772143,2024-07-10 18:41:27.827596,0 days 00:00:11.055453,9.709367151705008,0.7102020040921988,6.7657237974278,3.8029296025181085,0.015208943928297747,2,2,476,COMPLETE,"{'mse': 1869.0809680616455, 'rmse': 43.23286907043813, 'mae': 33.91284549705636, 'mdae': 28.355890256669923, 'r2': 0.3743595340426896}","{'mse': 1782.8041234626835, 'rmse': 42.22326519186648, 'mae': 33.48220169335934, 'mdae': 28.409710468286136, 'r2': 0.3502249173366897}","{'mse': 1791.7420931474087, 'rmse': 42.328974629057676, 'mae': 33.921482264190885, 'mdae': 28.51751059966797, 'r2': 0.3548207976456197}","{'mse': 1812.7912448572101, 'rmse': 42.5768862747995, 'mae': 33.675245852801325, 'mdae': 28.51516944947266, 'r2': 0.34140117032291295}","{'mse': 1805.0896717551855, 'rmse': 42.48634688644324, 'mae': 33.84041809599314, 'mdae': 28.963926783964844, 'r2': 0.37225158901099664}",1812.301620256827,42.569668410521004,33.76643868068021,28.552441511612308,0.3586116016717817,33.796977463464074,0.39520829178523725,0.18711842465205314,0.24027799063628877,0.014273684222092079
11,39.972236766452546,2024-07-10 18:41:27.828595,2024-07-10 18:41:34.205478,0 days 00:00:06.376883,0.6782026776262082,0.5106977741957487,9.391552956706988,3.5389486257191867,0.13758526931320197,4,3,179,COMPLETE,"{'mse': 1640.5426088448385, 'rmse': 40.5036122937799, 'mae': 31.197608771453414, 'mdae': 24.098965225439457, 'r2': 0.4508585450501178}","{'mse': 1579.9518165036873, 'rmse': 39.74860773038079, 'mae': 31.02691124911427, 'mdae': 25.040735895434572, 'r2': 0.4241580952938496}","{'mse': 1592.1772254001617, 'rmse': 39.90209550136636, 'mae': 31.33972088057094, 'mdae': 25.983477380292967, 'r2': 0.4266810852860985}","{'mse': 1594.8352731961234, 'rmse': 39.93538873225254, 'mae': 31.169712889345643, 'mdae': 24.85113660631348, 'r2': 0.4205859900115313}","{'mse': 1581.7705875435274, 'rmse': 39.77147957448311, 'mae': 30.90967592366485, 'mdae': 24.74112429009766, 'r2': 0.4499143236944627}",1597.8555022976675,39.972236766452546,31.128725942829824,24.943087879515623,0.4344396078672119,24.712446891079058,0.30779494864136286,0.1652972930577076,0.6807592877734597,0.014721372467262201
12,39.93767734223586,2024-07-10 18:41:34.206478,2024-07-10 18:41:45.222213,0 days 00:00:11.015735,9.942502322437742,0.6030871527022862,7.421923521232226,5.2777889303003205,0.07216777432365519,4,3,389,COMPLETE,"{'mse': 1643.2978739519576, 'rmse': 40.53761060980232, 'mae': 31.211095203579653, 'mdae': 24.136534590302734, 'r2': 0.44993627074798226}","{'mse': 1579.4786360193877, 'rmse': 39.74265512040417, 'mae': 31.051206760633896, 'mdae': 25.160168730117185, 'r2': 0.42433055444640266}","{'mse': 1593.368332528522, 'rmse': 39.917018081621805, 'mae': 31.3764372084755, 'mdae': 25.671066432377927, 'r2': 0.4262521856414826}","{'mse': 1584.7695329838984, 'rmse': 39.80916393223925, 'mae': 30.975638495406066, 'mdae': 24.91540417054199, 'r2': 0.42424293878730013}","{'mse': 1574.6562801895811, 'rmse': 39.68193896711174, 'mae': 30.840061536493902, 'mdae': 24.529673861523435, 'r2': 0.4523884363142445}",1595.1141311346696,39.93767734223586,31.090887840917798,24.882569556972655,0.4354300771874824,27.8151216442971,0.3465177523051092,0.208422099425092,0.5875734589528849,0.01441007251700731
13,39.62592935245994,2024-07-10 18:41:45.222213,2024-07-10 18:41:52.616337,0 days 00:00:07.394124,8.186654304763922,0.6866160227800735,5.800327198738529,2.885760657853208,0.17041807166868103,7,4,223,COMPLETE,"{'mse': 1628.0389849904157, 'rmse': 40.3489651043297, 'mae': 30.798950773932834, 'mdae': 23.847689707568357, 'r2': 0.45504390308869913}","{'mse': 1539.2979536896662, 'rmse': 39.23388782276957, 'mae': 30.44407221327713, 'mdae': 24.590283144160153, 'r2': 0.43897512803621097}","{'mse': 1578.7671863088578, 'rmse': 39.73370340540708, 'mae': 30.932147021089296, 'mdae': 25.336921137597656, 'r2': 0.43150983734676496}","{'mse': 1558.7421595544859, 'rmse': 39.48090879848748, 'mae': 30.624889200575318, 'mdae': 25.22404303629883, 'r2': 0.4336988525494663}","{'mse': 1547.0205118780354, 'rmse': 39.33218163130588, 'mae': 30.29726526668629, 'mdae': 23.674436148242194, 'r2': 0.46199921073475536}",1570.373359284292,39.62592935245994,30.619464895112174,24.534674634773438,0.4442453863511793,35.50387951408313,0.44592913975489795,0.2571915186638267,0.7638519317492285,0.013537036698945262
14,39.8216398595951,2024-07-10 18:41:52.617341,2024-07-10 18:41:58.013331,0 days 00:00:05.395990,8.343963925162559,0.6955970657877261,6.007309409234192,3.03446300888558,0.09991079586062446,7,4,131,COMPLETE,"{'mse': 1618.983529367012, 'rmse': 40.23659440567767, 'mae': 30.82865366850652, 'mdae': 23.944714961000976, 'r2': 0.4580750502527289}","{'mse': 1567.595682246576, 'rmse': 39.59287413470479, 'mae': 30.810636178442596, 'mdae': 24.73666970794922, 'r2': 0.4286615110379862}","{'mse': 1592.4947404928266, 'rmse': 39.90607397994479, 'mae': 31.152981311105552, 'mdae': 25.828595823203123, 'r2': 0.42656675290812696}","{'mse': 1574.1597070051923, 'rmse': 39.67568155690829, 'mae': 30.900108075527864, 'mdae': 25.511284389423828, 'r2': 0.4280975574547704}","{'mse': 1575.849841676043, 'rmse': 39.696975220739965, 'mae': 30.71862632281847, 'mdae': 24.649764823496092, 'r2': 0.45197335647734327}",1585.81670015753,39.8216398595951,30.8822011112802,24.934205941014646,0.4386748456261912,20.687339326178062,0.2590826370014513,0.16461178242001412,0.7469893756300627,0.015099421630608935
15,53.19216955318268,2024-07-10 18:41:58.013838,2024-07-10 18:42:06.873370,0 days 00:00:08.859532,8.44834537862892,0.7681206854198875,3.6340770128399646,5.108020109287404,0.04914375833197767,5,1,356,COMPLETE,"{'mse': 2996.0654454077708, 'rmse': 54.736326561140096, 'mae': 43.8457860948098, 'mdae': 37.22641636708984, 'r2': -0.002877785036486058}","{'mse': 2747.200401895838, 'rmse': 52.41374249083763, 'mae': 42.57482340256376, 'mdae': 36.890008468183595, 'r2': -0.0012666813712980396}","{'mse': 2777.3124546841996, 'rmse': 52.70021304211397, 'mae': 42.8173008709724, 'mdae': 36.70566413613281, 'r2': -6.816888161331747e-05}","{'mse': 2754.872190605896, 'rmse': 52.48687636548679, 'mae': 42.72295256250158, 'mdae': 37.467108758496096, 'r2': -0.0008629541819686892}","{'mse': 2875.5000548223347, 'rmse': 53.62368930633489, 'mae': 43.89996006118336, 'mdae': 37.06036833335938, 'r2': -5.088159007460291e-07}",2830.1901094832074,53.19216955318268,43.172164598406184,37.069913212652345,-0.00101521965745337,105.97611176724082,0.9894491577853826,0.6457531220513578,0.29469974148929057,0.001170695394168476
16,53.19216955318268,2024-07-10 18:42:06.873873,2024-07-10 18:42:12.138467,0 days 00:00:05.264594,5.425481892393395,0.8352725713024434,0.20913566483403834,6.690016240841771,0.12920015381438638,7,1,138,COMPLETE,"{'mse': 2996.0654454077708, 'rmse': 54.736326561140096, 'mae': 43.8457860948098, 'mdae': 37.22641636708984, 'r2': -0.002877785036486058}","{'mse': 2747.200401895838, 'rmse': 52.41374249083763, 'mae': 42.57482340256376, 'mdae': 36.890008468183595, 'r2': -0.0012666813712980396}","{'mse': 2777.3124546841996, 'rmse': 52.70021304211397, 'mae': 42.8173008709724, 'mdae': 36.70566413613281, 'r2': -6.816888161331747e-05}","{'mse': 2754.872190605896, 'rmse': 52.48687636548679, 'mae': 42.72295256250158, 'mdae': 37.467108758496096, 'r2': -0.0008629541819686892}","{'mse': 2875.5000548223347, 'rmse': 53.62368930633489, 'mae': 43.89996006118336, 'mdae': 37.06036833335938, 'r2': -5.088159007460291e-07}",2830.1901094832074,53.19216955318268,43.172164598406184,37.069913212652345,-0.00101521965745337,105.97611176724082,0.9894491577853826,0.6457531220513578,0.29469974148929057,0.001170695394168476
17,39.82108559244479,2024-07-10 18:42:12.139464,2024-07-10 18:42:19.509773,0 days 00:00:07.370309,4.2210960319082025,0.709219838615064,3.201921277932111,2.6132949378227024,0.18242475372996086,2,3,237,COMPLETE,"{'mse': 1635.530179171986, 'rmse': 40.44168862908652, 'mae': 30.928325672675257, 'mdae': 23.915907027246092, 'r2': 0.45253636366241357}","{'mse': 1566.4822264550417, 'rmse': 39.578810321370725, 'mae': 30.90735565514842, 'mdae': 24.254394402812498, 'r2': 0.42906733006177267}","{'mse': 1582.4798077830544, 'rmse': 39.780394766556235, 'mae': 31.20248970786097, 'mdae': 25.995487160405272, 'r2': 0.43017297855970693}","{'mse': 1581.9741030392397, 'rmse': 39.77403805297168, 'mae': 30.87109522190198, 'mdae': 24.96607867057617, 'r2': 0.4252585366368702}","{'mse': 1562.6601292046057, 'rmse': 39.53049619223879, 'mae': 30.68829521110881, 'mdae': 24.33643763418945, 'r2': 0.4565602870741461}",1585.8252891307857,39.82108559244479,30.919512293739093,24.693660979045895,0.4387190991989819,29.186378166238804,0.3647454077356549,0.18446356588669513,0.8207355935040633,0.014633902008665246
18,40.56035353096028,2024-07-10 18:42:19.510772,2024-07-10 18:42:30.344019,0 days 00:00:10.833247,7.783085076350377,0.6640564083643342,5.417611205468261,4.299660058352337,0.19167888492996876,4,2,442,COMPLETE,"{'mse': 1694.1065412349035, 'rmse': 41.15952552247054, 'mae': 31.889959733081927, 'mdae': 25.85063933245605, 'r2': 0.43292900417325575}","{'mse': 1619.314403686321, 'rmse': 40.24070580502187, 'mae': 31.55728100517498, 'mdae': 25.72260897955078, 'r2': 0.40981169121959804}","{'mse': 1646.915649122781, 'rmse': 40.5822085293886, 'mae': 32.048301273634756, 'mdae': 26.95342478253417, 'r2': 0.4069706075948262}","{'mse': 1635.219270782909, 'rmse': 40.437844536806224, 'mae': 31.618819921417792, 'mdae': 25.921292873623045, 'r2': 0.4059142214756929}","{'mse': 1630.6641903676434, 'rmse': 40.38148326111416, 'mae': 31.680171540932836, 'mdae': 25.169319579296882, 'r2': 0.4329108019522315}",1645.2440110389114,40.56035353096028,31.758906694848463,25.923457109492187,0.41770726528312085,29.050612543042202,0.3566028645944009,0.2045730727330455,0.6471483419261257,0.013960127617974561
19,39.63854551753516,2024-07-10 18:42:30.344019,2024-07-10 18:42:38.662075,0 days 00:00:08.318056,9.04164732570101,0.7504178497498635,7.670325785274439,6.3039938943049165,0.1134441512153406,5,4,284,COMPLETE,"{'mse': 1618.0423579169285, 'rmse': 40.22489723935822, 'mae': 30.688707834445797, 'mdae': 23.517491384653326, 'r2': 0.4583900900795944}","{'mse': 1543.8014847604409, 'rmse': 39.291239287663615, 'mae': 30.503034493270217, 'mdae': 24.350272504248046, 'r2': 0.4373337349996581}","{'mse': 1573.295871244754, 'rmse': 39.66479385103059, 'mae': 30.895259146647525, 'mdae': 25.366428612924807, 'r2': 0.43347997507048563}","{'mse': 1567.1919776011155, 'rmse': 39.587775608148476, 'mae': 30.73114684932336, 'mdae': 25.04430066126953, 'r2': 0.4306289787886113}","{'mse': 1554.253479233556, 'rmse': 39.424021601474855, 'mae': 30.42875534049774, 'mdae': 23.918454702929694, 'r2': 0.4594838322274104}",1571.317034151359,39.63854551753516,30.649380732836924,24.439389573205084,0.44386332223315195,28.515163218448937,0.3583702792729618,0.18626681043893709,0.7672239025752398,0.013969829729576841
20,39.63038670951802,2024-07-10 18:42:38.663073,2024-07-10 18:42:44.553014,0 days 00:00:05.889941,6.926677466297347,0.5679252264422305,2.761604930292873,2.394117999785312,0.15571365929331854,7,5,136,COMPLETE,"{'mse': 1605.1765036651848, 'rmse': 40.064654043997244, 'mae': 30.57077070335062, 'mdae': 23.478429764370116, 'r2': 0.46269669807921865}","{'mse': 1553.7947298627314, 'rmse': 39.41820302680897, 'mae': 30.590813802255, 'mdae': 24.699623337109372, 'r2': 0.4336915167789577}","{'mse': 1578.4685341361676, 'rmse': 39.72994505579095, 'mae': 30.936792202832866, 'mdae': 25.49233292591797, 'r2': 0.43161737747282136}","{'mse': 1558.9725846011202, 'rmse': 39.48382687381151, 'mae': 30.59338578937341, 'mdae': 25.047206724541017, 'r2': 0.4336151376338784}","{'mse': 1556.7210569108333, 'rmse': 39.4553045471814, 'mae': 30.373654548184096, 'mdae': 23.461021655527347, 'r2': 0.4586256931608915}",1570.6266818352076,39.63038670951802,30.6130834091992,24.435722881493163,0.44404928462515353,21.608353882676532,0.2718710385123124,0.2029703545220534,0.9255313769333856,0.015255366334203654
21,39.62637648543214,2024-07-10 18:42:44.553014,2024-07-10 18:42:50.283838,0 days 00:00:05.730824,6.795136644437667,0.5736306798333981,2.637734226428301,2.054250832209088,0.15419524391589143,7,5,139,COMPLETE,"{'mse': 1613.1711246648258, 'rmse': 40.16430162052897, 'mae': 30.670391025430703, 'mdae': 23.617364320507818, 'r2': 0.46002064578783264}","{'mse': 1549.2907120444422, 'rmse': 39.361030373256774, 'mae': 30.439679642181304, 'mdae': 24.1833108549707, 'r2': 0.4353330872194118}","{'mse': 1574.9383603786644, 'rmse': 39.68549307213738, 'mae': 30.812637584412073, 'mdae': 25.29466669412109, 'r2': 0.43288853959919493}","{'mse': 1561.8967840539683, 'rmse': 39.52083987030094, 'mae': 30.71333009986382, 'mdae': 24.626641694931642, 'r2': 0.4325527569858849}","{'mse': 1552.3771383331089, 'rmse': 39.40021749093663, 'mae': 30.369838399199203, 'mdae': 23.571843562207036, 'r2': 0.4601363593772577}",1570.3348238950018,39.62637648543214,30.60117535021742,24.258765425347658,0.4441862777939164,25.945494996611583,0.32617198261184605,0.18820429237570763,0.7241158063304789,0.014547241923624821
22,40.14310538500682,2024-07-10 18:42:50.284842,2024-07-10 18:42:55.284993,0 days 00:00:05.000151,7.018281193973781,0.6114531591706283,4.445430201557547,4.130565941746692,0.06680293643459219,8,5,92,COMPLETE,"{'mse': 1636.744320820371, 'rmse': 40.45669685998069, 'mae': 31.012595807756746, 'mdae': 24.210641406376954, 'r2': 0.45212995208388174}","{'mse': 1590.7674483015994, 'rmse': 39.88442613729824, 'mae': 31.016743573660822, 'mdae': 25.61650960722656, 'r2': 0.4202161434254107}","{'mse': 1619.4713790644662, 'rmse': 40.242656212835485, 'mae': 31.51139464751807, 'mdae': 26.201886476689456, 'r2': 0.4168528737608892}","{'mse': 1611.518737387923, 'rmse': 40.14372600280053, 'mae': 31.3126424304015, 'mdae': 25.416396490624997, 'r2': 0.414524779145222}","{'mse': 1599.0418804489136, 'rmse': 39.98802171211916, 'mae': 30.961124527579095, 'mdae': 25.186530731464842, 'r2': 0.44390795910951697}",1611.5087532046548,40.14310538500682,31.162900197383248,25.32639294247656,0.4295263415049842,17.929459198090658,0.2231682462042407,0.23902808791432512,0.7285636853891491,0.0172488954885581
23,39.620581279867686,2024-07-10 18:42:55.286500,2024-07-10 18:43:02.101851,0 days 00:00:06.815351,8.827455723167212,0.6715039305371111,6.271918276179958,2.0060183990757876,0.14347414518867813,8,4,204,COMPLETE,"{'mse': 1621.7206105475138, 'rmse': 40.27059237889994, 'mae': 30.795301130673327, 'mdae': 24.172197720014655, 'r2': 0.45715886268547323}","{'mse': 1553.0731368776092, 'rmse': 39.409048921251696, 'mae': 30.5829301845851, 'mdae': 24.551354545415037, 'r2': 0.43395451434295607}","{'mse': 1565.8196072448504, 'rmse': 39.57043855259694, 'mae': 30.844434866474952, 'mdae': 24.92456475546875, 'r2': 0.4361720645528371}","{'mse': 1547.8637622873132, 'rmse': 39.34289976968288, 'mae': 30.53663071122339, 'mdae': 25.188104066777342, 'r2': 0.43765104490986495}","{'mse': 1561.0343139165489, 'rmse': 39.50992677690695, 'mae': 30.49922259055323, 'mdae': 24.36450792460937, 'r2': 0.45712568998991754}",1569.902286174767,39.620581279867686,30.651703896701996,24.64014580245703,0.44441243529620983,29.788272613649575,0.37387367546703343,0.15731147648312765,0.41351781556607903,0.011694939896234397
24,39.78817620144158,2024-07-10 18:43:02.101851,2024-07-10 18:43:08.951192,0 days 00:00:06.849341,9.01149302745724,0.6803222620640019,6.401787555431159,3.3009004389731835,0.21007903927564528,8,3,211,COMPLETE,"{'mse': 1630.9510139650174, 'rmse': 40.38503452969945, 'mae': 30.92641155924151, 'mdae': 23.883172104140623, 'r2': 0.4540691549661282}","{'mse': 1566.8951915127448, 'rmse': 39.58402697443433, 'mae': 30.9046982970079, 'mdae': 24.931092174916994, 'r2': 0.42891681750631316}","{'mse': 1589.4178447939757, 'rmse': 39.86750361878676, 'mae': 31.20370964990691, 'mdae': 26.079891687890626, 'r2': 0.4276746964678082}","{'mse': 1569.493993707332, 'rmse': 39.616839774360244, 'mae': 30.702925426066837, 'mdae': 24.97428277227539, 'r2': 0.4297926413902743}","{'mse': 1559.2607695320635, 'rmse': 39.4874761099271, 'mae': 30.604983803532203, 'mdae': 24.45323604394531, 'r2': 0.4577424680295906}",1583.2037627022266,39.78817620144158,30.868545747151074,24.86433495663379,0.43963915567202294,28.920619813021485,0.3619344990198197,0.23123866980933422,0.8102169577321949,0.014925024800928947
25,39.57615511571101,2024-07-10 18:43:08.952190,2024-07-10 18:43:18.295680,0 days 00:00:09.343490,8.052725906455143,0.7305883778847562,7.796202144069653,4.497822399568222,0.12425215415615116,9,4,319,COMPLETE,"{'mse': 1617.3956000438077, 'rmse': 40.216857162684995, 'mae': 30.671452064496716, 'mdae': 23.392163574638673, 'r2': 0.4586065803783108}","{'mse': 1548.676594903953, 'rmse': 39.353228519448734, 'mae': 30.59116422658358, 'mdae': 24.381321382412104, 'r2': 0.4355569132754965}","{'mse': 1574.2918709655244, 'rmse': 39.67734707569956, 'mae': 30.86440359672738, 'mdae': 24.807574037539066, 'r2': 0.4331213306495897}","{'mse': 1551.133293080758, 'rmse': 39.3844295766837, 'mae': 30.50798758786815, 'mdae': 24.633461179189453, 'r2': 0.43646320314360276}","{'mse': 1540.4771908380249, 'rmse': 39.24891324403804, 'mae': 30.286660284379533, 'mdae': 23.571620306132814, 'r2': 0.4642747538558145}",1566.3949099664137,39.57615511571101,30.58433355201107,24.157228095982422,0.44560455626056295,31.152913928022354,0.3918804403052675,0.2124344627076623,0.638009756903139,0.014645641821229669
26,39.60011023669372,2024-07-10 18:43:18.296680,2024-07-10 18:43:27.482135,0 days 00:00:09.185455,9.19603310407603,0.7519309382108817,8.097309804890712,5.872694181039123,0.12345985233337983,9,4,337,COMPLETE,"{'mse': 1623.420219274497, 'rmse': 40.29168920850176, 'mae': 30.741819354546912, 'mdae': 23.585104562529303, 'r2': 0.45658994993419866}","{'mse': 1539.5269312779294, 'rmse': 39.23680582409747, 'mae': 30.484257084515438, 'mdae': 24.215509401953124, 'r2': 0.4388916730287967}","{'mse': 1573.1305797961163, 'rmse': 39.66271019227148, 'mae': 30.831027165565676, 'mdae': 24.934637298129882, 'r2': 0.433539494018774}","{'mse': 1551.003598460473, 'rmse': 39.38278302076268, 'mae': 30.54954094098642, 'mdae': 24.977736086484374, 'r2': 0.43651032204125695}","{'mse': 1554.453865091082, 'rmse': 39.42656293783522, 'mae': 30.40150513440671, 'mdae': 24.141229513808597, 'r2': 0.45941414488410826}",1568.3070387800194,39.60011023669372,30.60162993600423,24.370843372581056,0.44498911678142694,33.09208088097006,0.4157944530121591,0.1794545540553536,0.5874561687623284,0.012070867901388418
27,39.711671266152514,2024-07-10 18:43:27.483135,2024-07-10 18:43:37.993385,0 days 00:00:10.510250,9.410436820019205,0.739013540248122,8.440455048363278,7.661016752501415,0.1194506007192285,9,3,394,COMPLETE,"{'mse': 1621.8898282521088, 'rmse': 40.27269333248161, 'mae': 30.73219093263534, 'mdae': 23.45030614130859, 'r2': 0.45710222017219526}","{'mse': 1556.7728042699594, 'rmse': 39.45596031362004, 'mae': 30.676810927257563, 'mdae': 24.748579649018556, 'r2': 0.43260610390680454}","{'mse': 1577.8814146430104, 'rmse': 39.72255548983487, 'mae': 31.030511267687004, 'mdae': 25.968938499274902, 'r2': 0.43182879031383836}","{'mse': 1569.946448042383, 'rmse': 39.622549741812215, 'mae': 30.698600842803923, 'mdae': 24.360472579619138, 'r2': 0.4296282617925725}","{'mse': 1559.0334360265465, 'rmse': 39.48459745301383, 'mae': 30.545690592457795, 'mdae': 24.261981361132825, 'r2': 0.4578215268426157}",1577.1047862468015,39.711671266152514,30.736760912568325,24.558055646070805,0.4417973806056053,26.445737533776217,0.3315710629685887,0.1787933267345727,0.919333703942083,0.014343562922343315
28,41.32971197696362,2024-07-10 18:43:37.994393,2024-07-10 18:43:46.513566,0 days 00:00:08.519173,4.735160224454391,0.8546005312408889,7.72267097741285,5.793574662990938,0.08535724325171413,10,2,327,COMPLETE,"{'mse': 1754.4698848510895, 'rmse': 41.886392597729035, 'mae': 32.60999378173278, 'mdae': 26.67213513774414, 'r2': 0.41272348548674476}","{'mse': 1681.012025533789, 'rmse': 41.0001466525888, 'mae': 32.279953461062334, 'mdae': 26.407606147421877, 'r2': 0.3873248813628857}","{'mse': 1703.1104443186123, 'rmse': 41.268758696120386, 'mae': 32.8435639553744, 'mdae': 27.268733481997074, 'r2': 0.386735712584224}","{'mse': 1704.5387125188572, 'rmse': 41.28605954216093, 'mae': 32.42413663662343, 'mdae': 27.193782532851564, 'r2': 0.380730018203153}","{'mse': 1698.0335293229532, 'rmse': 41.20720239621895, 'mae': 32.560689652945904, 'mdae': 26.952084005273434, 'r2': 0.4094820514916223}",1708.2329193090602,41.32971197696362,32.54366749754777,26.89886826105762,0.39539922982572595,27.489764051300313,0.3313367061804492,0.2112223561308701,0.3603307502497292,0.01461072469115396
29,39.90068144144122,2024-07-10 18:43:46.514573,2024-07-10 18:43:56.969453,0 days 00:00:10.454880,7.585423201803664,0.7873488617729952,8.80550355285542,4.671511303913993,0.03494482102655523,10,4,379,COMPLETE,"{'mse': 1626.3818908200315, 'rmse': 40.328425345158614, 'mae': 30.90309400716429, 'mdae': 24.08919734368652, 'r2': 0.455598584874352}","{'mse': 1572.5236881585029, 'rmse': 39.655058796558386, 'mae': 30.878031719627206, 'mdae': 24.903484058139647, 'r2': 0.42686541049802995}","{'mse': 1591.184399465732, 'rmse': 39.88965278697888, 'mae': 31.122381507925837, 'mdae': 25.42238311738281, 'r2': 0.4270385868745814}","{'mse': 1586.6425778057824, 'rmse': 39.83268228233924, 'mae': 31.036346288663896, 'mdae': 25.69113704892578, 'r2': 0.42356244944186383}","{'mse': 1583.8480103129739, 'rmse': 39.797587996170996, 'mae': 30.79624208027475, 'mdae': 24.320431964257807, 'r2': 0.44919186715234294}",1592.1161133126045,39.90068144144122,30.947219120731198,24.885326706478516,0.436451379768234,20.35433516758137,0.25429761410704604,0.13053112925202234,0.6875713813844916,0.014794859614292631
30,53.19216955318268,2024-07-10 18:43:56.970454,2024-07-10 18:44:07.080040,0 days 00:00:10.109586,6.133167439906148,0.7407527995752111,9.851536001104442,8.050683058173334,0.10749466021666701,3,1,425,COMPLETE,"{'mse': 2996.0654454077708, 'rmse': 54.736326561140096, 'mae': 43.8457860948098, 'mdae': 37.22641636708984, 'r2': -0.002877785036486058}","{'mse': 2747.200401895838, 'rmse': 52.41374249083763, 'mae': 42.57482340256376, 'mdae': 36.890008468183595, 'r2': -0.0012666813712980396}","{'mse': 2777.3124546841996, 'rmse': 52.70021304211397, 'mae': 42.8173008709724, 'mdae': 36.70566413613281, 'r2': -6.816888161331747e-05}","{'mse': 2754.872190605896, 'rmse': 52.48687636548679, 'mae': 42.72295256250158, 'mdae': 37.467108758496096, 'r2': -0.0008629541819686892}","{'mse': 2875.5000548223347, 'rmse': 53.62368930633489, 'mae': 43.89996006118336, 'mdae': 37.06036833335938, 'r2': -5.088159007460291e-07}",2830.1901094832074,53.19216955318268,43.172164598406184,37.069913212652345,-0.00101521965745337,105.97611176724082,0.9894491577853826,0.6457531220513578,0.29469974148929057,0.001170695394168476
31,39.62348779683289,2024-07-10 18:44:07.081040,2024-07-10 18:44:16.027437,0 days 00:00:08.946397,8.739145473725237,0.6391000503281955,7.053370701244227,5.802712953195086,0.13978909537845405,9,4,324,COMPLETE,"{'mse': 1620.5624015970545, 'rmse': 40.25620947875066, 'mae': 30.71571485709769, 'mdae': 23.843633473657228, 'r2': 0.45754655182244663}","{'mse': 1547.0475166829447, 'rmse': 39.332524921277866, 'mae': 30.54444338827812, 'mdae': 24.50113182395508, 'r2': 0.43615066018340964}","{'mse': 1576.6066446040893, 'rmse': 39.70650632584148, 'mae': 30.827491102488754, 'mdae': 25.52318181272949, 'r2': 0.43228781570596464}","{'mse': 1564.6398397419737, 'rmse': 39.55552856102385, 'mae': 30.683363931773886, 'mdae': 24.992285748188475, 'r2': 0.43155618704382215}","{'mse': 1541.8713491145488, 'rmse': 39.26666969727059, 'mae': 30.242694880427806, 'mdae': 23.39424103123047, 'r2': 0.46378991332049413}",1570.1455503481222,39.62348779683289,30.60274163201325,24.45089477795215,0.4442662256152275,31.412048216864157,0.39491322204563223,0.2251708117371813,0.855965954426787,0.015235084775789616
32,39.706479515378696,2024-07-10 18:44:16.027437,2024-07-10 18:44:23.970950,0 days 00:00:07.943513,9.343756809837656,0.718302845264531,8.174566475547984,1.7104742927457217,0.07787838528190981,8,4,265,COMPLETE,"{'mse': 1618.4189325362709, 'rmse': 40.229577831941896, 'mae': 30.780372288645218, 'mdae': 24.01457772060547, 'r2': 0.45826403865414045}","{'mse': 1557.5763214934925, 'rmse': 39.46614145686772, 'mae': 30.671922483414438, 'mdae': 24.67336814005371, 'r2': 0.4323132475781303}","{'mse': 1578.4212363060037, 'rmse': 39.72934980975656, 'mae': 31.042689330957614, 'mdae': 25.72278620614258, 'r2': 0.43163440870541614}","{'mse': 1568.518846207518, 'rmse': 39.604530627284525, 'mae': 30.756627838531315, 'mdae': 25.12873319664063, 'r2': 0.4301469188085717}","{'mse': 1560.471038060349, 'rmse': 39.502797851042764, 'mae': 30.48085028291531, 'mdae': 23.837385707421873, 'r2': 0.4573215780553199}",1576.681274920727,39.706479515378696,30.746492444892777,24.675370194172853,0.44193603836031564,24.695423644266544,0.309756790763053,0.2031684047202889,0.7812629223757622,0.01450020207696623
33,39.72542647725872,2024-07-10 18:44:23.971949,2024-07-10 18:44:33.887056,0 days 00:00:09.915107,8.004041767341057,0.8146148181751853,4.655011531574966,7.310761427639846,0.12707095435090168,8,3,351,COMPLETE,"{'mse': 1624.9704762361832, 'rmse': 40.310922542608516, 'mae': 30.845423399163337, 'mdae': 23.988289782094725, 'r2': 0.45607102993852355}","{'mse': 1558.5461634701198, 'rmse': 39.478426557679825, 'mae': 30.76223620208651, 'mdae': 24.354902667968748, 'r2': 0.4319597711966031}","{'mse': 1575.8989607302635, 'rmse': 39.69759389094336, 'mae': 31.029674856519392, 'mdae': 25.602584452480468, 'r2': 0.4325426419552224}","{'mse': 1573.6520162991999, 'rmse': 39.6692830323312, 'mae': 30.801848083014743, 'mdae': 25.07842147448242, 'r2': 0.4282820047846839}","{'mse': 1557.9524490954536, 'rmse': 39.47090636273069, 'mae': 30.589234843687464, 'mdae': 24.069207105175792, 'r2': 0.4581974571018773}",1578.204013166244,39.72542647725872,30.80568347689429,24.61868109644043,0.44141058099538205,27.43033408596642,0.34370111680818244,0.15851166070658945,0.697911341940154,0.014465870476937023
34,39.65061981288483,2024-07-10 18:44:33.888057,2024-07-10 18:44:42.454076,0 days 00:00:08.566019,9.955233805748943,0.7782767940886001,6.610778968175074,1.666451345736867,0.09895439492022057,9,4,298,COMPLETE,"{'mse': 1614.2872193470785, 'rmse': 40.17819333104811, 'mae': 30.729080198512, 'mdae': 23.961185322841793, 'r2': 0.4596470536273062}","{'mse': 1552.1385773561647, 'rmse': 39.397189967765016, 'mae': 30.652453213616862, 'mdae': 24.80172830664063, 'r2': 0.4342951313980261}","{'mse': 1569.0318543667297, 'rmse': 39.61100673255768, 'mae': 30.859111904373556, 'mdae': 24.904736632958986, 'r2': 0.4350153829948241}","{'mse': 1567.6691199658399, 'rmse': 39.593801534657416, 'mae': 30.724853014489103, 'mdae': 25.009577189570315, 'r2': 0.4304556298694303}","{'mse': 1558.1104263769225, 'rmse': 39.47290749839594, 'mae': 30.45625140966633, 'mdae': 23.850973384951175, 'r2': 0.45814251800994954}",1572.247439482547,39.65061981288483,30.68434994813157,24.505640167392578,0.4435111431799073,24.509516334777214,0.30779038445805995,0.14767310177861204,0.5536059905608269,0.014159837370799224
35,39.65190127597492,2024-07-10 18:44:42.455074,2024-07-10 18:44:50.467280,0 days 00:00:08.012206,7.434603758507258,0.6654509623961362,8.090301010594526,0.05458575377312869,0.14074142883162893,10,5,250,COMPLETE,"{'mse': 1633.4207404864874, 'rmse': 40.415600211879664, 'mae': 30.982883381730545, 'mdae': 24.144903649521485, 'r2': 0.4532424594520853}","{'mse': 1548.939152449516, 'rmse': 39.356564286653835, 'mae': 30.436400926292993, 'mdae': 23.9119957075, 'r2': 0.43546121944765137}","{'mse': 1576.6312335954433, 'rmse': 39.70681595891873, 'mae': 30.95878591483285, 'mdae': 25.3115935733789, 'r2': 0.43227896158243373}","{'mse': 1553.2386144527102, 'rmse': 39.41114835237246, 'mae': 30.50657965696886, 'mdae': 24.773091903906256, 'r2': 0.4356983262193592}","{'mse': 1549.9478902531491, 'rmse': 39.36937757004991, 'mae': 30.408614475524764, 'mdae': 23.541599067773433, 'r2': 0.4609811687216101}",1572.4355262474612,39.65190127597492,30.65865287107,24.33663678041601,0.4435324270846279,35.92734019048281,0.45034909764504705,0.28733545580583947,0.7053723168971099,0.012766179226639158
36,40.46640044218586,2024-07-10 18:44:50.468280,2024-07-10 18:45:01.410904,0 days 00:00:10.942624,8.671693962682525,0.7382164942767874,7.130834372514281,4.532735364285546,0.1714879273355306,9,0,202,COMPLETE,"{'mse': 1755.3568081145427, 'rmse': 41.89697850817577, 'mae': 31.27227073693194, 'mdae': 23.461168406176757, 'r2': 0.41242660424227373}","{'mse': 1610.5713940572805, 'rmse': 40.1319248735627, 'mae': 30.376667554843706, 'mdae': 22.51257146881836, 'r2': 0.4129982385972213}","{'mse': 1627.6890816783136, 'rmse': 40.34462890743096, 'mae': 30.361789493535195, 'mdae': 23.279367992373047, 'r2': 0.41389380345838034}","{'mse': 1614.8103056323334, 'rmse': 40.18470238327433, 'mae': 30.25182952697021, 'mdae': 22.923332258417965, 'r2': 0.4133289310299352}","{'mse': 1581.9525842054868, 'rmse': 39.77376753848555, 'mae': 29.77884149065909, 'mdae': 21.414378899160155, 'r2': 0.4498510314840324}",1638.0760347375915,40.46640044218586,30.408279760588027,22.718163804989253,0.4204997217623686,67.657796496659,0.8264910694098014,0.540904403507814,0.8141288842937016,0.016416495171888902
37,40.19400885325879,2024-07-10 18:45:01.411906,2024-07-10 18:45:10.995753,0 days 00:00:09.583847,1.9225117429339669,0.8248562776137861,4.0625526173789295,1.1525657278726702,0.06190419157973954,8,3,346,COMPLETE,"{'mse': 1659.2941571198537, 'rmse': 40.734434537868005, 'mae': 31.369154462952864, 'mdae': 24.761974921621096, 'r2': 0.44458180926356283}","{'mse': 1594.1294057452262, 'rmse': 39.92655013578341, 'mae': 31.238864765021024, 'mdae': 25.311348109790035, 'r2': 0.41899081746441835}","{'mse': 1610.5097034819698, 'rmse': 40.1311562689386, 'mae': 31.66420841065265, 'mdae': 26.184719147167968, 'r2': 0.42007983746631694}","{'mse': 1612.9976560042498, 'rmse': 40.16214207439949, 'mae': 31.329031389252204, 'mdae': 25.41435490730469, 'r2': 0.41398747840931893}","{'mse': 1601.2611483613332, 'rmse': 40.01576124930442, 'mae': 31.271588141778906, 'mdae': 24.969667001367185, 'r2': 0.44313617368113667}",1615.6384141425265,40.19400885325879,31.374569433931526,25.328412817450197,0.4281552232569507,25.536466009734205,0.31635906554300897,0.16956906849238945,0.5455474836710298,0.01452742911452255
38,43.09460698679926,2024-07-10 18:45:10.996754,2024-07-10 18:45:14.752634,0 days 00:00:03.755880,6.2233120580358285,0.61828148003875,6.018822524978409,5.506632765727676,0.0872267204517646,5,2,55,COMPLETE,"{'mse': 1916.6828082052623, 'rmse': 43.77993613751923, 'mae': 34.492707794499005, 'mdae': 28.73974141727539, 'r2': 0.35842569385236167}","{'mse': 1824.800042230335, 'rmse': 42.71767833380385, 'mae': 34.03538311823953, 'mdae': 29.641443774316407, 'r2': 0.3349187481228941}","{'mse': 1832.9526063119079, 'rmse': 42.81299576427592, 'mae': 34.43104521302354, 'mdae': 29.206520837666016, 'r2': 0.33998151574574487}","{'mse': 1856.6707347077297, 'rmse': 43.0891022731703, 'mae': 34.20353030438968, 'mdae': 28.62396981435547, 'r2': 0.3254594667514926}","{'mse': 1855.3111047475645, 'rmse': 43.07332242522702, 'mae': 34.44768749679564, 'mdae': 29.936419041152345, 'r2': 0.35478629337950496}",1857.2834592405602,43.09460698679926,34.32207078538947,29.229618976953123,0.34271434357039965,35.98510475156881,0.4157942608310138,0.1955847879258871,0.5649093843584365,0.013770883506624558
39,39.764960513646145,2024-07-10 18:45:14.753634,2024-07-10 18:45:24.280819,0 days 00:00:09.527185,9.165896718462088,0.9899226356996809,8.884506285774311,2.0256805387232433,0.20158674501714924,10,5,303,COMPLETE,"{'mse': 1639.4374041993403, 'rmse': 40.48996671027701, 'mae': 30.901799645529717, 'mdae': 23.896297655400392, 'r2': 0.45122849197119996}","{'mse': 1569.0530688788533, 'rmse': 39.61127451722367, 'mae': 30.67409794377487, 'mdae': 23.79249806443359, 'r2': 0.42813034022286534}","{'mse': 1570.2782994805498, 'rmse': 39.62673717934079, 'mae': 30.632798063675853, 'mdae': 24.16441785455078, 'r2': 0.4345665569794124}","{'mse': 1575.1512159270426, 'rmse': 39.68817476184868, 'mae': 30.677389560005036, 'mdae': 24.338304858129884, 'r2': 0.4277373358256129}","{'mse': 1553.0416474959102, 'rmse': 39.40864939954058, 'mae': 30.31027738456823, 'mdae': 22.95344164732421, 'r2': 0.45990526583239766}",1581.3923271963392,39.764960513646145,30.63927251951074,23.828992015967774,0.44031359816629767,33.49523242765069,0.41869222661468825,0.21205301709784885,0.5348739033665436,0.014513708861735608
40,41.09579517423261,2024-07-10 18:45:24.281819,2024-07-10 18:45:34.075839,0 days 00:00:09.794020,7.419119219831517,0.7615779784166038,4.950953899576229,3.8914052573901823,0.2722557810611766,9,0,157,COMPLETE,"{'mse': 1787.7741760764177, 'rmse': 42.28207866314543, 'mae': 31.771401791080084, 'mdae': 24.255000766308594, 'r2': 0.40157548674477417}","{'mse': 1672.7274868757968, 'rmse': 40.898991269660876, 'mae': 31.109774541904454, 'mdae': 23.65051290856445, 'r2': 0.390344330735074}","{'mse': 1707.245918336893, 'rmse': 41.318832490002585, 'mae': 31.478493591381728, 'mdae': 24.54555868097168, 'r2': 0.38524659099765424}","{'mse': 1618.4027300211933, 'rmse': 40.22937645578406, 'mae': 30.136423299967717, 'mdae': 22.79512692753906, 'r2': 0.41202377992391637}","{'mse': 1660.537804986278, 'rmse': 40.749696992570115, 'mae': 30.4544164872541, 'mdae': 22.246105290224612, 'r2': 0.4225217811734959}",1689.3376232593157,41.09579517423261,30.99010194231762,23.498460914721683,0.40234239391498294,63.53649975612957,0.769124710982528,0.6853837463083478,0.9688858802372053,0.01531131158039667
41,39.50590007801408,2024-07-10 18:45:34.076839,2024-07-10 18:45:42.969759,0 days 00:00:08.892920,8.596703419041763,0.6448114011900012,7.001493684622459,5.896462276910436,0.14481006362483884,9,4,318,COMPLETE,"{'mse': 1618.7277821644313, 'rmse': 40.233416237804505, 'mae': 30.69279629703061, 'mdae': 23.527646703950193, 'r2': 0.4581606569234531}","{'mse': 1536.3590390965385, 'rmse': 39.19641615118069, 'mae': 30.482541091876314, 'mdae': 24.114631035620114, 'r2': 0.44004626840859296}","{'mse': 1563.0456633622202, 'rmse': 39.53537230585062, 'mae': 30.735700240620023, 'mdae': 25.200959973632813, 'r2': 0.4371709197499193}","{'mse': 1554.5767320067189, 'rmse': 39.42812108136424, 'mae': 30.537799161353238, 'mdae': 24.81909434613281, 'r2': 0.435212179423615}","{'mse': 1531.640163407346, 'rmse': 39.1361746138703, 'mae': 30.185917681031633, 'mdae': 23.703667554394542, 'r2': 0.4673479695604287}",1560.869876007451,39.50590007801408,30.52695089438236,24.273199922746095,0.4475875988132018,34.81031543111593,0.43837061007047956,0.21764337527101094,0.7183488438995832,0.014324731078781874
42,39.54367620472463,2024-07-10 18:45:42.970759,2024-07-10 18:45:50.956553,0 days 00:00:07.985794,8.615561198902284,0.6495861090334532,6.41370652732902,6.179017018637952,0.14595180001167052,9,4,268,COMPLETE,"{'mse': 1610.9366312260377, 'rmse': 40.13647507225862, 'mae': 30.639317718322328, 'mdae': 23.15055471745117, 'r2': 0.46076860135536046}","{'mse': 1541.496732833962, 'rmse': 39.26189925148759, 'mae': 30.541653194990836, 'mdae': 24.546411042641605, 'r2': 0.43817374336279646}","{'mse': 1574.0978017617163, 'rmse': 39.674901408342734, 'mae': 30.85690795933404, 'mdae': 24.895308437841805, 'r2': 0.4331912120318452}","{'mse': 1560.6290740051, 'rmse': 39.50479811371145, 'mae': 30.641562488029887, 'mdae': 25.172424028808592, 'r2': 0.4330133242778571}","{'mse': 1531.9636459743263, 'rmse': 39.14030717782279, 'mae': 30.089911440341222, 'mdae': 23.41789597500977, 'r2': 0.4672354733944033}",1563.8247771602285,39.54367620472463,30.55387056020366,24.23651884035059,0.4464764708844525,31.01994354652168,0.39123103168534157,0.2838265690630523,0.9021386956102628,0.01629333362326389
43,39.570789259768844,2024-07-10 18:45:50.957553,2024-07-10 18:45:59.138321,0 days 00:00:08.180768,9.507276800222522,0.5887519539837156,7.952724307430435,6.312634322050165,0.11895312737770584,9,4,278,COMPLETE,"{'mse': 1609.626402822211, 'rmse': 40.12014958623922, 'mae': 30.630041980880858, 'mdae': 23.172113954843745, 'r2': 0.4612071762074337}","{'mse': 1546.6289009766106, 'rmse': 39.32720306577383, 'mae': 30.603212774167197, 'mdae': 24.770679125546877, 'r2': 0.43630323221956746}","{'mse': 1562.7771970015842, 'rmse': 39.5319768921513, 'mae': 30.82237866214125, 'mdae': 25.2500153027539, 'r2': 0.43726759042204144}","{'mse': 1563.9329324518837, 'rmse': 39.546591919555894, 'mae': 30.64292966551287, 'mdae': 25.00293768652343, 'r2': 0.4318130110522479}","{'mse': 1546.6935374321288, 'rmse': 39.32802483512398, 'mae': 30.36560759036304, 'mdae': 23.653561549023436, 'r2': 0.4621129212567663}",1565.9317941368838,39.570789259768844,30.612834134613042,24.36986152373828,0.44574078623161134,25.816070405275916,0.32486823453179753,0.1630370316285277,0.9060623247176627,0.014680781813058985
44,39.598764132433416,2024-07-10 18:45:59.139321,2024-07-10 18:46:07.099519,0 days 00:00:07.960198,8.230446427962608,0.5466129731453482,6.934193233205175,6.834680117934845,0.16679087971373077,10,4,275,COMPLETE,"{'mse': 1629.247675472181, 'rmse': 40.36394028674828, 'mae': 30.837451487680607, 'mdae': 24.25459116294922, 'r2': 0.4546393161879003}","{'mse': 1539.256941235056, 'rmse': 39.233365153081834, 'mae': 30.481916426325785, 'mdae': 24.327900526513673, 'r2': 0.438990075764194}","{'mse': 1554.4529713595837, 'rmse': 39.426551603704624, 'mae': 30.785762296115767, 'mdae': 25.202608248730463, 'r2': 0.44026501805432405}","{'mse': 1566.777844040535, 'rmse': 39.582544688796034, 'mae': 30.70613235279482, 'mdae': 25.003401940600586, 'r2': 0.4307794362001319}","{'mse': 1551.3687699544287, 'rmse': 39.38741892983632, 'mae': 30.30846363229278, 'mdae': 23.19869440734375, 'r2': 0.46048703538926583}",1568.2208404123571,39.598764132433416,30.62394523904195,24.39743925722754,0.44503217631916325,35.49229067161703,0.44542058251363464,0.222612459036669,0.7870384848833072,0.012181165618211979
45,39.54857275377662,2024-07-10 18:46:07.099519,2024-07-10 18:46:16.443536,0 days 00:00:09.344017,9.587914788578141,0.5935236375959119,5.4833355456743025,8.654924930523366,0.10719250523544245,6,5,309,COMPLETE,"{'mse': 1604.0513622168758, 'rmse': 40.05061001054635, 'mae': 30.510056869700584, 'mdae': 23.5380532928418, 'r2': 0.4630733184782365}","{'mse': 1537.3854878376512, 'rmse': 39.20950762044394, 'mae': 30.405371234847998, 'mdae': 24.310335144091802, 'r2': 0.4396721606718941}","{'mse': 1570.2606698566717, 'rmse': 39.626514732646775, 'mae': 30.73902673958564, 'mdae': 24.731540416518556, 'r2': 0.43457290514007396}","{'mse': 1564.2106142273492, 'rmse': 39.55010258175507, 'mae': 30.64172810645847, 'mdae': 24.816947328227542, 'r2': 0.4317121274602387}","{'mse': 1544.9717630888679, 'rmse': 39.30612882349097, 'mae': 30.33229425911533, 'mdae': 23.958937098564448, 'r2': 0.46271169544786384}",1564.1759794454833,39.54857275377662,30.525695441941604,24.27116265604883,0.4463484414396614,26.04612818920598,0.32858139159231836,0.1666585724335958,0.5353263517958166,0.01536989964695294
46,39.62202549050669,2024-07-10 18:46:16.444533,2024-07-10 18:46:27.290723,0 days 00:00:10.846190,9.688474749264383,0.5923330218382806,5.624478986539984,8.678286520236243,0.10454130738432448,6,5,372,COMPLETE,"{'mse': 1618.4128616985909, 'rmse': 40.22950237945519, 'mae': 30.634092472381724, 'mdae': 23.597336886450194, 'r2': 0.4582660707553601}","{'mse': 1543.4690621156892, 'rmse': 39.287008821182724, 'mae': 30.50409651182737, 'mdae': 24.05343720092285, 'r2': 0.43745489242162605}","{'mse': 1573.9899485712874, 'rmse': 39.673542173232875, 'mae': 30.782196619875492, 'mdae': 24.837462242270504, 'r2': 0.4332300483329169}","{'mse': 1561.8459030580811, 'rmse': 39.52019614144243, 'mae': 30.573102422627187, 'mdae': 24.60348154082031, 'r2': 0.43257124238206013}","{'mse': 1552.3503814678543, 'rmse': 39.39987793722024, 'mae': 30.379247010196117, 'mdae': 23.597654660917968, 'r2': 0.4601456644992743}",1570.0136313823007,39.62202549050669,30.57454700738158,24.137874506276365,0.44433358367824755,29.332630868476137,0.3686587377550511,0.1498094389721016,0.569508772819166,0.01372127599188131
47,39.54806587773605,2024-07-10 18:46:27.291722,2024-07-10 18:46:35.403027,0 days 00:00:08.111305,9.523379545881076,0.6368221516564962,5.209579953143055,9.71249440537346,0.15384337369264228,3,5,247,COMPLETE,"{'mse': 1601.8064507199888, 'rmse': 40.0225742640324, 'mae': 30.520736334170568, 'mdae': 23.385922583330075, 'r2': 0.46382476129903727}","{'mse': 1536.6607131016826, 'rmse': 39.200264196835235, 'mae': 30.40861381514977, 'mdae': 23.97740403978027, 'r2': 0.43993631788231236}","{'mse': 1571.735362024722, 'rmse': 39.64511775773559, 'mae': 30.8169809259356, 'mdae': 25.161422800561525, 'r2': 0.43404189081589206}","{'mse': 1569.6844122453579, 'rmse': 39.61924295396566, 'mae': 30.679182395204744, 'mdae': 24.502274975117185, 'r2': 0.4297234610990255}","{'mse': 1540.8082317629953, 'rmse': 39.253130216111366, 'mae': 30.120294284618378, 'mdae': 23.430763748447266, 'r2': 0.46415962915155506}",1564.1390339709492,39.54806587773605,30.509161551015815,24.091557629447262,0.44633721204956445,26.4890267569124,0.3345132680451665,0.2669838144452794,0.751814577523474,0.01651980645419428
48,39.55872086114018,2024-07-10 18:46:35.404027,2024-07-10 18:46:43.626499,0 days 00:00:08.222472,8.54766856841596,0.6412188486287284,3.92668423100056,9.169453061214034,0.14955441500378258,3,5,247,COMPLETE,"{'mse': 1606.9385246422212, 'rmse': 40.08663773182057, 'mae': 30.552538576901267, 'mdae': 23.765407645986325, 'r2': 0.4621068939755244}","{'mse': 1528.8356822712003, 'rmse': 39.10032841641104, 'mae': 30.304120074514596, 'mdae': 24.139243710634766, 'r2': 0.442788291348048}","{'mse': 1576.9205966779389, 'rmse': 39.71045953748129, 'mae': 30.7908924816419, 'mdae': 24.90122596187988, 'r2': 0.4321747663171277}","{'mse': 1562.943359063074, 'rmse': 39.53407845217938, 'mae': 30.580434200186996, 'mdae': 25.031108069472655, 'r2': 0.43217252948968443}","{'mse': 1549.3749296205995, 'rmse': 39.36210016780862, 'mae': 30.206037499495462, 'mdae': 23.490053649160153, 'r2': 0.46118042482077815}",1565.0026184550068,39.55872086114018,30.486804566548045,24.265407807426755,0.4460845811902326,29.398855900940188,0.37118439723305513,0.23332418332088858,0.6814787649535464,0.014853389015255682
49,39.622174251685166,2024-07-10 18:46:43.627499,2024-07-10 18:46:52.266303,0 days 00:00:08.638804,9.98976454690277,0.5188233078929053,5.114390256084162,9.934822022149358,0.18903174028125322,2,5,309,COMPLETE,"{'mse': 1611.5125429702016, 'rmse': 40.14364884972717, 'mae': 30.621920084040767, 'mdae': 23.524847238066407, 'r2': 0.46057582549485676}","{'mse': 1549.1968271170094, 'rmse': 39.35983774251375, 'mae': 30.6210556188784, 'mdae': 24.20689346190918, 'r2': 0.4353673052726912}","{'mse': 1575.9400697047308, 'rmse': 39.69811166421812, 'mae': 30.785192342462544, 'mdae': 24.755295582492682, 'r2': 0.43252783923587024}","{'mse': 1564.406405311712, 'rmse': 39.55257773283193, 'mae': 30.641650902690586, 'mdae': 24.949839456982424, 'r2': 0.4316409952880217}","{'mse': 1548.9494625075415, 'rmse': 39.35669526913485, 'mae': 30.312901218385772, 'mdae': 23.429161303964847, 'r2': 0.46132838772164086}",1570.0010615222388,39.622174251685166,30.59654403329161,24.17320740868311,0.44428807060261616,25.81550444293887,0.32474815499166226,0.17271423106343792,0.6922958629634156,0.015276575015613324
