number,value,datetime_start,datetime_complete,duration,params_criterion,params_max_depth,params_max_features,params_min_samples_leaf,params_min_samples_split,params_n_estimators,state,fold_0,fold_1,fold_2,fold_3,fold_4,accuracy,balanced_accuracy,precision,recall,f1,accuracy_std,balanced_accuracy_std,precision_std,recall_std,f1_std
0,0.5971655148275596,2024-07-10 20:45:46.680861,2024-07-10 20:45:55.597372,0 days 00:00:08.916511,log_loss,10,0.5780093202212182,12,15,218,COMPLETE,"{'accuracy': 0.6108757062146892, 'balanced_accuracy': 0.6319948430775363, 'precision': 0.6102429097878465, 'recall': 0.6108757062146892, 'f1': 0.6003221217685322}","{'accuracy': 0.6009887005649718, 'balanced_accuracy': 0.6205219750203644, 'precision': 0.5980020711506413, 'recall': 0.6009887005649718, 'f1': 0.5880390510334361}","{'accuracy': 0.6045197740112994, 'balanced_accuracy': 0.6262139698030217, 'precision': 0.6064956720196515, 'recall': 0.6045197740112994, 'f1': 0.5927849976241197}","{'accuracy': 0.615819209039548, 'balanced_accuracy': 0.6386378211967555, 'precision': 0.6226402072370653, 'recall': 0.615819209039548, 'f1': 0.601874224894544}","{'accuracy': 0.6113074204946997, 'balanced_accuracy': 0.6278269020243739, 'precision': 0.6105845338471612, 'recall': 0.6113074204946997, 'f1': 0.6028071788171662}",0.6087021620650417,0.6290391022244103,0.6095930788084731,0.6087021620650416,0.5971655148275596,0.005898175171997,0.006761362071249866,0.008882260564842495,0.005898175171997,0.00645069304031395
1,0.5960894387754844,2024-07-10 20:45:55.598375,2024-07-10 20:46:11.211729,0 days 00:00:15.613354,gini,8,0.9162213204002109,20,2,321,COMPLETE,"{'accuracy': 0.5995762711864406, 'balanced_accuracy': 0.6210756956267366, 'precision': 0.5966233304349957, 'recall': 0.5995762711864406, 'f1': 0.5884299258864994}","{'accuracy': 0.605225988700565, 'balanced_accuracy': 0.6250675198896117, 'precision': 0.6031693457582628, 'recall': 0.605225988700565, 'f1': 0.5925320196637667}","{'accuracy': 0.6122881355932204, 'balanced_accuracy': 0.6326600832196191, 'precision': 0.6158136580766439, 'recall': 0.6122881355932204, 'f1': 0.6015038258883032}","{'accuracy': 0.6137005649717514, 'balanced_accuracy': 0.6365692065250841, 'precision': 0.6197441304345034, 'recall': 0.6137005649717514, 'f1': 0.5992317538708399}","{'accuracy': 0.610600706713781, 'balanced_accuracy': 0.6289725550004189, 'precision': 0.6098589661545654, 'recall': 0.610600706713781, 'f1': 0.5987496685680127}",0.6082783334331516,0.6288690120522942,0.6090418861717942,0.6082783334331517,0.5960894387754844,0.005829134189308078,0.006100472527362421,0.009351066840002526,0.005829134189308078,0.005421944368673333
2,0.5578854501265045,2024-07-10 20:46:11.211729,2024-07-10 20:46:18.954452,0 days 00:00:07.742723,log_loss,6,0.8059264473611898,6,10,187,COMPLETE,"{'accuracy': 0.5847457627118644, 'balanced_accuracy': 0.6136759844114331, 'precision': 0.5816748340547102, 'recall': 0.5847457627118644, 'f1': 0.5596490603003541}","{'accuracy': 0.596045197740113, 'balanced_accuracy': 0.624802282539814, 'precision': 0.5995290876098408, 'recall': 0.596045197740113, 'f1': 0.568891272516287}","{'accuracy': 0.588276836158192, 'balanced_accuracy': 0.6181383490602982, 'precision': 0.5956320246577145, 'recall': 0.588276836158192, 'f1': 0.5564791705145111}","{'accuracy': 0.5812146892655368, 'balanced_accuracy': 0.6129111005395615, 'precision': 0.5817691049433804, 'recall': 0.5812146892655368, 'f1': 0.5490591072545142}","{'accuracy': 0.5872791519434629, 'balanced_accuracy': 0.6187627567626836, 'precision': 0.5918745065299835, 'recall': 0.5872791519434629, 'f1': 0.5553486400468564}",0.5875123275638339,0.617658094662758,0.5900959115591259,0.5875123275638339,0.5578854501265045,0.005494607513789041,0.004766589407621824,0.008109362081352394,0.005494607513789041,0.007255270559083066
3,0.5992904808902813,2024-07-10 20:46:18.955453,2024-07-10 20:46:31.158640,0 days 00:00:12.203187,entropy,9,0.7962072844310213,11,5,255,COMPLETE,"{'accuracy': 0.6129943502824858, 'balanced_accuracy': 0.6346562829088398, 'precision': 0.6139707785508476, 'recall': 0.6129943502824858, 'f1': 0.6025058313267456}","{'accuracy': 0.6045197740112994, 'balanced_accuracy': 0.6251628634736991, 'precision': 0.6031103421147211, 'recall': 0.6045197740112994, 'f1': 0.5906320510367653}","{'accuracy': 0.6073446327683616, 'balanced_accuracy': 0.6307263959482672, 'precision': 0.6106577661682283, 'recall': 0.6073446327683616, 'f1': 0.5945893274993713}","{'accuracy': 0.6165254237288136, 'balanced_accuracy': 0.6410649774557342, 'precision': 0.6239360856138546, 'recall': 0.6165254237288136, 'f1': 0.599511766157117}","{'accuracy': 0.6190812720848057, 'balanced_accuracy': 0.6372568861350768, 'precision': 0.6200462838930301, 'recall': 0.6190812720848057, 'f1': 0.609213428431407}",0.6120930905751532,0.6337734811843234,0.6143442512681364,0.6120930905751532,0.5992904808902813,0.00610728053998196,0.006113649331742231,0.008130910639354023,0.00610728053998196,0.00717498404589941
4,0.5973318459724771,2024-07-10 20:46:31.158640,2024-07-10 20:46:35.035860,0 days 00:00:03.877220,entropy,10,0.6523068845866853,17,20,79,COMPLETE,"{'accuracy': 0.6045197740112994, 'balanced_accuracy': 0.624972368010713, 'precision': 0.6031036368454649, 'recall': 0.6045197740112994, 'f1': 0.5940749571335557}","{'accuracy': 0.606638418079096, 'balanced_accuracy': 0.6266386529857383, 'precision': 0.6050480868972383, 'recall': 0.606638418079096, 'f1': 0.5936450568982979}","{'accuracy': 0.6024011299435028, 'balanced_accuracy': 0.6258678791372029, 'precision': 0.6056824193569136, 'recall': 0.6024011299435028, 'f1': 0.5892650608313161}","{'accuracy': 0.614406779661017, 'balanced_accuracy': 0.6386213576873491, 'precision': 0.6209812669929912, 'recall': 0.614406779661017, 'f1': 0.5999395816692007}","{'accuracy': 0.6183745583038869, 'balanced_accuracy': 0.6346112882438236, 'precision': 0.6189091923331878, 'recall': 0.6183745583038869, 'f1': 0.6097345733300149}",0.6092681319997604,0.6301423092129654,0.610744920485159,0.6092681319997604,0.5973318459724771,0.006818187368186422,0.006106158532070638,0.008483957963432032,0.006818187368186422,0.007904123804534187
5,0.5607367084821868,2024-07-10 20:46:35.036861,2024-07-10 20:46:38.756928,0 days 00:00:03.720067,gini,6,0.6293899908000085,19,2,105,COMPLETE,"{'accuracy': 0.5805084745762712, 'balanced_accuracy': 0.607592425170061, 'precision': 0.5746795853419053, 'recall': 0.5805084745762712, 'f1': 0.5572603492174063}","{'accuracy': 0.5875706214689266, 'balanced_accuracy': 0.6158004547035543, 'precision': 0.5872581962449845, 'recall': 0.5875706214689266, 'f1': 0.561974738991768}","{'accuracy': 0.6002824858757062, 'balanced_accuracy': 0.6268313133952533, 'precision': 0.6097651458595427, 'recall': 0.6002824858757062, 'f1': 0.5750295479595774}","{'accuracy': 0.577683615819209, 'balanced_accuracy': 0.609103498352631, 'precision': 0.5757207981162692, 'recall': 0.577683615819209, 'f1': 0.5460005216534336}","{'accuracy': 0.5886925795053004, 'balanced_accuracy': 0.6157412446475773, 'precision': 0.5877740948648993, 'recall': 0.5886925795053004, 'f1': 0.5634183845887489}",0.5869475554490827,0.6150137872538154,0.5870395640855202,0.5869475554490826,0.5607367084821868,0.008782596849128722,0.007596217712016915,0.014123764902320446,0.008782596849128722,0.01051486617365337
6,0.45395551113427784,2024-07-10 20:46:38.757921,2024-07-10 20:46:47.194440,0 days 00:00:08.436519,log_loss,3,0.9697494707820946,16,20,296,COMPLETE,"{'accuracy': 0.5374293785310734, 'balanced_accuracy': 0.5752424654175738, 'precision': 0.5031820597715196, 'recall': 0.5374293785310734, 'f1': 0.44805299430630485}","{'accuracy': 0.5437853107344632, 'balanced_accuracy': 0.5804531545763096, 'precision': 0.5339704070644982, 'recall': 0.5437853107344632, 'f1': 0.45266487049275544}","{'accuracy': 0.5346045197740112, 'balanced_accuracy': 0.5720549171376136, 'precision': 0.5171270853086738, 'recall': 0.5346045197740112, 'f1': 0.46040377546754374}","{'accuracy': 0.5409604519774012, 'balanced_accuracy': 0.5790274265606509, 'precision': 0.5308084835756063, 'recall': 0.5409604519774012, 'f1': 0.45754185738861114}","{'accuracy': 0.537809187279152, 'balanced_accuracy': 0.578176044750997, 'precision': 0.5204909630108003, 'recall': 0.537809187279152, 'f1': 0.4511140580161739}",0.5389177696592202,0.5769908016886289,0.5211157997462197,0.5389177696592202,0.45395551113427784,0.003532488315203116,0.0033526170942526318,0.012217900212536133,0.003532488315203116,0.004975472499172214
7,0.46470787999520535,2024-07-10 20:46:47.195443,2024-07-10 20:46:49.477116,0 days 00:00:02.281673,entropy,3,0.6943386448447411,7,2,89,COMPLETE,"{'accuracy': 0.5423728813559322, 'balanced_accuracy': 0.5765047350123957, 'precision': 0.5192174508488901, 'recall': 0.5423728813559322, 'f1': 0.4698005586924769}","{'accuracy': 0.5423728813559322, 'balanced_accuracy': 0.574966720640271, 'precision': 0.52359075932974, 'recall': 0.5423728813559322, 'f1': 0.4742435371579338}","{'accuracy': 0.530367231638418, 'balanced_accuracy': 0.5689021732652121, 'precision': 0.5019448980061665, 'recall': 0.530367231638418, 'f1': 0.44510249491115816}","{'accuracy': 0.5430790960451978, 'balanced_accuracy': 0.5784056869701235, 'precision': 0.5293971158948011, 'recall': 0.5430790960451978, 'f1': 0.47592727130785006}","{'accuracy': 0.5356890459363958, 'balanced_accuracy': 0.5731912298488734, 'precision': 0.5115586494303376, 'recall': 0.5356890459363958, 'f1': 0.45846553790660816}",0.5387762272663752,0.5743941091473751,0.517141774701987,0.5387762272663752,0.46470787999520535,0.005581854912186372,0.0036222803740327413,0.010702891794452166,0.005581854912186372,0.01290423219635556
8,0.5557649737520627,2024-07-10 20:46:49.478116,2024-07-10 20:46:54.974962,0 days 00:00:05.496846,gini,6,0.5372753218398854,17,4,176,COMPLETE,"{'accuracy': 0.5755649717514124, 'balanced_accuracy': 0.6033100783040336, 'precision': 0.5670061334549655, 'recall': 0.5755649717514124, 'f1': 0.5492145394798174}","{'accuracy': 0.5861581920903954, 'balanced_accuracy': 0.6123056327532519, 'precision': 0.5855678880519253, 'recall': 0.5861581920903954, 'f1': 0.5609029711307632}","{'accuracy': 0.5925141242937854, 'balanced_accuracy': 0.6192555011324355, 'precision': 0.5982399116471244, 'recall': 0.5925141242937854, 'f1': 0.5666784718939581}","{'accuracy': 0.577683615819209, 'balanced_accuracy': 0.6093832557178519, 'precision': 0.5757832485615406, 'recall': 0.577683615819209, 'f1': 0.5438127790283941}","{'accuracy': 0.5851590106007067, 'balanced_accuracy': 0.6120214858561607, 'precision': 0.5829645325845605, 'recall': 0.5851590106007067, 'f1': 0.5582161072273812}",0.5834159829111017,0.6112551907527467,0.5819123428600232,0.5834159829111017,0.5557649737520627,0.006852598814223943,0.005751620540136082,0.011627773777803553,0.006852598814223943,0.009182519560801565
9,0.6037705198643482,2024-07-10 20:46:54.975965,2024-07-10 20:46:58.005212,0 days 00:00:03.029247,entropy,9,0.8856351733429728,15,15,52,COMPLETE,"{'accuracy': 0.6122881355932204, 'balanced_accuracy': 0.6335100247006186, 'precision': 0.6123600048300177, 'recall': 0.6122881355932204, 'f1': 0.6017567591106501}","{'accuracy': 0.6080508474576272, 'balanced_accuracy': 0.6276336161368279, 'precision': 0.6073499467085944, 'recall': 0.6080508474576272, 'f1': 0.5964437376312196}","{'accuracy': 0.6151129943502824, 'balanced_accuracy': 0.638061747104313, 'precision': 0.6201574271167424, 'recall': 0.6151129943502824, 'f1': 0.602605377630183}","{'accuracy': 0.6207627118644068, 'balanced_accuracy': 0.6446093816394448, 'precision': 0.6304857559552887, 'recall': 0.6207627118644068, 'f1': 0.605796349660466}","{'accuracy': 0.6219081272084805, 'balanced_accuracy': 0.6392645172571235, 'precision': 0.6233793929691065, 'recall': 0.6219081272084805, 'f1': 0.6122503752892221}",0.6156245632948034,0.6366158573676656,0.61874650551595,0.6156245632948034,0.6037705198643482,0.005801688770430685,0.006390017228238635,0.009109518242690408,0.005801688770430685,0.005811765245608717
10,0.5962093897856992,2024-07-10 20:46:58.006214,2024-07-10 20:47:20.934479,0 days 00:00:22.928265,entropy,8,0.8770690800880656,1,14,446,COMPLETE,"{'accuracy': 0.6101694915254238, 'balanced_accuracy': 0.6348138513530129, 'precision': 0.6140270332234665, 'recall': 0.6101694915254238, 'f1': 0.5959616692413994}","{'accuracy': 0.6122881355932204, 'balanced_accuracy': 0.6367205974348101, 'precision': 0.6157397839991232, 'recall': 0.6122881355932204, 'f1': 0.5955545104012}","{'accuracy': 0.6122881355932204, 'balanced_accuracy': 0.6380181507001629, 'precision': 0.6242286870904796, 'recall': 0.6122881355932204, 'f1': 0.5947272920262198}","{'accuracy': 0.6179378531073446, 'balanced_accuracy': 0.6438217608711253, 'precision': 0.6293480203766851, 'recall': 0.6179378531073446, 'f1': 0.5998252291318507}","{'accuracy': 0.6120141342756183, 'balanced_accuracy': 0.637196606227973, 'precision': 0.6154239957020079, 'recall': 0.6120141342756183, 'f1': 0.5949782481278262}",0.6129395500189655,0.6381141933174168,0.6197535040783524,0.6129395500189655,0.5962093897856992,0.002930927055861138,0.00340080447090142,0.006703153476127985,0.002930927055861138,0.0020782715296546028
11,0.5928237253443107,2024-07-10 20:47:20.935487,2024-07-10 20:47:38.986850,0 days 00:00:18.051363,entropy,8,0.7651456131166201,12,8,403,COMPLETE,"{'accuracy': 0.6080508474576272, 'balanced_accuracy': 0.6327285814667462, 'precision': 0.6095015457289111, 'recall': 0.6080508474576272, 'f1': 0.5921997438031534}","{'accuracy': 0.6094632768361582, 'balanced_accuracy': 0.6322641227626088, 'precision': 0.6097376910559585, 'recall': 0.6094632768361582, 'f1': 0.5936637308672569}","{'accuracy': 0.6038135593220338, 'balanced_accuracy': 0.6287199102840869, 'precision': 0.6093133104707753, 'recall': 0.6038135593220338, 'f1': 0.5877831695481198}","{'accuracy': 0.6129943502824858, 'balanced_accuracy': 0.638722782953289, 'precision': 0.6217917671407759, 'recall': 0.6129943502824858, 'f1': 0.5939711088048854}","{'accuracy': 0.6113074204946997, 'balanced_accuracy': 0.6341402246988223, 'precision': 0.6124954421119363, 'recall': 0.6113074204946997, 'f1': 0.5965008736981383}",0.609125890878601,0.6333151244331106,0.6125679513016714,0.6091258908786009,0.5928237253443107,0.0035076510599564956,0.0036224367267597675,0.0053171876812269075,0.0035076510599564956,0.003214812350606794
12,0.5996808233923759,2024-07-10 20:47:38.987851,2024-07-10 20:47:58.921718,0 days 00:00:19.933867,entropy,9,0.8449452116748459,9,15,381,COMPLETE,"{'accuracy': 0.617231638418079, 'balanced_accuracy': 0.6388328085106315, 'precision': 0.6189729136507615, 'recall': 0.617231638418079, 'f1': 0.6064398533258804}","{'accuracy': 0.6024011299435028, 'balanced_accuracy': 0.622629981803079, 'precision': 0.600220646441919, 'recall': 0.6024011299435028, 'f1': 0.5891425351306063}","{'accuracy': 0.6059322033898306, 'balanced_accuracy': 0.6290267046914569, 'precision': 0.6114427103543376, 'recall': 0.6059322033898306, 'f1': 0.5930537055766807}","{'accuracy': 0.6221751412429378, 'balanced_accuracy': 0.6448829614702186, 'precision': 0.6303151803201694, 'recall': 0.6221751412429378, 'f1': 0.6086014892879777}","{'accuracy': 0.6113074204946997, 'balanced_accuracy': 0.6292462306837872, 'precision': 0.6120649812966708, 'recall': 0.6113074204946997, 'f1': 0.6011665336407344}",0.61180950669781,0.6329237374318346,0.6146032864127717,0.6118095066978099,0.5996808233923759,0.008064710623999827,0.008840425408607083,0.011059496131956524,0.008064710623999827,0.008403039786831544
13,0.5864047031126332,2024-07-10 20:47:58.922718,2024-07-10 20:48:16.289517,0 days 00:00:17.366799,entropy,7,0.860667152096926,8,15,383,COMPLETE,"{'accuracy': 0.6087570621468926, 'balanced_accuracy': 0.6362854365719453, 'precision': 0.6131801856894036, 'recall': 0.6087570621468926, 'f1': 0.5888808776681784}","{'accuracy': 0.6080508474576272, 'balanced_accuracy': 0.6338642661422247, 'precision': 0.6121939365606807, 'recall': 0.6080508474576272, 'f1': 0.5871528822230668}","{'accuracy': 0.6080508474576272, 'balanced_accuracy': 0.6344011398288129, 'precision': 0.617700729091027, 'recall': 0.6080508474576272, 'f1': 0.5875945114312561}","{'accuracy': 0.6045197740112994, 'balanced_accuracy': 0.6325398675399115, 'precision': 0.6134034274141331, 'recall': 0.6045197740112994, 'f1': 0.5815131445038352}","{'accuracy': 0.6091872791519435, 'balanced_accuracy': 0.6367570348578838, 'precision': 0.6141304507656284, 'recall': 0.6091872791519435, 'f1': 0.586882099736829}",0.607713162045078,0.6347695489881556,0.6141217459041746,0.607713162045078,0.5864047031126332,0.0018499012593446236,0.0017446172180112392,0.0021170830393741594,0.0018499012593446236,0.0028399872097415626
14,0.6032175723456465,2024-07-10 20:48:16.290517,2024-07-10 20:48:44.874974,0 days 00:00:28.584457,entropy,10,0.9885495813070362,14,17,490,COMPLETE,"{'accuracy': 0.6165254237288136, 'balanced_accuracy': 0.6341069583007632, 'precision': 0.6171072211056425, 'recall': 0.6165254237288136, 'f1': 0.6100283414970847}","{'accuracy': 0.6094632768361582, 'balanced_accuracy': 0.6274262737540578, 'precision': 0.6070781743772292, 'recall': 0.6094632768361582, 'f1': 0.5990523739280744}","{'accuracy': 0.6031073446327684, 'balanced_accuracy': 0.623714302708998, 'precision': 0.6036673285627626, 'recall': 0.6031073446327684, 'f1': 0.5933090538187547}","{'accuracy': 0.6228813559322034, 'balanced_accuracy': 0.6439709868343223, 'precision': 0.6293113191703136, 'recall': 0.6228813559322034, 'f1': 0.6117518135484425}","{'accuracy': 0.6091872791519435, 'balanced_accuracy': 0.624579419800061, 'precision': 0.6088417299627679, 'recall': 0.6091872791519435, 'f1': 0.601946278935876}",0.6122329360563774,0.6307595882796405,0.6132011546357432,0.6122329360563775,0.6032175723456465,0.007616392736660518,0.008436341842933341,0.010273559107163684,0.007616392736660518,0.007687061427016734
15,0.6049326623208429,2024-07-10 20:48:44.875976,2024-07-10 20:49:14.904378,0 days 00:00:30.028402,entropy,10,0.9986769616851119,14,17,500,COMPLETE,"{'accuracy': 0.6151129943502824, 'balanced_accuracy': 0.6325358252046368, 'precision': 0.6154623656813604, 'recall': 0.6151129943502824, 'f1': 0.6088259445012595}","{'accuracy': 0.6073446327683616, 'balanced_accuracy': 0.6245969795036216, 'precision': 0.6051498778160849, 'recall': 0.6073446327683616, 'f1': 0.5976089394613724}","{'accuracy': 0.6024011299435028, 'balanced_accuracy': 0.6230489667143206, 'precision': 0.6028591375670488, 'recall': 0.6024011299435028, 'f1': 0.5926535755005305}","{'accuracy': 0.6257062146892656, 'balanced_accuracy': 0.647241811187259, 'precision': 0.6339508328994667, 'recall': 0.6257062146892656, 'f1': 0.6149077858802373}","{'accuracy': 0.6176678445229682, 'balanced_accuracy': 0.6329565305542189, 'precision': 0.6180234624989117, 'recall': 0.6176678445229682, 'f1': 0.6106670662608144}",0.6136465632548761,0.6320760226328114,0.6150891352925745,0.6136465632548761,0.6049326623208429,0.0090819933678001,0.009597026619828305,0.01237815512547334,0.0090819933678001,0.009380258716733167
16,0.5048245776583989,2024-07-10 20:49:14.905379,2024-07-10 20:49:19.669621,0 days 00:00:04.764242,entropy,4,0.9318219285193772,14,12,137,COMPLETE,"{'accuracy': 0.5628531073446328, 'balanced_accuracy': 0.5970231231625719, 'precision': 0.5563520024328947, 'recall': 0.5628531073446328, 'f1': 0.5082895789506443}","{'accuracy': 0.5706214689265536, 'balanced_accuracy': 0.6039727998365667, 'precision': 0.5879112361192286, 'recall': 0.5706214689265536, 'f1': 0.5122189066804229}","{'accuracy': 0.557909604519774, 'balanced_accuracy': 0.5947930233114038, 'precision': 0.5708980988276845, 'recall': 0.557909604519774, 'f1': 0.49793588137690553}","{'accuracy': 0.5586158192090396, 'balanced_accuracy': 0.5952012429847139, 'precision': 0.5605501101540076, 'recall': 0.5586158192090396, 'f1': 0.49628937908857973}","{'accuracy': 0.5703180212014134, 'balanced_accuracy': 0.606450661964887, 'precision': 0.5903597979007371, 'recall': 0.5703180212014134, 'f1': 0.5093891421954422}",0.5640636042402827,0.5994881702520287,0.5732142490869105,0.5640636042402827,0.5048245776583989,0.0061469239829396475,0.005363925817549103,0.01549234973391289,0.0061469239829396475,0.007208004858123811
17,0.60251942537967,2024-07-10 20:49:19.670619,2024-07-10 20:49:39.593578,0 days 00:00:19.922959,entropy,9,0.9982429011634011,14,18,344,COMPLETE,"{'accuracy': 0.6214689265536724, 'balanced_accuracy': 0.6414320234818496, 'precision': 0.6237784916329876, 'recall': 0.6214689265536724, 'f1': 0.612872174679034}","{'accuracy': 0.606638418079096, 'balanced_accuracy': 0.6256934637732458, 'precision': 0.6044091431910669, 'recall': 0.606638418079096, 'f1': 0.5947629371699216}","{'accuracy': 0.6038135593220338, 'balanced_accuracy': 0.6266223811815206, 'precision': 0.6074063594905692, 'recall': 0.6038135593220338, 'f1': 0.5918502671582799}","{'accuracy': 0.623587570621469, 'balanced_accuracy': 0.6462695849326173, 'precision': 0.6326110679009663, 'recall': 0.623587570621469, 'f1': 0.6096086978787344}","{'accuracy': 0.6134275618374558, 'balanced_accuracy': 0.6316161941592608, 'precision': 0.6138173685967748, 'recall': 0.6134275618374558, 'f1': 0.6035030500123796}",0.6137872072827454,0.6343267295056989,0.6164044861624729,0.6137872072827454,0.60251942537967,0.008743056074638102,0.009142678223686798,0.01171085994098723,0.008743056074638102,0.009115903226512541
18,0.5402620115031503,2024-07-10 20:49:39.594578,2024-07-10 20:49:42.164417,0 days 00:00:02.569839,log_loss,5,0.9191904809865727,15,12,54,COMPLETE,"{'accuracy': 0.5783898305084746, 'balanced_accuracy': 0.6092546017045738, 'precision': 0.5730742287495764, 'recall': 0.5783898305084746, 'f1': 0.5432351971613246}","{'accuracy': 0.5720338983050848, 'balanced_accuracy': 0.6024559325299272, 'precision': 0.5732543762902711, 'recall': 0.5720338983050848, 'f1': 0.5343489759238934}","{'accuracy': 0.5812146892655368, 'balanced_accuracy': 0.6131015960025475, 'precision': 0.587263406752792, 'recall': 0.5812146892655368, 'f1': 0.5435615934280219}","{'accuracy': 0.576271186440678, 'balanced_accuracy': 0.6088918558241596, 'precision': 0.577975861332155, 'recall': 0.576271186440678, 'f1': 0.5358803738507455}","{'accuracy': 0.5809187279151944, 'balanced_accuracy': 0.6156884649290469, 'precision': 0.5818857585288681, 'recall': 0.5809187279151944, 'f1': 0.5442839171517664}",0.5777656664869937,0.609878490198051,0.5786907263307326,0.5777656664869937,0.5402620115031503,0.0037852929979925744,0.005015009072236331,0.00602721036578354,0.0037852929979925744,0.004745143231816407
19,0.47928956604610295,2024-07-10 20:49:42.164417,2024-07-10 20:49:46.606435,0 days 00:00:04.442018,gini,2,0.7389128700194536,4,17,254,COMPLETE,"{'accuracy': 0.536723163841808, 'balanced_accuracy': 0.5657120766283453, 'precision': 0.5096483876647929, 'recall': 0.536723163841808, 'f1': 0.4857992550264505}","{'accuracy': 0.5374293785310734, 'balanced_accuracy': 0.5628990541821267, 'precision': 0.5154018225817244, 'recall': 0.5374293785310734, 'f1': 0.48683697607558746}","{'accuracy': 0.5169491525423728, 'balanced_accuracy': 0.5485480764618658, 'precision': 0.4816964626229984, 'recall': 0.5169491525423728, 'f1': 0.46551341153585307}","{'accuracy': 0.5346045197740112, 'balanced_accuracy': 0.5643088938039454, 'precision': 0.5136170712589893, 'recall': 0.5346045197740112, 'f1': 0.4823711521764621}","{'accuracy': 0.5201413427561837, 'balanced_accuracy': 0.5477013534413423, 'precision': 0.4915748759172098, 'recall': 0.5201413427561837, 'f1': 0.4759270354161616}",0.5291695114890899,0.5578338909035251,0.502387724009143,0.5291695114890899,0.47928956604610295,0.00981920803744585,0.008923872718466662,0.014943461945312006,0.00981920803744585,0.008802338711677925
20,0.5882913484531078,2024-07-10 20:49:46.606435,2024-07-10 20:50:10.817597,0 days 00:00:24.211162,entropy,7,0.9407554113763386,10,8,496,COMPLETE,"{'accuracy': 0.6059322033898306, 'balanced_accuracy': 0.6329753159605597, 'precision': 0.6085070694910236, 'recall': 0.6059322033898306, 'f1': 0.5871929332684427}","{'accuracy': 0.6101694915254238, 'balanced_accuracy': 0.6357650263947636, 'precision': 0.613851675126958, 'recall': 0.6101694915254238, 'f1': 0.5908212044163998}","{'accuracy': 0.6115819209039548, 'balanced_accuracy': 0.638096839069655, 'precision': 0.6223286944787159, 'recall': 0.6115819209039548, 'f1': 0.5913587055660274}","{'accuracy': 0.6080508474576272, 'balanced_accuracy': 0.6355308386750332, 'precision': 0.6161404984978057, 'recall': 0.6080508474576272, 'f1': 0.5866302357780692}","{'accuracy': 0.6056537102473498, 'balanced_accuracy': 0.6326647390817463, 'precision': 0.6081554551891818, 'recall': 0.6056537102473498, 'f1': 0.5854536632366001}",0.6082776347048372,0.6350065518363516,0.613796678556737,0.6082776347048373,0.5882913484531078,0.002594941694084392,0.0022366292545942554,0.005875695222322979,0.002594941694084392,0.0026375708274019075
21,0.6039779278139896,2024-07-10 20:50:10.818599,2024-07-10 20:50:38.951271,0 days 00:00:28.132672,entropy,10,0.9996649801776828,13,17,484,COMPLETE,"{'accuracy': 0.617231638418079, 'balanced_accuracy': 0.6352532165089846, 'precision': 0.6175798231710428, 'recall': 0.617231638418079, 'f1': 0.6106218139079819}","{'accuracy': 0.605225988700565, 'balanced_accuracy': 0.6221760007790899, 'precision': 0.6032973915284553, 'recall': 0.605225988700565, 'f1': 0.5955346948635935}","{'accuracy': 0.6045197740112994, 'balanced_accuracy': 0.6255818483849407, 'precision': 0.6050933841976078, 'recall': 0.6045197740112994, 'f1': 0.5943355719693693}","{'accuracy': 0.6242937853107344, 'balanced_accuracy': 0.6462468480361694, 'precision': 0.6318837077961438, 'recall': 0.6242937853107344, 'f1': 0.6121275852044781}","{'accuracy': 0.6134275618374558, 'balanced_accuracy': 0.6272080585817558, 'precision': 0.6136003015093707, 'recall': 0.6134275618374558, 'f1': 0.6072699731245257}",0.6129397496556267,0.631293194458188,0.6142909216405241,0.6129397496556267,0.6039779278139896,0.008336223567274969,0.009640079870682727,0.011470095395191534,0.008336223567274969,0.00845072347831606
22,0.601001950839821,2024-07-10 20:50:38.952274,2024-07-10 20:51:00.562222,0 days 00:00:21.609948,entropy,10,0.8774865002210475,18,18,444,COMPLETE,"{'accuracy': 0.6151129943502824, 'balanced_accuracy': 0.6343535969419823, 'precision': 0.6149092097939659, 'recall': 0.6151129943502824, 'f1': 0.6067346357774207}","{'accuracy': 0.606638418079096, 'balanced_accuracy': 0.626286288932878, 'precision': 0.6042218821687979, 'recall': 0.606638418079096, 'f1': 0.5942800707721639}","{'accuracy': 0.6031073446327684, 'balanced_accuracy': 0.6249952007597555, 'precision': 0.6048680457893559, 'recall': 0.6031073446327684, 'f1': 0.5911379190514331}","{'accuracy': 0.6228813559322034, 'balanced_accuracy': 0.6441221860388594, 'precision': 0.6310422562730894, 'recall': 0.6228813559322034, 'f1': 0.6105290687672834}","{'accuracy': 0.6113074204946997, 'balanced_accuracy': 0.627695875751697, 'precision': 0.6102190016622824, 'recall': 0.6113074204946997, 'f1': 0.602328059830804}",0.61180950669781,0.6314906296850344,0.6130520791374983,0.61180950669781,0.601001950839821,0.007684704756907904,0.007928251926444736,0.010955278590424625,0.007684704756907904,0.00818338274217662
23,0.5995248981439317,2024-07-10 20:51:00.562222,2024-07-10 20:51:22.632641,0 days 00:00:22.070419,entropy,9,0.9491491334094584,13,13,434,COMPLETE,"{'accuracy': 0.6129943502824858, 'balanced_accuracy': 0.6340075062761635, 'precision': 0.6149919378157362, 'recall': 0.6129943502824858, 'f1': 0.6030455716721826}","{'accuracy': 0.6038135593220338, 'balanced_accuracy': 0.6234963867934851, 'precision': 0.6011096255531864, 'recall': 0.6038135593220338, 'f1': 0.5913590841886677}","{'accuracy': 0.6024011299435028, 'balanced_accuracy': 0.6253869569236589, 'precision': 0.6056167292878643, 'recall': 0.6024011299435028, 'f1': 0.5891722605847187}","{'accuracy': 0.623587570621469, 'balanced_accuracy': 0.646398143093301, 'precision': 0.6313296210035559, 'recall': 0.623587570621469, 'f1': 0.609982936456596}","{'accuracy': 0.6134275618374558, 'balanced_accuracy': 0.6312054105213633, 'precision': 0.6134861083129849, 'recall': 0.6134275618374558, 'f1': 0.6040646378174935}",0.6112448344013894,0.6320988807215944,0.6133068043946655,0.6112448344013894,0.5995248981439317,0.00856742668658921,0.009054872552024288,0.01157154019457762,0.00856742668658921,0.008891464526862318
24,0.603288467192171,2024-07-10 20:51:22.633644,2024-07-10 20:51:47.543751,0 days 00:00:24.910107,entropy,10,0.9996781490579315,16,17,462,COMPLETE,"{'accuracy': 0.617231638418079, 'balanced_accuracy': 0.6348282457684847, 'precision': 0.6174768054244714, 'recall': 0.617231638418079, 'f1': 0.6105494884061614}","{'accuracy': 0.6016949152542372, 'balanced_accuracy': 0.6192969325900566, 'precision': 0.5983334650037325, 'recall': 0.6016949152542372, 'f1': 0.59067758398411}","{'accuracy': 0.6080508474576272, 'balanced_accuracy': 0.629333499098827, 'precision': 0.609394573843888, 'recall': 0.6080508474576272, 'f1': 0.5976080611818433}","{'accuracy': 0.6242937853107344, 'balanced_accuracy': 0.645838532510265, 'precision': 0.6316267065134693, 'recall': 0.6242937853107344, 'f1': 0.6129629480113074}","{'accuracy': 0.6120141342756183, 'balanced_accuracy': 0.6271848123057261, 'precision': 0.6114776843431283, 'recall': 0.6120141342756183, 'f1': 0.604644254377433}",0.6126570641432593,0.6312964044546719,0.6136618470257379,0.6126570641432593,0.603288467192171,0.008633355497142964,0.009857648095719838,0.012198663517401996,0.008633355497142964,0.009212186966338388
25,0.599113087243189,2024-07-10 20:51:47.544753,2024-07-10 20:52:07.821407,0 days 00:00:20.276654,entropy,9,0.896343439946424,11,19,418,COMPLETE,"{'accuracy': 0.615819209039548, 'balanced_accuracy': 0.6376866461550047, 'precision': 0.6179725021929503, 'recall': 0.615819209039548, 'f1': 0.6053051243914747}","{'accuracy': 0.6031073446327684, 'balanced_accuracy': 0.6240167011180723, 'precision': 0.6007003797378596, 'recall': 0.6031073446327684, 'f1': 0.5897752573266936}","{'accuracy': 0.6038135593220338, 'balanced_accuracy': 0.6264378715477927, 'precision': 0.6071051382776782, 'recall': 0.6038135593220338, 'f1': 0.5915102766010859}","{'accuracy': 0.6214689265536724, 'balanced_accuracy': 0.6442176254755413, 'precision': 0.6285965512106321, 'recall': 0.6214689265536724, 'f1': 0.6078350075632968}","{'accuracy': 0.610600706713781, 'balanced_accuracy': 0.6286559694887425, 'precision': 0.6107415415883666, 'recall': 0.610600706713781, 'f1': 0.6011397703333944}",0.6109619492523607,0.6322029627570307,0.6130232226014973,0.6109619492523607,0.599113087243189,0.007856753991762506,0.008474302646329977,0.010713381573922978,0.007856753991762506,0.008116625833332105
26,0.5827310894282571,2024-07-10 20:52:07.822412,2024-07-10 20:52:22.135610,0 days 00:00:14.313198,entropy,7,0.8329071198141993,13,16,351,COMPLETE,"{'accuracy': 0.594632768361582, 'balanced_accuracy': 0.6214633433501278, 'precision': 0.5937295759435631, 'recall': 0.594632768361582, 'f1': 0.5756908123863294}","{'accuracy': 0.6031073446327684, 'balanced_accuracy': 0.6293747685986161, 'precision': 0.6048706637520234, 'recall': 0.6031073446327684, 'f1': 0.5819528574641943}","{'accuracy': 0.6094632768361582, 'balanced_accuracy': 0.6360675206564325, 'precision': 0.6210229014515565, 'recall': 0.6094632768361582, 'f1': 0.586880086757266}","{'accuracy': 0.6059322033898306, 'balanced_accuracy': 0.6331658114235457, 'precision': 0.6143013001849861, 'recall': 0.6059322033898306, 'f1': 0.5841753840473909}","{'accuracy': 0.6070671378091873, 'balanced_accuracy': 0.6340322392175568, 'precision': 0.6114870890193992, 'recall': 0.6070671378091873, 'f1': 0.5849563064861049}",0.6040405462059053,0.6308207366492558,0.6090823060703057,0.6040405462059053,0.5827310894282571,0.005734147283316901,0.005766140386324646,0.010356676011416528,0.005734147283316901,0.0043134354798264425
27,0.5931156826643716,2024-07-10 20:52:22.136609,2024-07-10 20:52:44.840730,0 days 00:00:22.704121,entropy,8,0.9499607214818668,15,10,476,COMPLETE,"{'accuracy': 0.6101694915254238, 'balanced_accuracy': 0.634332929139469, 'precision': 0.6110169417690281, 'recall': 0.6101694915254238, 'f1': 0.5959385038167738}","{'accuracy': 0.6038135593220338, 'balanced_accuracy': 0.6260355418511465, 'precision': 0.6030892602301325, 'recall': 0.6038135593220338, 'f1': 0.5886089998878351}","{'accuracy': 0.6080508474576272, 'balanced_accuracy': 0.6321750525655628, 'precision': 0.61465448647717, 'recall': 0.6080508474576272, 'f1': 0.5917947315317045}","{'accuracy': 0.6115819209039548, 'balanced_accuracy': 0.6370956983841183, 'precision': 0.6202612980634712, 'recall': 0.6115819209039548, 'f1': 0.5929524028618051}","{'accuracy': 0.6113074204946997, 'balanced_accuracy': 0.6335233399886155, 'precision': 0.6125012163995684, 'recall': 0.6113074204946997, 'f1': 0.59628377522374}",0.6089846479407479,0.6326325123857824,0.612304640587874,0.6089846479407479,0.5931156826643716,0.0032076897585261916,0.004102874295292828,0.006233983865135233,0.0032076897585261916,0.0031657104874074546
28,0.605788025939394,2024-07-10 20:52:44.841726,2024-07-10 20:52:52.385491,0 days 00:00:07.543765,gini,10,0.9662732508720134,10,14,135,COMPLETE,"{'accuracy': 0.6193502824858758, 'balanced_accuracy': 0.6332446617508697, 'precision': 0.6202778028722353, 'recall': 0.6193502824858758, 'f1': 0.6159056282488419}","{'accuracy': 0.6059322033898306, 'balanced_accuracy': 0.6179868325506209, 'precision': 0.6017013753224435, 'recall': 0.6059322033898306, 'f1': 0.5995907890763524}","{'accuracy': 0.6073446327683616, 'balanced_accuracy': 0.6251838188339957, 'precision': 0.6072425606765348, 'recall': 0.6073446327683616, 'f1': 0.6001427884381018}","{'accuracy': 0.6165254237288136, 'balanced_accuracy': 0.6342415022907052, 'precision': 0.6198918517270002, 'recall': 0.6165254237288136, 'f1': 0.6085137080359724}","{'accuracy': 0.6084805653710247, 'balanced_accuracy': 0.6177494922234793, 'precision': 0.6076276989812102, 'recall': 0.6084805653710247, 'f1': 0.6047872158977015}",0.6115266215487812,0.6256812615299341,0.6113482579158848,0.6115266215487812,0.605788025939394,0.006005470352697543,0.007950587960469822,0.00831401558688774,0.006005470352697543,0.006728136653374821
29,0.6042896986362092,2024-07-10 20:52:52.385491,2024-07-10 20:53:04.770791,0 days 00:00:12.385300,gini,10,0.9588788218496458,12,16,230,COMPLETE,"{'accuracy': 0.615819209039548, 'balanced_accuracy': 0.6314393409350126, 'precision': 0.6163032509093945, 'recall': 0.615819209039548, 'f1': 0.6110583501566366}","{'accuracy': 0.5995762711864406, 'balanced_accuracy': 0.6139284832819589, 'precision': 0.5951817080531867, 'recall': 0.5995762711864406, 'f1': 0.5914260265218085}","{'accuracy': 0.606638418079096, 'balanced_accuracy': 0.6242054150449068, 'precision': 0.6065218798926998, 'recall': 0.606638418079096, 'f1': 0.5991003040737835}","{'accuracy': 0.6221751412429378, 'balanced_accuracy': 0.6407664957819835, 'precision': 0.627081947397014, 'recall': 0.6221751412429378, 'f1': 0.6136250152645178}","{'accuracy': 0.6120141342756183, 'balanced_accuracy': 0.6245508375524876, 'precision': 0.6115204604461137, 'recall': 0.6120141342756183, 'f1': 0.6062387971642996}",0.6112446347647282,0.6269781145192699,0.6113218493396818,0.6112446347647282,0.6042896986362092,0.00863659035605762,0.009923386647925199,0.011798075756103655,0.00863659035605762,0.0090714613103307
30,0.6032495305296914,2024-07-10 20:53:04.770791,2024-07-10 20:53:16.537462,0 days 00:00:11.766671,gini,10,0.9637958059966714,5,13,205,COMPLETE,"{'accuracy': 0.614406779661017, 'balanced_accuracy': 0.6281456838330334, 'precision': 0.6147359612509096, 'recall': 0.614406779661017, 'f1': 0.6107288528287428}","{'accuracy': 0.5995762711864406, 'balanced_accuracy': 0.6129666388548712, 'precision': 0.5950292488498952, 'recall': 0.5995762711864406, 'f1': 0.5914761009677431}","{'accuracy': 0.6031073446327684, 'balanced_accuracy': 0.6205823224917042, 'precision': 0.6026965775450066, 'recall': 0.6031073446327684, 'f1': 0.5959690919968667}","{'accuracy': 0.623587570621469, 'balanced_accuracy': 0.6428911577792934, 'precision': 0.6294135423768238, 'recall': 0.623587570621469, 'f1': 0.6155182173515842}","{'accuracy': 0.6070671378091873, 'balanced_accuracy': 0.6177262459474498, 'precision': 0.6066213140077024, 'recall': 0.6070671378091873, 'f1': 0.6025553895035206}",0.6095490207821765,0.6244624097812703,0.6096993288060675,0.6095490207821765,0.6032495305296914,0.009588917719429668,0.011680849608204839,0.013112416151701039,0.009588917719429668,0.00998199878570651
31,0.6038687938810592,2024-07-10 20:53:16.538462,2024-07-10 20:53:24.822798,0 days 00:00:08.284336,gini,10,0.9693359298101988,10,16,147,COMPLETE,"{'accuracy': 0.615819209039548, 'balanced_accuracy': 0.6304215450348806, 'precision': 0.6158600362229071, 'recall': 0.615819209039548, 'f1': 0.6113029391854028}","{'accuracy': 0.5995762711864406, 'balanced_accuracy': 0.6132237551762384, 'precision': 0.5949479041411786, 'recall': 0.5995762711864406, 'f1': 0.5922669887582585}","{'accuracy': 0.6073446327683616, 'balanced_accuracy': 0.6257040373059883, 'precision': 0.6077328722171526, 'recall': 0.6073446327683616, 'f1': 0.5993288608050232}","{'accuracy': 0.6214689265536724, 'balanced_accuracy': 0.6398773538951295, 'precision': 0.6261126063889407, 'recall': 0.6214689265536724, 'f1': 0.6136366888228364}","{'accuracy': 0.607773851590106, 'balanced_accuracy': 0.6182046041964062, 'precision': 0.6058905144949835, 'recall': 0.607773851590106, 'f1': 0.6028084918337756}",0.6103965782276257,0.6254862591217286,0.6101087866930326,0.6103965782276257,0.6038687938810592,0.008445027130547227,0.010427123100641611,0.011645710215554262,0.008445027130547227,0.008760927503316862
32,0.6008910800864677,2024-07-10 20:53:24.823798,2024-07-10 20:53:36.919888,0 days 00:00:12.096090,gini,10,0.9111018068280222,12,14,237,COMPLETE,"{'accuracy': 0.6137005649717514, 'balanced_accuracy': 0.6283529303632092, 'precision': 0.6134405953323512, 'recall': 0.6137005649717514, 'f1': 0.6089654338331516}","{'accuracy': 0.5988700564971752, 'balanced_accuracy': 0.6139119239199581, 'precision': 0.5941465730591238, 'recall': 0.5988700564971752, 'f1': 0.5902757840583752}","{'accuracy': 0.6059322033898306, 'balanced_accuracy': 0.6235400790502296, 'precision': 0.6055492444466138, 'recall': 0.6059322033898306, 'f1': 0.5983303625796903}","{'accuracy': 0.615819209039548, 'balanced_accuracy': 0.6333357051892557, 'precision': 0.6195469804167661, 'recall': 0.615819209039548, 'f1': 0.6079664642257172}","{'accuracy': 0.6042402826855123, 'balanced_accuracy': 0.6151017301151963, 'precision': 0.6027010752590943, 'recall': 0.6042402826855123, 'f1': 0.5989173557354046}",0.6077124633167635,0.6228484737275698,0.6070768937027898,0.6077124633167634,0.6008910800864677,0.006981944746110052,0.008376057299928106,0.009806559696629953,0.006981944746110052,0.00772000033795439
33,0.6034910655025859,2024-07-10 20:53:36.920892,2024-07-10 20:53:52.611399,0 days 00:00:15.690507,gini,9,0.9728748368366579,9,19,298,COMPLETE,"{'accuracy': 0.6151129943502824, 'balanced_accuracy': 0.6332572085249526, 'precision': 0.6156481549773049, 'recall': 0.6151129943502824, 'f1': 0.6087080860449475}","{'accuracy': 0.6002824858757062, 'balanced_accuracy': 0.6165961006477096, 'precision': 0.596675972323738, 'recall': 0.6002824858757062, 'f1': 0.5901207185565801}","{'accuracy': 0.6073446327683616, 'balanced_accuracy': 0.6264813720993485, 'precision': 0.6079051561160289, 'recall': 0.6073446327683616, 'f1': 0.5989247101122452}","{'accuracy': 0.6228813559322034, 'balanced_accuracy': 0.6424889239352416, 'precision': 0.6288783293290617, 'recall': 0.6228813559322034, 'f1': 0.6131288811778985}","{'accuracy': 0.6141342756183745, 'balanced_accuracy': 0.6279661741959329, 'precision': 0.6136483949144075, 'recall': 0.6141342756183745, 'f1': 0.6065729316212582}",0.6119511489089856,0.6293579558806371,0.6125512015321082,0.6119511489089856,0.6034910655025859,0.008538302265853955,0.009496094364659789,0.011736467702044024,0.008538302265853955,0.009072216819934443
34,0.603689330937212,2024-07-10 20:53:52.611399,2024-07-10 20:54:01.287943,0 days 00:00:08.676544,gini,10,0.9204369752941155,12,16,165,COMPLETE,"{'accuracy': 0.6165254237288136, 'balanced_accuracy': 0.63210467692969, 'precision': 0.6173776946742905, 'recall': 0.6165254237288136, 'f1': 0.6118115997209235}","{'accuracy': 0.606638418079096, 'balanced_accuracy': 0.620430644024195, 'precision': 0.6028184483491165, 'recall': 0.606638418079096, 'f1': 0.5992024323039518}","{'accuracy': 0.6080508474576272, 'balanced_accuracy': 0.6263693733006658, 'precision': 0.6081615243884683, 'recall': 0.6080508474576272, 'f1': 0.5997616812746255}","{'accuracy': 0.6186440677966102, 'balanced_accuracy': 0.6367743839613251, 'precision': 0.6220163414420812, 'recall': 0.6186440677966102, 'f1': 0.6100959126006028}","{'accuracy': 0.602826855123675, 'balanced_accuracy': 0.6133411511613559, 'precision': 0.6010670414068016, 'recall': 0.602826855123675, 'f1': 0.5975750287859561}",0.6105371224371644,0.6258040458754464,0.6102882100521516,0.6105371224371644,0.603689330937212,0.0067529992672064765,0.009281204886859002,0.009126334712046625,0.0067529992672064765,0.006707438423470055
35,0.5907399794169989,2024-07-10 20:54:01.288948,2024-07-10 20:54:11.128094,0 days 00:00:09.839146,log_loss,8,0.80742034051412,11,18,218,COMPLETE,"{'accuracy': 0.6024011299435028, 'balanced_accuracy': 0.6274058935093276, 'precision': 0.6015997066942815, 'recall': 0.6024011299435028, 'f1': 0.5870726825595441}","{'accuracy': 0.6101694915254238, 'balanced_accuracy': 0.633650842077602, 'precision': 0.6111559501390009, 'recall': 0.6101694915254238, 'f1': 0.5943357531905966}","{'accuracy': 0.6059322033898306, 'balanced_accuracy': 0.6309397241602955, 'precision': 0.6126565787595031, 'recall': 0.6059322033898306, 'f1': 0.5885014473042516}","{'accuracy': 0.6101694915254238, 'balanced_accuracy': 0.6363019000813518, 'precision': 0.6184398311663027, 'recall': 0.6101694915254238, 'f1': 0.5914532912333065}","{'accuracy': 0.6084805653710247, 'balanced_accuracy': 0.6311417533751271, 'precision': 0.6104581373714614, 'recall': 0.6084805653710247, 'f1': 0.5923367227972955}",0.6074305763510411,0.6318880226407407,0.6108620408261098,0.6074305763510411,0.5907399794169989,0.0033032651386242073,0.0033217283077935245,0.0060556508132656745,0.0033032651386242073,0.0029346245271412844
36,0.6029466516722664,2024-07-10 20:54:11.129096,2024-07-10 20:54:18.549248,0 days 00:00:07.420152,gini,10,0.9956501002261271,20,14,129,COMPLETE,"{'accuracy': 0.617231638418079, 'balanced_accuracy': 0.6339949595020805, 'precision': 0.616351779567971, 'recall': 0.617231638418079, 'f1': 0.610865703216141}","{'accuracy': 0.6024011299435028, 'balanced_accuracy': 0.6172386038933446, 'precision': 0.5990755733062123, 'recall': 0.6024011299435028, 'f1': 0.5934344008501122}","{'accuracy': 0.605225988700565, 'balanced_accuracy': 0.6218569471554203, 'precision': 0.6043023316388283, 'recall': 0.605225988700565, 'f1': 0.597939502509343}","{'accuracy': 0.6179378531073446, 'balanced_accuracy': 0.6370375819645452, 'precision': 0.6221124082332833, 'recall': 0.6179378531073446, 'f1': 0.607936250127228}","{'accuracy': 0.610600706713781, 'balanced_accuracy': 0.6228462100716915, 'precision': 0.6100886143770425, 'recall': 0.610600706713781, 'f1': 0.6045574016585071}",0.6106794633766545,0.6265948605174164,0.6103861414246674,0.6106794633766545,0.6029466516722664,0.006962266375634949,0.008483095505336663,0.009194079436521077,0.006962266375634949,0.0071721064558783664
37,0.5961679569977638,2024-07-10 20:54:18.550250,2024-07-10 20:54:35.927887,0 days 00:00:17.377637,gini,8,0.9523104438730093,9,11,330,COMPLETE,"{'accuracy': 0.6137005649717514, 'balanced_accuracy': 0.6347454489584803, 'precision': 0.6150857059092625, 'recall': 0.6137005649717514, 'f1': 0.604383005455036}","{'accuracy': 0.5988700564971752, 'balanced_accuracy': 0.6175081711362004, 'precision': 0.5956753328743603, 'recall': 0.5988700564971752, 'f1': 0.5865178749693349}","{'accuracy': 0.6073446327683616, 'balanced_accuracy': 0.628875313781731, 'precision': 0.611803244814921, 'recall': 0.6073446327683616, 'f1': 0.5954489150004264}","{'accuracy': 0.614406779661017, 'balanced_accuracy': 0.6375476103141728, 'precision': 0.6198819310586998, 'recall': 0.614406779661017, 'f1': 0.6003794778898216}","{'accuracy': 0.6056537102473498, 'balanced_accuracy': 0.625099942167017, 'precision': 0.6053417971031876, 'recall': 0.6056537102473498, 'f1': 0.5941105116742007}",0.607995148829131,0.6287552972715202,0.6095576023520862,0.6079951488291309,0.5961679569977638,0.006380313454861677,0.007953938601085082,0.009389955031851862,0.006380313454861677,0.006765687607116546
38,0.5976900778533742,2024-07-10 20:54:35.928888,2024-07-10 20:54:46.518038,0 days 00:00:10.589150,log_loss,9,0.6231836781610224,7,20,275,COMPLETE,"{'accuracy': 0.6165254237288136, 'balanced_accuracy': 0.6390567102554027, 'precision': 0.6197958009607413, 'recall': 0.6165254237288136, 'f1': 0.6050923430913238}","{'accuracy': 0.6038135593220338, 'balanced_accuracy': 0.6261474447972349, 'precision': 0.6023967528325255, 'recall': 0.6038135593220338, 'f1': 0.5879640090121806}","{'accuracy': 0.6087570621468926, 'balanced_accuracy': 0.6312630779296665, 'precision': 0.6142053150845067, 'recall': 0.6087570621468926, 'f1': 0.5953540117775293}","{'accuracy': 0.6179378531073446, 'balanced_accuracy': 0.6411707028673755, 'precision': 0.625388186246179, 'recall': 0.6179378531073446, 'f1': 0.6034059388374876}","{'accuracy': 0.6084805653710247, 'balanced_accuracy': 0.6280601668375354, 'precision': 0.6094815302368272, 'recall': 0.6084805653710247, 'f1': 0.5966340865483498}",0.6111028927352219,0.633139620537443,0.6142535170721559,0.6111028927352219,0.5976900778533742,0.00595051319693791,0.006665639837082378,0.008917045591715843,0.00595051319693791,0.006867192564893308
39,0.5926908465619167,2024-07-10 20:54:46.519040,2024-07-10 20:54:53.498854,0 days 00:00:06.979814,gini,9,0.5051742194845481,13,19,202,COMPLETE,"{'accuracy': 0.6024011299435028, 'balanced_accuracy': 0.6249226899247103, 'precision': 0.599476160416507, 'recall': 0.6024011299435028, 'f1': 0.5899637013999274}","{'accuracy': 0.596045197740113, 'balanced_accuracy': 0.6153110941564397, 'precision': 0.5923718079329532, 'recall': 0.596045197740113, 'f1': 0.5829276961845798}","{'accuracy': 0.606638418079096, 'balanced_accuracy': 0.6273600363060542, 'precision': 0.6081602957012302, 'recall': 0.606638418079096, 'f1': 0.5942613293599502}","{'accuracy': 0.6129943502824858, 'balanced_accuracy': 0.6361443316371787, 'precision': 0.6174810248731217, 'recall': 0.6129943502824858, 'f1': 0.5982600831716209}","{'accuracy': 0.6084805653710247, 'balanced_accuracy': 0.6247533559010462, 'precision': 0.6072321126630205, 'recall': 0.6084805653710247, 'f1': 0.5980414226935056}",0.6053119322832445,0.6256983015850858,0.6049442803173666,0.6053119322832445,0.5926908465619167,0.006425816794006633,0.007437564791168462,0.009496239952664664,0.006425816794006633,0.006420044851844345
40,0.6020892085967791,2024-07-10 20:54:53.499854,2024-07-10 20:54:59.234273,0 days 00:00:05.734419,gini,10,0.9088779569085907,17,16,108,COMPLETE,"{'accuracy': 0.6087570621468926, 'balanced_accuracy': 0.6258097627176297, 'precision': 0.608313131672223, 'recall': 0.6087570621468926, 'f1': 0.6023331854985945}","{'accuracy': 0.6002824858757062, 'balanced_accuracy': 0.6136319748495485, 'precision': 0.5955717030158137, 'recall': 0.6002824858757062, 'f1': 0.5920235143206236}","{'accuracy': 0.6115819209039548, 'balanced_accuracy': 0.6296960532740522, 'precision': 0.6117527167819731, 'recall': 0.6115819209039548, 'f1': 0.6031289973496013}","{'accuracy': 0.6179378531073446, 'balanced_accuracy': 0.6376470623387727, 'precision': 0.6208298902292753, 'recall': 0.6179378531073446, 'f1': 0.6080348310855678}","{'accuracy': 0.610600706713781, 'balanced_accuracy': 0.6214637095587338, 'precision': 0.6085948424240415, 'recall': 0.610600706713781, 'f1': 0.6049255147295075}",0.6098320057495359,0.6256497125477474,0.6090124568246653,0.6098320057495359,0.6020892085967791,0.006358197448525068,0.00897612850488992,0.009061982086064561,0.006358197448525068,0.006038500349794782
41,0.604601106194796,2024-07-10 20:54:59.235275,2024-07-10 20:55:07.631291,0 days 00:00:08.396016,gini,10,0.9728675272097275,10,16,151,COMPLETE,"{'accuracy': 0.6193502824858758, 'balanced_accuracy': 0.6337648802228625, 'precision': 0.6198002597935636, 'recall': 0.6193502824858758, 'f1': 0.6151919461600386}","{'accuracy': 0.5988700564971752, 'balanced_accuracy': 0.6117251329151568, 'precision': 0.594403570895921, 'recall': 0.5988700564971752, 'f1': 0.5919818158433597}","{'accuracy': 0.6059322033898306, 'balanced_accuracy': 0.6224829868916487, 'precision': 0.6060256137247252, 'recall': 0.6059322033898306, 'f1': 0.5995476009717678}","{'accuracy': 0.6200564971751412, 'balanced_accuracy': 0.638121711165275, 'precision': 0.6239917059558058, 'recall': 0.6200564971751412, 'f1': 0.6123077056714108}","{'accuracy': 0.6084805653710247, 'balanced_accuracy': 0.6196738026470111, 'precision': 0.6074857377907743, 'recall': 0.6084805653710247, 'f1': 0.6039764623274033}",0.6105379209838094,0.6251537027683909,0.610341377632158,0.6105379209838094,0.604601106194796,0.009080823425007963,0.010721591951196253,0.011796144451226176,0.009080823425007963,0.009443677125945637
42,0.6033560024777386,2024-07-10 20:55:07.632295,2024-07-10 20:55:16.876647,0 days 00:00:09.244352,gini,10,0.9736263141998119,11,17,162,COMPLETE,"{'accuracy': 0.6101694915254238, 'balanced_accuracy': 0.6263404588697707, 'precision': 0.6091752007923877, 'recall': 0.6101694915254238, 'f1': 0.6049619846215736}","{'accuracy': 0.596045197740113, 'balanced_accuracy': 0.6098078133006171, 'precision': 0.5911079218933509, 'recall': 0.596045197740113, 'f1': 0.587862734297806}","{'accuracy': 0.6101694915254238, 'balanced_accuracy': 0.6277892113396607, 'precision': 0.610560544162349, 'recall': 0.6101694915254238, 'f1': 0.6030022982121308}","{'accuracy': 0.6207627118644068, 'balanced_accuracy': 0.6387870471599525, 'precision': 0.6246264543947537, 'recall': 0.6207627118644068, 'f1': 0.6129149640333823}","{'accuracy': 0.6134275618374558, 'balanced_accuracy': 0.6254707259039449, 'precision': 0.6126766168689868, 'recall': 0.6134275618374558, 'f1': 0.6080380312238004}",0.6101148908985646,0.6256390513147891,0.6096293476223655,0.6101148908985647,0.6033560024777386,0.008976526445400384,0.010351828171155044,0.012024097146755713,0.008976526445400384,0.009434521496217513
43,0.603032710865028,2024-07-10 20:55:16.877648,2024-07-10 20:55:23.365027,0 days 00:00:06.487379,gini,9,0.9353233254015115,10,15,119,COMPLETE,"{'accuracy': 0.6151129943502824, 'balanced_accuracy': 0.6323679707855042, 'precision': 0.61551307327494, 'recall': 0.6151129943502824, 'f1': 0.6094052735839303}","{'accuracy': 0.6009887005649718, 'balanced_accuracy': 0.6148341845308138, 'precision': 0.5975928184289373, 'recall': 0.6009887005649718, 'f1': 0.5925352985291823}","{'accuracy': 0.6059322033898306, 'balanced_accuracy': 0.6227627442568696, 'precision': 0.60711080602805, 'recall': 0.6059322033898306, 'f1': 0.5986807632887491}","{'accuracy': 0.6207627118644068, 'balanced_accuracy': 0.6408619352186653, 'precision': 0.6261677272462955, 'recall': 0.6207627118644068, 'f1': 0.6115306728723049}","{'accuracy': 0.6091872791519435, 'balanced_accuracy': 0.6222443257386319, 'precision': 0.6074377822753089, 'recall': 0.6091872791519435, 'f1': 0.603011546050974}",0.610396777864287,0.626614232106097,0.6107644414507063,0.610396777864287,0.603032710865028,0.007739549671664264,0.010109427703434655,0.010697173500524172,0.007739549671664264,0.007777539380939577
44,0.6064828429576006,2024-07-10 20:55:23.366029,2024-07-10 20:55:33.904459,0 days 00:00:10.538430,gini,10,0.9751805067407778,8,13,191,COMPLETE,"{'accuracy': 0.6207627118644068, 'balanced_accuracy': 0.6358335907471283, 'precision': 0.6218256819931346, 'recall': 0.6207627118644068, 'f1': 0.6167616066993185}","{'accuracy': 0.6087570621468926, 'balanced_accuracy': 0.6220742879553666, 'precision': 0.6048681787933061, 'recall': 0.6087570621468926, 'f1': 0.6015413747599171}","{'accuracy': 0.6059322033898306, 'balanced_accuracy': 0.6233162731580529, 'precision': 0.606495212493475, 'recall': 0.6059322033898306, 'f1': 0.599109866263711}","{'accuracy': 0.6242937853107344, 'balanced_accuracy': 0.6427791589806107, 'precision': 0.6296529042747218, 'recall': 0.6242937853107344, 'f1': 0.6163671774786376}","{'accuracy': 0.6035335689045936, 'balanced_accuracy': 0.6135957035181356, 'precision': 0.6017086649365598, 'recall': 0.6035335689045936, 'f1': 0.5986341895864191}",0.6126558663232916,0.6275198028718588,0.6129101284982396,0.6126558663232916,0.6064828429576006,0.009284216854825033,0.011653013078830977,0.01215632061059591,0.009284216854825033,0.00927002300428823
45,0.601206313791091,2024-07-10 20:55:33.904459,2024-07-10 20:55:43.353900,0 days 00:00:09.449441,gini,9,0.8986904469714099,8,13,189,COMPLETE,"{'accuracy': 0.6137005649717514, 'balanced_accuracy': 0.6323348520615024, 'precision': 0.6141166246023378, 'recall': 0.6137005649717514, 'f1': 0.6069326260804819}","{'accuracy': 0.6024011299435028, 'balanced_accuracy': 0.6192575404790134, 'precision': 0.5987890770802413, 'recall': 0.6024011299435028, 'f1': 0.5921009396617927}","{'accuracy': 0.6059322033898306, 'balanced_accuracy': 0.6248935837886266, 'precision': 0.6072657680182083, 'recall': 0.6059322033898306, 'f1': 0.5970962466994009}","{'accuracy': 0.617231638418079, 'balanced_accuracy': 0.6380388185026762, 'precision': 0.6216919128375286, 'recall': 0.617231638418079, 'f1': 0.6062260301396938}","{'accuracy': 0.6120141342756183, 'balanced_accuracy': 0.6277074988897119, 'precision': 0.6109637889818433, 'recall': 0.6120141342756183, 'f1': 0.6036757263740863}",0.6102559341997564,0.628446458744306,0.6105654343040319,0.6102559341997564,0.601206313791091,0.006000204080371384,0.007154337309053187,0.00845781518183928,0.006000204080371384,0.006400911901709877
46,0.6050866884355566,2024-07-10 20:55:43.354898,2024-07-10 20:55:47.647802,0 days 00:00:04.292904,gini,10,0.7063403944226982,6,12,88,COMPLETE,"{'accuracy': 0.617231638418079, 'balanced_accuracy': 0.6330830807187787, 'precision': 0.6179393931585617, 'recall': 0.617231638418079, 'f1': 0.6128176101975787}","{'accuracy': 0.6045197740112994, 'balanced_accuracy': 0.6175287430861193, 'precision': 0.6006589893497376, 'recall': 0.6045197740112994, 'f1': 0.5970392831260777}","{'accuracy': 0.6045197740112994, 'balanced_accuracy': 0.6217118296327357, 'precision': 0.6050363584487379, 'recall': 0.6045197740112994, 'f1': 0.5965460539380077}","{'accuracy': 0.6165254237288136, 'balanced_accuracy': 0.6353152496638813, 'precision': 0.6194025274222016, 'recall': 0.6165254237288136, 'f1': 0.6078748012899993}","{'accuracy': 0.615547703180212, 'balanced_accuracy': 0.6250197368804592, 'precision': 0.6142817096660635, 'recall': 0.615547703180212, 'f1': 0.6111556936261192}",0.6116688626699407,0.6265317279963949,0.6114637956090604,0.6116688626699407,0.6050866884355566,0.006553529589942073,0.0075273127682064025,0.008230328863540913,0.006553529589942073,0.007779407407033697
47,0.602052879969643,2024-07-10 20:55:47.648803,2024-07-10 20:55:51.254454,0 days 00:00:03.605651,gini,9,0.6861037412357901,5,8,77,COMPLETE,"{'accuracy': 0.6129943502824858, 'balanced_accuracy': 0.6318540257005529, 'precision': 0.6141151304759617, 'recall': 0.6129943502824858, 'f1': 0.6064264422719758}","{'accuracy': 0.6024011299435028, 'balanced_accuracy': 0.6201467782184618, 'precision': 0.5984132758227686, 'recall': 0.6024011299435028, 'f1': 0.5915414887272181}","{'accuracy': 0.6165254237288136, 'balanced_accuracy': 0.6350188370840651, 'precision': 0.6190935555743496, 'recall': 0.6165254237288136, 'f1': 0.6078079156892046}","{'accuracy': 0.6151129943502824, 'balanced_accuracy': 0.6361154172062836, 'precision': 0.6193252250111227, 'recall': 0.6151129943502824, 'f1': 0.6050173458055473}","{'accuracy': 0.6091872791519435, 'balanced_accuracy': 0.6252508374765909, 'precision': 0.60922703888562, 'recall': 0.6091872791519435, 'f1': 0.5994712073542688}",0.6112442354914056,0.6296771791371909,0.6120348451539644,0.6112442354914057,0.602052879969643,0.0056646432191894205,0.006803380082433598,0.008670835388913814,0.0056646432191894205,0.006674408595193277
48,0.5418256853074721,2024-07-10 20:55:51.255455,2024-07-10 20:55:54.078037,0 days 00:00:02.822582,gini,5,0.7324815467490817,7,11,74,COMPLETE,"{'accuracy': 0.5692090395480226, 'balanced_accuracy': 0.6004207241400409, 'precision': 0.5603660069295268, 'recall': 0.5692090395480226, 'f1': 0.5352608773021444}","{'accuracy': 0.5896892655367232, 'balanced_accuracy': 0.6187476377293368, 'precision': 0.5956596544442391, 'recall': 0.5896892655367232, 'f1': 0.5572193392839462}","{'accuracy': 0.5819209039548022, 'balanced_accuracy': 0.6130622038915043, 'precision': 0.5898956983015173, 'recall': 0.5819209039548022, 'f1': 0.5459847676690498}","{'accuracy': 0.5635593220338984, 'balanced_accuracy': 0.5975645845526444, 'precision': 0.5570139050712922, 'recall': 0.5635593220338984, 'f1': 0.5239608033474492}","{'accuracy': 0.5766784452296819, 'balanced_accuracy': 0.6063534246548737, 'precision': 0.5725829976341089, 'recall': 0.5766784452296819, 'f1': 0.5467026389347709}",0.5762113952606256,0.6072297149936801,0.5751036524761368,0.5762113952606256,0.5418256853074721,0.010290499925198981,0.008763924043099421,0.01726372421346287,0.010290499925198981,0.01265205454771073
49,0.5901895367936778,2024-07-10 20:55:54.079038,2024-07-10 20:55:58.388366,0 days 00:00:04.309328,gini,8,0.7133456145286303,3,14,97,COMPLETE,"{'accuracy': 0.594632768361582, 'balanced_accuracy': 0.6189015472486128, 'precision': 0.5930042608799194, 'recall': 0.594632768361582, 'f1': 0.5814184113701673}","{'accuracy': 0.6031073446327684, 'balanced_accuracy': 0.6236083855921678, 'precision': 0.6019794565340807, 'recall': 0.6031073446327684, 'f1': 0.590268780942082}","{'accuracy': 0.6002824858757062, 'balanced_accuracy': 0.6230219296721714, 'precision': 0.6047230841237669, 'recall': 0.6002824858757062, 'f1': 0.5867411971197358}","{'accuracy': 0.6137005649717514, 'balanced_accuracy': 0.639180968270385, 'precision': 0.6210412068661365, 'recall': 0.6137005649717514, 'f1': 0.5967994335654304}","{'accuracy': 0.6113074204946997, 'balanced_accuracy': 0.6340651498991897, 'precision': 0.6133304229962683, 'recall': 0.6113074204946997, 'f1': 0.5957198609709741}",0.6046061168673015,0.6277555961365053,0.6068156862800343,0.6046061168673015,0.5901895367936778,0.007874392678329881,0.008490446576677413,0.010762560150243818,0.007874392678329881,0.006385632078661143
