number,value,datetime_start,datetime_complete,duration,params_alpha,params_colsample_bytree,params_gamma,params_lambda,params_learning_rate,params_max_depth,params_max_leaves,params_n_estimators,state,fold_0,fold_1,fold_2,fold_3,fold_4,accuracy,balanced_accuracy,precision,recall,f1,accuracy_std,balanced_accuracy_std,precision_std,recall_std,f1_std
0,0.5546892781260931,2024-07-10 20:24:53.167847,2024-07-10 20:25:03.927166,0 days 00:00:10.759319,0.5808361216819946,0.5780093202212182,8.661761457749352,1.5599452033620265,0.18361096041714062,10,4,218,COMPLETE,"{'accuracy': 0.5741525423728814, 'balanced_accuracy': 0.6041209152317731, 'precision': 0.5693931832791383, 'recall': 0.5741525423728814, 'f1': 0.5507858968600656}","{'accuracy': 0.5805084745762712, 'balanced_accuracy': 0.6103553861198991, 'precision': 0.5808870525687009, 'recall': 0.5805084745762712, 'f1': 0.5512784389290412}","{'accuracy': 0.5939265536723164, 'balanced_accuracy': 0.6248691909559786, 'precision': 0.6029966129661566, 'recall': 0.5939265536723164, 'f1': 0.5737679355904746}","{'accuracy': 0.5833333333333334, 'balanced_accuracy': 0.615566554541607, 'precision': 0.588209723420315, 'recall': 0.5833333333333334, 'f1': 0.5563669677864902}","{'accuracy': 0.5745583038869257, 'balanced_accuracy': 0.6089348251742004, 'precision': 0.5784680166097517, 'recall': 0.5745583038869257, 'f1': 0.5412471514643942}",0.5812958415683456,0.6127693744046917,0.5839909177688125,0.5812958415683456,0.5546892781260931,0.008073526880033096,0.007898682336297718,0.012572241642640135,0.008073526880033096,0.011983017063380567
1,0.6063459913183846,2024-07-10 20:25:03.928165,2024-07-10 20:25:19.352510,0 days 00:00:15.424345,1.8182496720710062,0.9162213204002109,1.8340450985343382,2.1233911067827616,0.29127385712697834,8,0,321,COMPLETE,"{'accuracy': 0.6101694915254238, 'balanced_accuracy': 0.6196515276946836, 'precision': 0.610831559474556, 'recall': 0.6101694915254238, 'f1': 0.6089260058481824}","{'accuracy': 0.6087570621468926, 'balanced_accuracy': 0.6229408846509615, 'precision': 0.6051251154501887, 'recall': 0.6087570621468926, 'f1': 0.6025685731933856}","{'accuracy': 0.6009887005649718, 'balanced_accuracy': 0.6161757176106945, 'precision': 0.6022778785519883, 'recall': 0.6009887005649718, 'f1': 0.5968047131268864}","{'accuracy': 0.6129943502824858, 'balanced_accuracy': 0.6278328077438108, 'precision': 0.6148898096857143, 'recall': 0.6129943502824858, 'f1': 0.6089459403080119}","{'accuracy': 0.6169611307420495, 'balanced_accuracy': 0.6255670882471955, 'precision': 0.6151384318370534, 'recall': 0.6169611307420495, 'f1': 0.6144847241154565}",0.6099741470523646,0.6224336051894691,0.6096525589999002,0.6099741470523646,0.6063459913183846,0.005920246454735649,0.004640273399367073,0.005783539021554024,0.005920246454735649,0.006800001075062315
2,0.5516061795317633,2024-07-10 20:25:19.353510,2024-07-10 20:25:28.867489,0 days 00:00:09.513979,2.9214464853521815,0.8059264473611898,3.663618432936917,1.3949386065204183,0.09445645065743215,6,2,187,COMPLETE,"{'accuracy': 0.5706214689265536, 'balanced_accuracy': 0.5974384491489162, 'precision': 0.564400542022164, 'recall': 0.5706214689265536, 'f1': 0.5531462141819957}","{'accuracy': 0.576271186440678, 'balanced_accuracy': 0.6034885062559088, 'precision': 0.5708894276622344, 'recall': 0.576271186440678, 'f1': 0.5539883426526898}","{'accuracy': 0.5755649717514124, 'balanced_accuracy': 0.6003959181496584, 'precision': 0.5717643156990551, 'recall': 0.5755649717514124, 'f1': 0.5570248456042305}","{'accuracy': 0.5790960451977402, 'balanced_accuracy': 0.6082973449809704, 'precision': 0.5749136300504384, 'recall': 0.5790960451977402, 'f1': 0.555584363412103}","{'accuracy': 0.5625441696113074, 'balanced_accuracy': 0.589198083914264, 'precision': 0.5532189858111515, 'recall': 0.5625441696113074, 'f1': 0.5382871318077973}",0.5728195683855384,0.5997636604899436,0.5670373802490086,0.5728195683855383,0.5516061795317633,0.006505008247786506,0.007143808733404769,0.008618561939672963,0.006505008247786506,0.007593275464557516
3,0.21534102145881046,2024-07-10 20:25:28.868489,2024-07-10 20:25:40.581851,0 days 00:00:11.713362,6.075448519014383,0.7962072844310213,1.7052412368729153,0.46450412719997725,0.15912798713994736,9,1,255,COMPLETE,"{'accuracy': 0.3862994350282486, 'balanced_accuracy': 0.3333333333333333, 'precision': 0.14922725350314406, 'recall': 0.3862994350282486, 'f1': 0.21528863062705245}","{'accuracy': 0.3862994350282486, 'balanced_accuracy': 0.3333333333333333, 'precision': 0.14922725350314406, 'recall': 0.3862994350282486, 'f1': 0.21528863062705245}","{'accuracy': 0.3862994350282486, 'balanced_accuracy': 0.3333333333333333, 'precision': 0.14922725350314406, 'recall': 0.3862994350282486, 'f1': 0.21528863062705245}","{'accuracy': 0.3862994350282486, 'balanced_accuracy': 0.3333333333333333, 'precision': 0.14922725350314406, 'recall': 0.3862994350282486, 'f1': 0.21528863062705245}","{'accuracy': 0.38657243816254416, 'balanced_accuracy': 0.3333333333333333, 'precision': 0.14943824994693403, 'recall': 0.38657243816254416, 'f1': 0.21555058478584266}",0.38635403565510773,0.3333333333333333,0.14926945279190204,0.38635403565510773,0.21534102145881046,0.0001220907132710791,0.0,9.436047826501639e-05,0.0001220907132710791,0.00011714946120873757
4,0.5644847487255235,2024-07-10 20:25:40.582851,2024-07-10 20:25:46.631776,0 days 00:00:06.048925,6.842330265121569,0.6523068845866853,4.4015249373960135,0.9767211400638387,0.24443523095377373,10,5,79,COMPLETE,"{'accuracy': 0.586864406779661, 'balanced_accuracy': 0.6153529387717954, 'precision': 0.5870880021734258, 'recall': 0.586864406779661, 'f1': 0.5650149289212412}","{'accuracy': 0.586864406779661, 'balanced_accuracy': 0.611265099956672, 'precision': 0.5812216850721499, 'recall': 0.586864406779661, 'f1': 0.5651524601849023}","{'accuracy': 0.588276836158192, 'balanced_accuracy': 0.6177513723050679, 'precision': 0.5901845920951496, 'recall': 0.588276836158192, 'f1': 0.5692510316579295}","{'accuracy': 0.5875706214689266, 'balanced_accuracy': 0.6170027602374141, 'precision': 0.5926562125776915, 'recall': 0.5875706214689266, 'f1': 0.5627674113332589}","{'accuracy': 0.5830388692579506, 'balanced_accuracy': 0.612325162293823, 'precision': 0.5824855328588608, 'recall': 0.5830388692579506, 'f1': 0.5602379115302852}",0.5865230280888782,0.6147394667129544,0.5867272049554555,0.5865230280888782,0.5644847487255235,0.0020338225226211185,0.0028491450922181008,0.004887211966225054,0.0020338225226211185,0.0033327637369903137
5,0.5893137532299149,2024-07-10 20:25:46.632776,2024-07-10 20:25:53.569702,0 days 00:00:06.936926,3.1171107608941098,0.6293899908000085,5.200680211778108,6.62522284353982,0.2737029166028468,6,0,105,COMPLETE,"{'accuracy': 0.5995762711864406, 'balanced_accuracy': 0.6234077000068168, 'precision': 0.6001199073364636, 'recall': 0.5995762711864406, 'f1': 0.5870667554850244}","{'accuracy': 0.596045197740113, 'balanced_accuracy': 0.6155682104778071, 'precision': 0.5935691676954614, 'recall': 0.596045197740113, 'f1': 0.5840100087433848}","{'accuracy': 0.6009887005649718, 'balanced_accuracy': 0.6272215755807887, 'precision': 0.60428455757639, 'recall': 0.6009887005649718, 'f1': 0.5861988735996798}","{'accuracy': 0.6186440677966102, 'balanced_accuracy': 0.6408515533911114, 'precision': 0.6237590586139266, 'recall': 0.6186440677966102, 'f1': 0.6064532472959465}","{'accuracy': 0.5978798586572438, 'balanced_accuracy': 0.6214046426737324, 'precision': 0.5964512465265932, 'recall': 0.5978798586572438, 'f1': 0.582839881025539}",0.6026268191890759,0.6256907364260512,0.6036367875497669,0.6026268191890759,0.5893137532299149,0.009143206547579438,0.009463643934603472,0.011944484234869148,0.009143206547579438,0.009728237991960813
6,0.5437187795907688,2024-07-10 20:25:53.570700,2024-07-10 20:26:07.007592,0 days 00:00:13.436892,5.978999788110851,0.9697494707820946,9.218742350231167,8.948273504276488,0.2347885187747232,3,5,296,COMPLETE,"{'accuracy': 0.5783898305084746, 'balanced_accuracy': 0.6105235280968149, 'precision': 0.5784560521225417, 'recall': 0.5783898305084746, 'f1': 0.5495928611285941}","{'accuracy': 0.5896892655367232, 'balanced_accuracy': 0.6238592582738506, 'precision': 0.6023361922932438, 'recall': 0.5896892655367232, 'f1': 0.5510581953983162}","{'accuracy': 0.5769774011299436, 'balanced_accuracy': 0.6111784822639383, 'precision': 0.5868816425820023, 'recall': 0.5769774011299436, 'f1': 0.5428593580946752}","{'accuracy': 0.5755649717514124, 'balanced_accuracy': 0.6062742041021948, 'precision': 0.5785526188963953, 'recall': 0.5755649717514124, 'f1': 0.5454769068340544}","{'accuracy': 0.5653710247349824, 'balanced_accuracy': 0.6007890205007927, 'precision': 0.5621362790947644, 'recall': 0.5653710247349824, 'f1': 0.5296065764982042}",0.5771984987323072,0.6105248986475182,0.5816725569977895,0.5771984987323072,0.5437187795907688,0.008660902990850377,0.00853065131557892,0.014627597785696458,0.008660902990850377,0.00853457308754248
7,0.5707928299868275,2024-07-10 20:26:07.008592,2024-07-10 20:26:13.470808,0 days 00:00:06.462216,8.287375091519294,0.6943386448447411,3.567533266935893,2.713490317738959,0.10434579592134664,3,0,89,COMPLETE,"{'accuracy': 0.5932203389830508, 'balanced_accuracy': 0.6213183216800376, 'precision': 0.5939784862092701, 'recall': 0.5932203389830508, 'f1': 0.5729891132881108}","{'accuracy': 0.5840395480225988, 'balanced_accuracy': 0.6077704697115585, 'precision': 0.5776818229823482, 'recall': 0.5840395480225988, 'f1': 0.5633282725282499}","{'accuracy': 0.596045197740113, 'balanced_accuracy': 0.6234761024013494, 'precision': 0.5985212559392455, 'recall': 0.596045197740113, 'f1': 0.578496603010842}","{'accuracy': 0.5988700564971752, 'balanced_accuracy': 0.6273850340016255, 'precision': 0.6047394687261474, 'recall': 0.5988700564971752, 'f1': 0.575654100884254}","{'accuracy': 0.5844522968197879, 'balanced_accuracy': 0.6113766916947926, 'precision': 0.5812976743406028, 'recall': 0.5844522968197879, 'f1': 0.5634960602226804}",0.5913254876125451,0.6182653238978727,0.5912437416395228,0.5913254876125451,0.5707928299868275,0.0067659499045125,0.008325222796838531,0.011461081801247554,0.0067659499045125,0.007013668813940622
8,0.5986604971907095,2024-07-10 20:26:13.471806,2024-07-10 20:26:23.117981,0 days 00:00:09.646175,7.722447692966574,0.5372753218398854,1.987156815341724,9.868869366005173,0.2426371244186715,6,0,176,COMPLETE,"{'accuracy': 0.617231638418079, 'balanced_accuracy': 0.6351639546067497, 'precision': 0.6155382272799718, 'recall': 0.617231638418079, 'f1': 0.6090720559294875}","{'accuracy': 0.5995762711864406, 'balanced_accuracy': 0.6171723664453411, 'precision': 0.5941676440092012, 'recall': 0.5995762711864406, 'f1': 0.5884012651642874}","{'accuracy': 0.6059322033898306, 'balanced_accuracy': 0.6261351855809352, 'precision': 0.6070959619584009, 'recall': 0.6059322033898306, 'f1': 0.5957999311755278}","{'accuracy': 0.615819209039548, 'balanced_accuracy': 0.6380783064663139, 'precision': 0.6183412090772282, 'recall': 0.615819209039548, 'f1': 0.6039667659296689}","{'accuracy': 0.6042402826855123, 'balanced_accuracy': 0.6202577766755848, 'precision': 0.6018251148938653, 'recall': 0.6042402826855123, 'f1': 0.5960624677545753}",0.6085599209438821,0.627361517954985,0.6073936314437335,0.6085599209438821,0.5986604971907095,0.007651243114677345,0.009103754904490337,0.009902116247097447,0.007651243114677345,0.008011577247197981
9,0.5908922394446845,2024-07-10 20:26:23.118980,2024-07-10 20:26:28.209035,0 days 00:00:05.090055,3.5846572854427263,0.8856351733429728,1.1586905952512971,0.7404465173409036,0.2214120787318863,9,4,52,COMPLETE,"{'accuracy': 0.6038135593220338, 'balanced_accuracy': 0.6258783568173512, 'precision': 0.603529987484581, 'recall': 0.6038135593220338, 'f1': 0.5928287394677334}","{'accuracy': 0.6115819209039548, 'balanced_accuracy': 0.6303841261651776, 'precision': 0.6099086476911564, 'recall': 0.6115819209039548, 'f1': 0.6009046606505972}","{'accuracy': 0.5988700564971752, 'balanced_accuracy': 0.6187604423138462, 'precision': 0.600093129418863, 'recall': 0.5988700564971752, 'f1': 0.5893654382850481}","{'accuracy': 0.6031073446327684, 'balanced_accuracy': 0.6268689239701452, 'precision': 0.6063037354329169, 'recall': 0.6031073446327684, 'f1': 0.5878867576302375}","{'accuracy': 0.5943462897526501, 'balanced_accuracy': 0.6131648453587224, 'precision': 0.5921547570000398, 'recall': 0.5943462897526501, 'f1': 0.5834756011898063}",0.6023438342217164,0.6230113389250485,0.6023980514055114,0.6023438342217166,0.5908922394446845,0.0064053324422126915,0.0069368995814769385,0.00676724554779629,0.0064053324422126915,0.0065262772019283755
10,0.5340477496595115,2024-07-10 20:26:28.210038,2024-07-10 20:26:47.019928,0 days 00:00:18.809890,0.15594799658456093,0.9913318697624587,0.12307547750103565,4.224910644202765,0.015208943928297747,8,2,451,COMPLETE,"{'accuracy': 0.568502824858757, 'balanced_accuracy': 0.5997600717014425, 'precision': 0.5635146193053784, 'recall': 0.568502824858757, 'f1': 0.5454382908482281}","{'accuracy': 0.5741525423728814, 'balanced_accuracy': 0.6062184443343396, 'precision': 0.5726293687036333, 'recall': 0.5741525423728814, 'f1': 0.5443957548025918}","{'accuracy': 0.5706214689265536, 'balanced_accuracy': 0.6024108421474091, 'precision': 0.5718518923442945, 'recall': 0.5706214689265536, 'f1': 0.5421283640725394}","{'accuracy': 0.5649717514124294, 'balanced_accuracy': 0.5982964455531086, 'precision': 0.5622087217792824, 'recall': 0.5649717514124294, 'f1': 0.531913737336498}","{'accuracy': 0.5498233215547703, 'balanced_accuracy': 0.5859249857122734, 'precision': 0.5434563305514625, 'recall': 0.5498233215547703, 'f1': 0.5063626012377002}",0.5656143818250784,0.5985221578897146,0.5627321865368102,0.5656143818250784,0.5340477496595115,0.00943510424224859,0.007658766444833367,0.011764013868743024,0.00943510424224859,0.01637943390381363
11,0.21534102145881046,2024-07-10 20:26:47.020928,2024-07-10 20:27:03.511961,0 days 00:00:16.491033,9.494704016034676,0.535874097293578,2.400665831386537,8.9054002986905,0.2842848187923769,7,1,385,COMPLETE,"{'accuracy': 0.3862994350282486, 'balanced_accuracy': 0.3333333333333333, 'precision': 0.14922725350314406, 'recall': 0.3862994350282486, 'f1': 0.21528863062705245}","{'accuracy': 0.3862994350282486, 'balanced_accuracy': 0.3333333333333333, 'precision': 0.14922725350314406, 'recall': 0.3862994350282486, 'f1': 0.21528863062705245}","{'accuracy': 0.3862994350282486, 'balanced_accuracy': 0.3333333333333333, 'precision': 0.14922725350314406, 'recall': 0.3862994350282486, 'f1': 0.21528863062705245}","{'accuracy': 0.3862994350282486, 'balanced_accuracy': 0.3333333333333333, 'precision': 0.14922725350314406, 'recall': 0.3862994350282486, 'f1': 0.21528863062705245}","{'accuracy': 0.38657243816254416, 'balanced_accuracy': 0.3333333333333333, 'precision': 0.14943824994693403, 'recall': 0.38657243816254416, 'f1': 0.21555058478584266}",0.38635403565510773,0.3333333333333333,0.14926945279190204,0.38635403565510773,0.21534102145881046,0.0001220907132710791,0.0,9.436047826501639e-05,0.0001220907132710791,0.00011714946120873757
12,0.5676025303162016,2024-07-10 20:27:03.512961,2024-07-10 20:27:18.969231,0 days 00:00:15.456270,7.7840339316858245,0.8957346661249763,6.526812002249811,5.647648705410022,0.2914577543381774,4,0,345,COMPLETE,"{'accuracy': 0.6009887005649718, 'balanced_accuracy': 0.6297833716823037, 'precision': 0.6068204408148706, 'recall': 0.6009887005649718, 'f1': 0.5798964756750598}","{'accuracy': 0.5918079096045198, 'balanced_accuracy': 0.6180139951927214, 'precision': 0.5907915036254809, 'recall': 0.5918079096045198, 'f1': 0.5680323124688166}","{'accuracy': 0.5953389830508474, 'balanced_accuracy': 0.6249416059384291, 'precision': 0.6044996199110311, 'recall': 0.5953389830508474, 'f1': 0.5756413417729375}","{'accuracy': 0.5847457627118644, 'balanced_accuracy': 0.6154544598903299, 'precision': 0.5852652316239301, 'recall': 0.5847457627118644, 'f1': 0.5576814950340984}","{'accuracy': 0.5837455830388693, 'balanced_accuracy': 0.6136619159650304, 'precision': 0.5820844308016642, 'recall': 0.5837455830388693, 'f1': 0.5567610266300959}",0.5913253877942145,0.620371069733763,0.5938922453553953,0.5913253877942145,0.5676025303162016,0.00725372825243013,0.006786435482006281,0.011215158074407316,0.00725372825243013,0.010391263615013645
13,0.21534102145881046,2024-07-10 20:27:18.969231,2024-07-10 20:27:29.178240,0 days 00:00:10.209009,4.381301674911344,0.7571114615865944,0.05233051918239284,7.540785161548168,0.1993496275118838,5,1,206,COMPLETE,"{'accuracy': 0.3862994350282486, 'balanced_accuracy': 0.3333333333333333, 'precision': 0.14922725350314406, 'recall': 0.3862994350282486, 'f1': 0.21528863062705245}","{'accuracy': 0.3862994350282486, 'balanced_accuracy': 0.3333333333333333, 'precision': 0.14922725350314406, 'recall': 0.3862994350282486, 'f1': 0.21528863062705245}","{'accuracy': 0.3862994350282486, 'balanced_accuracy': 0.3333333333333333, 'precision': 0.14922725350314406, 'recall': 0.3862994350282486, 'f1': 0.21528863062705245}","{'accuracy': 0.3862994350282486, 'balanced_accuracy': 0.3333333333333333, 'precision': 0.14922725350314406, 'recall': 0.3862994350282486, 'f1': 0.21528863062705245}","{'accuracy': 0.38657243816254416, 'balanced_accuracy': 0.3333333333333333, 'precision': 0.14943824994693403, 'recall': 0.38657243816254416, 'f1': 0.21555058478584266}",0.38635403565510773,0.3333333333333333,0.14926945279190204,0.38635403565510773,0.21534102145881046,0.0001220907132710791,0.0,9.436047826501639e-05,0.0001220907132710791,0.00011714946120873757
14,0.6047939595218187,2024-07-10 20:27:29.179240,2024-07-10 20:27:37.866330,0 days 00:00:08.687090,1.715744186718966,0.5065701578589041,2.32782657873316,3.708038543603693,0.29933672443645915,7,0,151,COMPLETE,"{'accuracy': 0.5988700564971752, 'balanced_accuracy': 0.615220146570648, 'precision': 0.5958820061009118, 'recall': 0.5988700564971752, 'f1': 0.5926291567232944}","{'accuracy': 0.6137005649717514, 'balanced_accuracy': 0.6268042466057472, 'precision': 0.6093587106015819, 'recall': 0.6137005649717514, 'f1': 0.6065224888925274}","{'accuracy': 0.6038135593220338, 'balanced_accuracy': 0.6225452117517344, 'precision': 0.6030158470792532, 'recall': 0.6038135593220338, 'f1': 0.5953163199680186}","{'accuracy': 0.6257062146892656, 'balanced_accuracy': 0.6442217339160538, 'precision': 0.6278570567897411, 'recall': 0.6257062146892656, 'f1': 0.6167547751604198}","{'accuracy': 0.615547703180212, 'balanced_accuracy': 0.6257308197168868, 'precision': 0.6149171077063749, 'recall': 0.615547703180212, 'f1': 0.6127470568648337}",0.6115276197320876,0.626904431712214,0.6102061456555725,0.6115276197320876,0.6047939595218187,0.01050756812920977,0.01068645960694548,0.012158817182184763,0.01050756812920977,0.010572473226641656
15,0.5835493023253356,2024-07-10 20:27:37.867331,2024-07-10 20:27:58.183625,0 days 00:00:20.316294,1.4518244143096777,0.870576595589974,2.879092994650642,3.849491018344544,0.29849181463714203,8,3,483,COMPLETE,"{'accuracy': 0.597457627118644, 'balanced_accuracy': 0.6197284642753811, 'precision': 0.5976808325002532, 'recall': 0.597457627118644, 'f1': 0.5852218327215315}","{'accuracy': 0.5953389830508474, 'balanced_accuracy': 0.6159206703832618, 'precision': 0.5923469967780863, 'recall': 0.5953389830508474, 'f1': 0.5830028140878084}","{'accuracy': 0.596045197740113, 'balanced_accuracy': 0.6160431468620927, 'precision': 0.5963445690312743, 'recall': 0.596045197740113, 'f1': 0.5869925314006403}","{'accuracy': 0.6002824858757062, 'balanced_accuracy': 0.6244873373566567, 'precision': 0.6039575482853548, 'recall': 0.6002824858757062, 'f1': 0.5844153496830861}","{'accuracy': 0.5908127208480566, 'balanced_accuracy': 0.6119862817010442, 'precision': 0.5875495772527533, 'recall': 0.5908127208480566, 'f1': 0.578113983733612}",0.5959874029266734,0.6176331801156872,0.5955759047695444,0.5959874029266734,0.5835493023253356,0.003457253964648562,0.004709512825927033,0.0061261997549254335,0.003457253964648562,0.0033632038298466783
16,0.21534102145881046,2024-07-10 20:27:58.184625,2024-07-10 20:28:12.057719,0 days 00:00:13.873094,1.8261883875182505,0.737100571964584,6.394684662708778,2.8546271189156833,0.13273876832073694,7,1,316,COMPLETE,"{'accuracy': 0.3862994350282486, 'balanced_accuracy': 0.3333333333333333, 'precision': 0.14922725350314406, 'recall': 0.3862994350282486, 'f1': 0.21528863062705245}","{'accuracy': 0.3862994350282486, 'balanced_accuracy': 0.3333333333333333, 'precision': 0.14922725350314406, 'recall': 0.3862994350282486, 'f1': 0.21528863062705245}","{'accuracy': 0.3862994350282486, 'balanced_accuracy': 0.3333333333333333, 'precision': 0.14922725350314406, 'recall': 0.3862994350282486, 'f1': 0.21528863062705245}","{'accuracy': 0.3862994350282486, 'balanced_accuracy': 0.3333333333333333, 'precision': 0.14922725350314406, 'recall': 0.3862994350282486, 'f1': 0.21528863062705245}","{'accuracy': 0.38657243816254416, 'balanced_accuracy': 0.3333333333333333, 'precision': 0.14943824994693403, 'recall': 0.38657243816254416, 'f1': 0.21555058478584266}",0.38635403565510773,0.3333333333333333,0.14926945279190204,0.38635403565510773,0.21534102145881046,0.0001220907132710791,0.0,9.436047826501639e-05,0.0001220907132710791,0.00011714946120873757
17,0.5804421206431709,2024-07-10 20:28:12.058719,2024-07-10 20:28:19.997365,0 days 00:00:07.938646,2.036112835028515,0.5004403024714282,0.978648488067523,2.727781488889952,0.2598391755853394,8,2,145,COMPLETE,"{'accuracy': 0.6031073446327684, 'balanced_accuracy': 0.6228417201841449, 'precision': 0.6011985082107788, 'recall': 0.6031073446327684, 'f1': 0.5941144335537837}","{'accuracy': 0.5939265536723164, 'balanced_accuracy': 0.6138852702881866, 'precision': 0.5891824885213445, 'recall': 0.5939265536723164, 'f1': 0.5825868105548135}","{'accuracy': 0.5861581920903954, 'balanced_accuracy': 0.605789239553376, 'precision': 0.5852999580240431, 'recall': 0.5861581920903954, 'f1': 0.576141129956078}","{'accuracy': 0.5953389830508474, 'balanced_accuracy': 0.6160718695877989, 'precision': 0.5946901708525143, 'recall': 0.5953389830508474, 'f1': 0.5820398962726917}","{'accuracy': 0.5780918727915194, 'balanced_accuracy': 0.5952826756942291, 'precision': 0.5731288109887704, 'recall': 0.5780918727915194, 'f1': 0.5673283328784872}",0.5913245892475694,0.6107741550615471,0.5886999873194902,0.5913245892475694,0.5804421206431709,0.009533039197112757,0.010585441190083542,0.01056349684256292,0.009533039197112757,0.009805032796129876
18,0.548350569799733,2024-07-10 20:28:19.998364,2024-07-10 20:28:36.712413,0 days 00:00:16.714049,4.687032985205843,0.9478668969549889,5.895374498936984,5.067762568716672,0.20882217200014286,5,3,383,COMPLETE,"{'accuracy': 0.567090395480226, 'balanced_accuracy': 0.5947045943351619, 'precision': 0.5610806652755257, 'recall': 0.567090395480226, 'f1': 0.5496044811443155}","{'accuracy': 0.5692090395480226, 'balanced_accuracy': 0.5983898158958558, 'precision': 0.5625336610286014, 'recall': 0.5692090395480226, 'f1': 0.5468909029318824}","{'accuracy': 0.577683615819209, 'balanced_accuracy': 0.6077606629995712, 'precision': 0.5763583172876434, 'recall': 0.577683615819209, 'f1': 0.5549467558331511}","{'accuracy': 0.5769774011299436, 'balanced_accuracy': 0.6099701909008203, 'precision': 0.5757675503323431, 'recall': 0.5769774011299436, 'f1': 0.5481116191947241}","{'accuracy': 0.5674911660777385, 'balanced_accuracy': 0.5991439272167913, 'precision': 0.5614696419156163, 'recall': 0.5674911660777385, 'f1': 0.5421990898945914}",0.5716903236110279,0.60199383826964,0.567441967167946,0.571690323611028,0.548350569799733,0.005215883759798418,0.0065406902575128635,0.00789054710283091,0.005215883759798418,0.004612764724859391
19,0.5632286655339455,2024-07-10 20:28:36.713413,2024-07-10 20:28:50.051651,0 days 00:00:13.338238,1.0183449516743965,0.8170622704818848,2.8443665616879796,3.4910396732929994,0.022503608815514636,2,0,242,COMPLETE,"{'accuracy': 0.58545197740113, 'balanced_accuracy': 0.6142460726746174, 'precision': 0.5883314606660918, 'recall': 0.58545197740113, 'f1': 0.5621967823916392}","{'accuracy': 0.5903954802259888, 'balanced_accuracy': 0.619552201270035, 'precision': 0.5923675261768002, 'recall': 0.5903954802259888, 'f1': 0.5652177097832952}","{'accuracy': 0.5889830508474576, 'balanced_accuracy': 0.6182321986660174, 'precision': 0.597445760074221, 'recall': 0.5889830508474576, 'f1': 0.5698148852371542}","{'accuracy': 0.594632768361582, 'balanced_accuracy': 0.6245453579236355, 'precision': 0.6051444893971517, 'recall': 0.594632768361582, 'f1': 0.5676723759079777}","{'accuracy': 0.5809187279151944, 'balanced_accuracy': 0.6135785952665153, 'precision': 0.5863639150704457, 'recall': 0.5809187279151944, 'f1': 0.5512415743496607}",0.5880764009502706,0.6180308851601641,0.593930630276942,0.5880764009502706,0.5632286655339455,0.005179429954096815,0.004442436720642187,0.007568948864188477,0.005179429954096815,0.00727729837873955
20,0.21534102145881046,2024-07-10 20:28:50.052652,2024-07-10 20:28:58.312730,0 days 00:00:08.260078,2.30072511056228,0.6091330191487017,8.122160264329292,5.970123886998142,0.06839545006763606,7,1,152,COMPLETE,"{'accuracy': 0.3862994350282486, 'balanced_accuracy': 0.3333333333333333, 'precision': 0.14922725350314406, 'recall': 0.3862994350282486, 'f1': 0.21528863062705245}","{'accuracy': 0.3862994350282486, 'balanced_accuracy': 0.3333333333333333, 'precision': 0.14922725350314406, 'recall': 0.3862994350282486, 'f1': 0.21528863062705245}","{'accuracy': 0.3862994350282486, 'balanced_accuracy': 0.3333333333333333, 'precision': 0.14922725350314406, 'recall': 0.3862994350282486, 'f1': 0.21528863062705245}","{'accuracy': 0.3862994350282486, 'balanced_accuracy': 0.3333333333333333, 'precision': 0.14922725350314406, 'recall': 0.3862994350282486, 'f1': 0.21528863062705245}","{'accuracy': 0.38657243816254416, 'balanced_accuracy': 0.3333333333333333, 'precision': 0.14943824994693403, 'recall': 0.38657243816254416, 'f1': 0.21555058478584266}",0.38635403565510773,0.3333333333333333,0.14926945279190204,0.38635403565510773,0.21534102145881046,0.0001220907132710791,0.0,9.436047826501639e-05,0.0001220907132710791,0.00011714946120873757
21,0.6078881787954936,2024-07-10 20:28:58.313729,2024-07-10 20:29:07.209750,0 days 00:00:08.896021,4.017853673965407,0.5667377149841506,1.9068600052497553,7.518425696095944,0.25967729322068606,6,0,152,COMPLETE,"{'accuracy': 0.6137005649717514, 'balanced_accuracy': 0.6297397455307968, 'precision': 0.6130680762792975, 'recall': 0.6137005649717514, 'f1': 0.608460663714154}","{'accuracy': 0.6151129943502824, 'balanced_accuracy': 0.6295776852357337, 'precision': 0.6121193391635926, 'recall': 0.6151129943502824, 'f1': 0.6077558922143169}","{'accuracy': 0.6115819209039548, 'balanced_accuracy': 0.6294889025964711, 'precision': 0.6129373241376483, 'recall': 0.6115819209039548, 'f1': 0.6046444283671145}","{'accuracy': 0.617231638418079, 'balanced_accuracy': 0.6366127070766397, 'precision': 0.6197626769173454, 'recall': 0.617231638418079, 'f1': 0.6070583351877179}","{'accuracy': 0.6162544169611307, 'balanced_accuracy': 0.6297397947945093, 'precision': 0.6153419756693582, 'recall': 0.6162544169611307, 'f1': 0.6115215744941647}",0.6147763071210397,0.6310317670468301,0.6146458784334483,0.6147763071210396,0.6078881787954936,0.002218566161036632,0.0031217057893295663,0.0031007336304540783,0.002218566161036632,0.002487838433246322
22,0.602397464765952,2024-07-10 20:29:07.210750,2024-07-10 20:29:15.411964,0 days 00:00:08.201214,3.8091611630187265,0.5816705204349967,1.0879661981552793,7.59065599614855,0.26201562335050255,5,0,132,COMPLETE,"{'accuracy': 0.6094632768361582, 'balanced_accuracy': 0.6222693711218371, 'precision': 0.608142047868757, 'recall': 0.6094632768361582, 'f1': 0.6049030428079484}","{'accuracy': 0.5981638418079096, 'balanced_accuracy': 0.612044282391421, 'precision': 0.5924483165937487, 'recall': 0.5981638418079096, 'f1': 0.5896405263574138}","{'accuracy': 0.6009887005649718, 'balanced_accuracy': 0.6157900431286435, 'precision': 0.5989866214904195, 'recall': 0.6009887005649718, 'f1': 0.5954805555646969}","{'accuracy': 0.615819209039548, 'balanced_accuracy': 0.6313500790327778, 'precision': 0.6167246725018671, 'recall': 0.615819209039548, 'f1': 0.6101245833251041}","{'accuracy': 0.6141342756183745, 'balanced_accuracy': 0.6219340273934263, 'precision': 0.6129696486636342, 'recall': 0.6141342756183745, 'f1': 0.6118386157745964}",0.6077138607733924,0.6206775606136211,0.6058542614236853,0.6077138607733925,0.602397464765952,0.007848717983339809,0.007355891157737759,0.01001139818453984,0.007848717983339809,0.009561703893362817
23,0.21534102145881046,2024-07-10 20:29:15.412965,2024-07-10 20:29:28.482707,0 days 00:00:13.069742,2.7529278408555014,0.6774719186429645,3.7292034941273178,2.0060183990757876,0.29873884802674017,7,1,289,COMPLETE,"{'accuracy': 0.3862994350282486, 'balanced_accuracy': 0.3333333333333333, 'precision': 0.14922725350314406, 'recall': 0.3862994350282486, 'f1': 0.21528863062705245}","{'accuracy': 0.3862994350282486, 'balanced_accuracy': 0.3333333333333333, 'precision': 0.14922725350314406, 'recall': 0.3862994350282486, 'f1': 0.21528863062705245}","{'accuracy': 0.3862994350282486, 'balanced_accuracy': 0.3333333333333333, 'precision': 0.14922725350314406, 'recall': 0.3862994350282486, 'f1': 0.21528863062705245}","{'accuracy': 0.3862994350282486, 'balanced_accuracy': 0.3333333333333333, 'precision': 0.14922725350314406, 'recall': 0.3862994350282486, 'f1': 0.21528863062705245}","{'accuracy': 0.38657243816254416, 'balanced_accuracy': 0.3333333333333333, 'precision': 0.14943824994693403, 'recall': 0.38657243816254416, 'f1': 0.21555058478584266}",0.38635403565510773,0.3333333333333333,0.14926945279190204,0.38635403565510773,0.21534102145881046,0.0001220907132710791,0.0,9.436047826501639e-05,0.0001220907132710791,0.00011714946120873757
24,0.6033403816651983,2024-07-10 20:29:28.483706,2024-07-10 20:29:43.764820,0 days 00:00:15.281114,5.105911704274881,0.5101574779550887,2.0428910101742788,4.671614916189472,0.2701371420427408,9,0,333,COMPLETE,"{'accuracy': 0.606638418079096, 'balanced_accuracy': 0.6223876433075612, 'precision': 0.6051811178492777, 'recall': 0.606638418079096, 'f1': 0.601061122152632}","{'accuracy': 0.6122881355932204, 'balanced_accuracy': 0.6270282442031128, 'precision': 0.608198672107857, 'recall': 0.6122881355932204, 'f1': 0.6048935117520132}","{'accuracy': 0.6094632768361582, 'balanced_accuracy': 0.6269953171842998, 'precision': 0.6088437429890619, 'recall': 0.6094632768361582, 'f1': 0.6019315281805356}","{'accuracy': 0.6179378531073446, 'balanced_accuracy': 0.6368863827600079, 'precision': 0.6202204804966529, 'recall': 0.6179378531073446, 'f1': 0.6093495492318761}","{'accuracy': 0.6042402826855123, 'balanced_accuracy': 0.6160925703168448, 'precision': 0.6019607803646213, 'recall': 0.6042402826855123, 'f1': 0.5994661970089352}",0.6101135932602663,0.6258780315543653,0.6088809587614942,0.6101135932602663,0.6033403816651983,0.00531373709387317,0.007610735416623881,0.006903429312556237,0.00531373709387317,0.0038958794491320216
25,0.5987004519635952,2024-07-10 20:29:43.765821,2024-07-10 20:30:01.117936,0 days 00:00:17.352115,1.1641454702444296,0.567598724154567,4.436418207217651,7.065410466488582,0.24978776931407232,8,0,396,COMPLETE,"{'accuracy': 0.6038135593220338, 'balanced_accuracy': 0.6213369203886163, 'precision': 0.6039243860671883, 'recall': 0.6038135593220338, 'f1': 0.5975877117579813}","{'accuracy': 0.606638418079096, 'balanced_accuracy': 0.6248934879360322, 'precision': 0.6039749202617536, 'recall': 0.606638418079096, 'f1': 0.5970522991786608}","{'accuracy': 0.6094632768361582, 'balanced_accuracy': 0.6334604424672103, 'precision': 0.61516067556162, 'recall': 0.6094632768361582, 'f1': 0.5972938974270274}","{'accuracy': 0.6129943502824858, 'balanced_accuracy': 0.6343432151144285, 'precision': 0.6163529468330736, 'recall': 0.6129943502824858, 'f1': 0.6020723134599681}","{'accuracy': 0.610600706713781, 'balanced_accuracy': 0.6305052051126415, 'precision': 0.610716102579102, 'recall': 0.610600706713781, 'f1': 0.5994960379943384}",0.608702062246711,0.6289078542037857,0.6100258062605476,0.608702062246711,0.5987004519635952,0.0035624473027922425,0.0056181605845817195,0.005931202435369748,0.0035624473027922425,0.002117510396376617
26,0.21534102145881046,2024-07-10 20:30:01.118936,2024-07-10 20:30:12.633036,0 days 00:00:11.514100,3.861234065656378,0.9225656921190698,0.8269947518320149,3.420155751669085,0.17893852270187294,7,1,243,COMPLETE,"{'accuracy': 0.3862994350282486, 'balanced_accuracy': 0.3333333333333333, 'precision': 0.14922725350314406, 'recall': 0.3862994350282486, 'f1': 0.21528863062705245}","{'accuracy': 0.3862994350282486, 'balanced_accuracy': 0.3333333333333333, 'precision': 0.14922725350314406, 'recall': 0.3862994350282486, 'f1': 0.21528863062705245}","{'accuracy': 0.3862994350282486, 'balanced_accuracy': 0.3333333333333333, 'precision': 0.14922725350314406, 'recall': 0.3862994350282486, 'f1': 0.21528863062705245}","{'accuracy': 0.3862994350282486, 'balanced_accuracy': 0.3333333333333333, 'precision': 0.14922725350314406, 'recall': 0.3862994350282486, 'f1': 0.21528863062705245}","{'accuracy': 0.38657243816254416, 'balanced_accuracy': 0.3333333333333333, 'precision': 0.14943824994693403, 'recall': 0.38657243816254416, 'f1': 0.21555058478584266}",0.38635403565510773,0.3333333333333333,0.14926945279190204,0.38635403565510773,0.21534102145881046,0.0001220907132710791,0.0,9.436047826501639e-05,0.0001220907132710791,0.00011714946120873757
27,0.5583542895848925,2024-07-10 20:30:12.634038,2024-07-10 20:30:19.779493,0 days 00:00:07.145455,5.3413513929176775,0.7174181149872925,3.025214269656225,2.2731375258208173,0.2263021510008071,5,2,119,COMPLETE,"{'accuracy': 0.577683615819209, 'balanced_accuracy': 0.602771614786483, 'precision': 0.5717436186622049, 'recall': 0.577683615819209, 'f1': 0.5633931753819899}","{'accuracy': 0.5713276836158192, 'balanced_accuracy': 0.5955706159151902, 'precision': 0.5639733615884908, 'recall': 0.5713276836158192, 'f1': 0.5534692535467111}","{'accuracy': 0.5805084745762712, 'balanced_accuracy': 0.6034366632233771, 'precision': 0.5781603491279371, 'recall': 0.5805084745762712, 'f1': 0.5659241216870022}","{'accuracy': 0.5805084745762712, 'balanced_accuracy': 0.6088113859185161, 'precision': 0.5763884038534508, 'recall': 0.5805084745762712, 'f1': 0.5588608517720439}","{'accuracy': 0.568904593639576, 'balanced_accuracy': 0.5924225253471657, 'precision': 0.562453399409169, 'recall': 0.568904593639576, 'f1': 0.5501240455367158}",0.5757865684454293,0.6006025610381464,0.5705438265282505,0.5757865684454293,0.5583542895848925,0.005372029758560898,0.006564205795491194,0.007110485607190657,0.005372029758560898,0.006605865340109722
28,0.6041438216361483,2024-07-10 20:30:19.780495,2024-07-10 20:30:29.536217,0 days 00:00:09.755722,0.05363707901257131,0.8397024400313894,1.390051637151492,5.269491769677206,0.274445901238471,6,0,170,COMPLETE,"{'accuracy': 0.606638418079096, 'balanced_accuracy': 0.6179581098249147, 'precision': 0.6045026347393702, 'recall': 0.606638418079096, 'f1': 0.6038151564946873}","{'accuracy': 0.6101694915254238, 'balanced_accuracy': 0.6237513381683234, 'precision': 0.6061366739404087, 'recall': 0.6101694915254238, 'f1': 0.604734836816887}","{'accuracy': 0.5939265536723164, 'balanced_accuracy': 0.6078784261749663, 'precision': 0.5930528470952153, 'recall': 0.5939265536723164, 'f1': 0.5893163510231471}","{'accuracy': 0.6137005649717514, 'balanced_accuracy': 0.6292754785318482, 'precision': 0.6147103386980295, 'recall': 0.6137005649717514, 'f1': 0.6093711265492764}","{'accuracy': 0.6162544169611307, 'balanced_accuracy': 0.6261723498193875, 'precision': 0.6154404948381366, 'recall': 0.6162544169611307, 'f1': 0.6134816372967439}",0.6081378890419437,0.621007140503888,0.6067685978622321,0.6081378890419437,0.6041438216361483,0.008734404154982896,0.008429637445507088,0.009109456357046462,0.008734404154982896,0.009149190161765243
29,0.5847316392894655,2024-07-10 20:30:29.536217,2024-07-10 20:30:40.313113,0 days 00:00:10.776896,2.444683247020129,0.5710154242925101,2.4559038406902562,0.09066562292174929,0.18182628169523352,10,4,211,COMPLETE,"{'accuracy': 0.6024011299435028, 'balanced_accuracy': 0.626605917672114, 'precision': 0.6028425543037386, 'recall': 0.6024011299435028, 'f1': 0.5889604786295698}","{'accuracy': 0.6002824858757062, 'balanced_accuracy': 0.6219315270844, 'precision': 0.5973233641089861, 'recall': 0.6002824858757062, 'f1': 0.5857175290333856}","{'accuracy': 0.5918079096045198, 'balanced_accuracy': 0.6131475193110586, 'precision': 0.5925115338984452, 'recall': 0.5918079096045198, 'f1': 0.5807996869735648}","{'accuracy': 0.6073446327683616, 'balanced_accuracy': 0.6307883332505696, 'precision': 0.6109767311498511, 'recall': 0.6073446327683616, 'f1': 0.5910909545252432}","{'accuracy': 0.5908127208480566, 'balanced_accuracy': 0.6127518975037951, 'precision': 0.5893336842221062, 'recall': 0.5908127208480566, 'f1': 0.5770895472855644}",0.5985297758080294,0.6210450389643876,0.5985975735366255,0.5985297758080294,0.5847316392894655,0.007079857010699887,0.0080278893349409,0.008598641437763465,0.007079857010699887,0.005769700387155758
30,0.21534102145881046,2024-07-10 20:30:40.314112,2024-07-10 20:30:45.092622,0 days 00:00:04.778510,0.584002339527353,0.6181230074826382,7.908359658505773,6.343461776530831,0.20832656319628123,4,1,51,COMPLETE,"{'accuracy': 0.3862994350282486, 'balanced_accuracy': 0.3333333333333333, 'precision': 0.14922725350314406, 'recall': 0.3862994350282486, 'f1': 0.21528863062705245}","{'accuracy': 0.3862994350282486, 'balanced_accuracy': 0.3333333333333333, 'precision': 0.14922725350314406, 'recall': 0.3862994350282486, 'f1': 0.21528863062705245}","{'accuracy': 0.3862994350282486, 'balanced_accuracy': 0.3333333333333333, 'precision': 0.14922725350314406, 'recall': 0.3862994350282486, 'f1': 0.21528863062705245}","{'accuracy': 0.3862994350282486, 'balanced_accuracy': 0.3333333333333333, 'precision': 0.14922725350314406, 'recall': 0.3862994350282486, 'f1': 0.21528863062705245}","{'accuracy': 0.38657243816254416, 'balanced_accuracy': 0.3333333333333333, 'precision': 0.14943824994693403, 'recall': 0.38657243816254416, 'f1': 0.21555058478584266}",0.38635403565510773,0.3333333333333333,0.14926945279190204,0.38635403565510773,0.21534102145881046,0.0001220907132710791,0.0,9.436047826501639e-05,0.0001220907132710791,0.00011714946120873757
31,0.6024504090242793,2024-07-10 20:30:45.093620,2024-07-10 20:30:54.739160,0 days 00:00:09.645540,0.19220342955826303,0.8402718871972883,1.4670924833899612,5.193200202721371,0.2768462635870579,6,0,166,COMPLETE,"{'accuracy': 0.5981638418079096, 'balanced_accuracy': 0.6116799466800442, 'precision': 0.596236689439587, 'recall': 0.5981638418079096, 'f1': 0.594503043818238}","{'accuracy': 0.6073446327683616, 'balanced_accuracy': 0.6227958629808713, 'precision': 0.603303299070536, 'recall': 0.6073446327683616, 'f1': 0.6006968293632756}","{'accuracy': 0.5995762711864406, 'balanced_accuracy': 0.6109024201814954, 'precision': 0.5990820387614788, 'recall': 0.5995762711864406, 'f1': 0.5962271873877869}","{'accuracy': 0.6165254237288136, 'balanced_accuracy': 0.6307904684497417, 'precision': 0.6172418563908539, 'recall': 0.6165254237288136, 'f1': 0.6119852810943852}","{'accuracy': 0.6127208480565371, 'balanced_accuracy': 0.6237040652682516, 'precision': 0.6100584753615594, 'recall': 0.6127208480565371, 'f1': 0.6088397034577108}",0.6068662035096125,0.6199745527120808,0.6051844718048031,0.6068662035096125,0.6024504090242793,0.008010625834371121,0.008514064344700523,0.008514366431022461,0.008010625834371121,0.007692545281520159
32,0.6024261049316662,2024-07-10 20:30:54.740159,2024-07-10 20:31:06.198311,0 days 00:00:11.458152,0.709570508453925,0.7741521086234507,0.4788514750418571,4.434121835752743,0.2603650617954912,6,0,187,COMPLETE,"{'accuracy': 0.597457627118644, 'balanced_accuracy': 0.6075136112006175, 'precision': 0.5973361708275005, 'recall': 0.597457627118644, 'f1': 0.5959259110416832}","{'accuracy': 0.6016949152542372, 'balanced_accuracy': 0.6130829377992552, 'precision': 0.5981337973981976, 'recall': 0.6016949152542372, 'f1': 0.5977432545182967}","{'accuracy': 0.6016949152542372, 'balanced_accuracy': 0.6087093557896527, 'precision': 0.6010922881153498, 'recall': 0.6016949152542372, 'f1': 0.6004076144884142}","{'accuracy': 0.6137005649717514, 'balanced_accuracy': 0.6267196682595914, 'precision': 0.6120786421017657, 'recall': 0.6137005649717514, 'f1': 0.6102596957139172}","{'accuracy': 0.607773851590106, 'balanced_accuracy': 0.6128084654306946, 'precision': 0.6088847181445227, 'recall': 0.607773851590106, 'f1': 0.6077940488960193}",0.6044643748377952,0.6137668076959623,0.6035051233174673,0.6044643748377951,0.6024261049316662,0.006338260229243269,0.007645962674965534,0.006617668689105369,0.006338260229243269,0.006293565746440366
33,0.6099755044068594,2024-07-10 20:31:06.199312,2024-07-10 20:31:19.226947,0 days 00:00:13.027635,1.6137058189848696,0.9226221738975882,1.6228245736309463,1.9567966569670099,0.27547833305468383,7,0,261,COMPLETE,"{'accuracy': 0.6108757062146892, 'balanced_accuracy': 0.6231524313268385, 'precision': 0.6106304780141549, 'recall': 0.6108757062146892, 'f1': 0.6079358369784646}","{'accuracy': 0.615819209039548, 'balanced_accuracy': 0.627776472860389, 'precision': 0.6125592736209828, 'recall': 0.615819209039548, 'f1': 0.6106413353364935}","{'accuracy': 0.6024011299435028, 'balanced_accuracy': 0.6160802781740126, 'precision': 0.6015014800632381, 'recall': 0.6024011299435028, 'f1': 0.5983120013092692}","{'accuracy': 0.6242937853107344, 'balanced_accuracy': 0.637862717455162, 'precision': 0.6259503811586945, 'recall': 0.6242937853107344, 'f1': 0.6210150971380033}","{'accuracy': 0.6134275618374558, 'balanced_accuracy': 0.6206149785420865, 'precision': 0.6136246228466473, 'recall': 0.6134275618374558, 'f1': 0.6119732512720666}",0.613363478469186,0.6250973756716978,0.6128532471407435,0.613363478469186,0.6099755044068594,0.007935181518898797,0.008296298156557823,0.008746709077793187,0.007935181518898797,0.008162482446532091
34,0.21534102145881046,2024-07-10 20:31:19.227948,2024-07-10 20:31:30.877233,0 days 00:00:11.649285,1.5471110259367242,0.926074127850352,3.429249553650582,1.781157678869645,0.29956403938933207,9,1,248,COMPLETE,"{'accuracy': 0.3862994350282486, 'balanced_accuracy': 0.3333333333333333, 'precision': 0.14922725350314406, 'recall': 0.3862994350282486, 'f1': 0.21528863062705245}","{'accuracy': 0.3862994350282486, 'balanced_accuracy': 0.3333333333333333, 'precision': 0.14922725350314406, 'recall': 0.3862994350282486, 'f1': 0.21528863062705245}","{'accuracy': 0.3862994350282486, 'balanced_accuracy': 0.3333333333333333, 'precision': 0.14922725350314406, 'recall': 0.3862994350282486, 'f1': 0.21528863062705245}","{'accuracy': 0.3862994350282486, 'balanced_accuracy': 0.3333333333333333, 'precision': 0.14922725350314406, 'recall': 0.3862994350282486, 'f1': 0.21528863062705245}","{'accuracy': 0.38657243816254416, 'balanced_accuracy': 0.3333333333333333, 'precision': 0.14943824994693403, 'recall': 0.38657243816254416, 'f1': 0.21555058478584266}",0.38635403565510773,0.3333333333333333,0.14926945279190204,0.38635403565510773,0.21534102145881046,0.0001220907132710791,0.0,9.436047826501639e-05,0.0001220907132710791,0.00011714946120873757
35,0.6101106060679448,2024-07-10 20:31:30.878234,2024-07-10 20:31:45.113401,0 days 00:00:14.235167,2.9266768108672734,0.8611472869134349,1.9635351585612753,1.0535819144510303,0.15559335679032918,8,0,271,COMPLETE,"{'accuracy': 0.6137005649717514, 'balanced_accuracy': 0.6279612700519001, 'precision': 0.6137235549439396, 'recall': 0.6137005649717514, 'f1': 0.6098915063024077}","{'accuracy': 0.615819209039548, 'balanced_accuracy': 0.6305953852832712, 'precision': 0.6123864432206471, 'recall': 0.615819209039548, 'f1': 0.6081465509900396}","{'accuracy': 0.6038135593220338, 'balanced_accuracy': 0.6197655955873009, 'precision': 0.6045502395773392, 'recall': 0.6038135593220338, 'f1': 0.5979157130231638}","{'accuracy': 0.6278248587570622, 'balanced_accuracy': 0.644064261324475, 'precision': 0.6324194544876156, 'recall': 0.6278248587570622, 'f1': 0.622208262794351}","{'accuracy': 0.6148409893992933, 'balanced_accuracy': 0.6240937668471495, 'precision': 0.6152550515810173, 'recall': 0.6148409893992933, 'f1': 0.6123909972297619}",0.6151998362979377,0.6292960558188193,0.6156669487621118,0.6151998362979377,0.6101106060679448,0.008541058243341932,0.009212264742279095,0.010233960946399605,0.008541058243341932,0.008720298382951222
36,0.5472452774923839,2024-07-10 20:31:45.114400,2024-07-10 20:31:57.974026,0 days 00:00:12.859626,3.501493566123671,0.9121732202897939,4.387690721591365,1.3985860836685176,0.15496495805497149,8,2,264,COMPLETE,"{'accuracy': 0.5692090395480226, 'balanced_accuracy': 0.5971815245327378, 'precision': 0.5625273622039902, 'recall': 0.5692090395480226, 'f1': 0.5510796631410947}","{'accuracy': 0.5755649717514124, 'balanced_accuracy': 0.6047861553738562, 'precision': 0.5709758994818055, 'recall': 0.5755649717514124, 'f1': 0.5513407143381496}","{'accuracy': 0.5748587570621468, 'balanced_accuracy': 0.5999150917887088, 'precision': 0.5711930503180264, 'recall': 0.5748587570621468, 'f1': 0.5566149696218989}","{'accuracy': 0.5755649717514124, 'balanced_accuracy': 0.605507538694172, 'precision': 0.570068293227894, 'recall': 0.5755649717514124, 'f1': 0.5520001510646361}","{'accuracy': 0.5568904593639576, 'balanced_accuracy': 0.586265022984598, 'precision': 0.5453034483273554, 'recall': 0.5568904593639576, 'f1': 0.5251908892961403}",0.5704176398953904,0.5987310666748146,0.5640136107118143,0.5704176398953904,0.5472452774923839,0.008018087366861996,0.007774797646710595,0.011056175982526026,0.008018087366861996,0.012532668393655242
37,0.21534102145881046,2024-07-10 20:31:57.975027,2024-07-10 20:32:13.601986,0 days 00:00:15.626959,3.012683428946626,0.8551801194672872,1.9021670918552338,1.3317162349856924,0.07315184039094835,9,1,360,COMPLETE,"{'accuracy': 0.3862994350282486, 'balanced_accuracy': 0.3333333333333333, 'precision': 0.14922725350314406, 'recall': 0.3862994350282486, 'f1': 0.21528863062705245}","{'accuracy': 0.3862994350282486, 'balanced_accuracy': 0.3333333333333333, 'precision': 0.14922725350314406, 'recall': 0.3862994350282486, 'f1': 0.21528863062705245}","{'accuracy': 0.3862994350282486, 'balanced_accuracy': 0.3333333333333333, 'precision': 0.14922725350314406, 'recall': 0.3862994350282486, 'f1': 0.21528863062705245}","{'accuracy': 0.3862994350282486, 'balanced_accuracy': 0.3333333333333333, 'precision': 0.14922725350314406, 'recall': 0.3862994350282486, 'f1': 0.21528863062705245}","{'accuracy': 0.38657243816254416, 'balanced_accuracy': 0.3333333333333333, 'precision': 0.14943824994693403, 'recall': 0.38657243816254416, 'f1': 0.21555058478584266}",0.38635403565510773,0.3333333333333333,0.14926945279190204,0.38635403565510773,0.21534102145881046,0.0001220907132710791,0.0,9.436047826501639e-05,0.0001220907132710791,0.00011714946120873757
38,0.6033322793417916,2024-07-10 20:32:13.601986,2024-07-10 20:32:28.940592,0 days 00:00:15.338606,2.639584721413118,0.9713386595732588,4.101039222936713,0.0266796127728135,0.13788941086755815,10,0,312,COMPLETE,"{'accuracy': 0.6129943502824858, 'balanced_accuracy': 0.6325028023332293, 'precision': 0.613749302746511, 'recall': 0.6129943502824858, 'f1': 0.6054613058754647}","{'accuracy': 0.6073446327683616, 'balanced_accuracy': 0.6281539304614151, 'precision': 0.6053376225884588, 'recall': 0.6073446327683616, 'f1': 0.5951045812488355}","{'accuracy': 0.6122881355932204, 'balanced_accuracy': 0.6326374421757656, 'precision': 0.6152414504729551, 'recall': 0.6122881355932204, 'f1': 0.6033397541462394}","{'accuracy': 0.6214689265536724, 'balanced_accuracy': 0.642176047846019, 'precision': 0.6285420075099987, 'recall': 0.6214689265536724, 'f1': 0.6117879656921015}","{'accuracy': 0.6098939929328622, 'balanced_accuracy': 0.6290933766418018, 'precision': 0.6107002934917082, 'recall': 0.6098939929328622, 'f1': 0.6009677897463167}",0.6127980076261205,0.6329127198916462,0.6147141353619264,0.6127980076261205,0.6033322793417916,0.005330477315745671,0.005551723036977689,0.008608846172624402,0.005330477315745671,0.006109772263852088
39,0.605599520653692,2024-07-10 20:32:28.940592,2024-07-10 20:32:43.608319,0 days 00:00:14.667727,4.2669122905726065,0.9445262842137598,0.5722105355787779,0.8659515641408709,0.24690993964626595,8,0,281,COMPLETE,"{'accuracy': 0.5988700564971752, 'balanced_accuracy': 0.6089728413506559, 'precision': 0.5983999095464051, 'recall': 0.5988700564971752, 'f1': 0.5971561077747057}","{'accuracy': 0.6073446327683616, 'balanced_accuracy': 0.6168116599115047, 'precision': 0.6039305166218245, 'recall': 0.6073446327683616, 'f1': 0.6039393459446275}","{'accuracy': 0.5995762711864406, 'balanced_accuracy': 0.6101024443442818, 'precision': 0.5983769463368507, 'recall': 0.5995762711864406, 'f1': 0.597208065081242}","{'accuracy': 0.6179378531073446, 'balanced_accuracy': 0.6309521453344272, 'precision': 0.61817572840514, 'recall': 0.6179378531073446, 'f1': 0.6143384256179283}","{'accuracy': 0.6162544169611307, 'balanced_accuracy': 0.6226049048442658, 'precision': 0.6161531726130504, 'recall': 0.6162544169611307, 'f1': 0.6153556588499569}",0.6079966461040905,0.6178887991570271,0.6070072547046541,0.6079966461040905,0.605599520653692,0.008967174153624725,0.009140220457311153,0.009571018096478989,0.008967174153624725,0.008888400027741536
40,0.5653488628547028,2024-07-10 20:32:43.608319,2024-07-10 20:33:02.431570,0 days 00:00:18.823251,3.2394758900204654,0.8129677013634417,5.012716613906862,2.445689608094959,0.10287966392641484,9,5,429,COMPLETE,"{'accuracy': 0.5840395480225988, 'balanced_accuracy': 0.6123618717840794, 'precision': 0.5830740654748086, 'recall': 0.5840395480225988, 'f1': 0.5602739032192314}","{'accuracy': 0.5903954802259888, 'balanced_accuracy': 0.6167559298910062, 'precision': 0.5874146645787435, 'recall': 0.5903954802259888, 'f1': 0.5678785496888686}","{'accuracy': 0.596045197740113, 'balanced_accuracy': 0.6238844179272539, 'precision': 0.6011851649563514, 'recall': 0.596045197740113, 'f1': 0.5777110328124196}","{'accuracy': 0.5939265536723164, 'balanced_accuracy': 0.6207480417116644, 'precision': 0.5971377396999994, 'recall': 0.5939265536723164, 'f1': 0.5718994807637515}","{'accuracy': 0.5795053003533569, 'balanced_accuracy': 0.611444060821233, 'precision': 0.5790260980160541, 'recall': 0.5795053003533569, 'f1': 0.5489813477892427}",0.5887824160028747,0.6170388644270475,0.5895675465451914,0.5887824160028748,0.5653488628547028,0.0068987643561306666,0.0053356287908409485,0.009356805226862353,0.0068987643561306666,0.011133102905889562
41,0.6081788292803221,2024-07-10 20:33:02.432575,2024-07-10 20:33:16.959785,0 days 00:00:14.527210,4.2175092854814595,0.9487585118790911,0.666947389707043,0.6577645914189807,0.24230871864045073,8,0,280,COMPLETE,"{'accuracy': 0.605225988700565, 'balanced_accuracy': 0.6149608653027516, 'precision': 0.6045445241537271, 'recall': 0.605225988700565, 'f1': 0.6032327851391803}","{'accuracy': 0.6122881355932204, 'balanced_accuracy': 0.6236724580936422, 'precision': 0.608177743032616, 'recall': 0.6122881355932204, 'f1': 0.6078452772511866}","{'accuracy': 0.615819209039548, 'balanced_accuracy': 0.6249182641790578, 'precision': 0.616373549291788, 'recall': 0.615819209039548, 'f1': 0.6140796483418929}","{'accuracy': 0.6101694915254238, 'balanced_accuracy': 0.623063265277198, 'precision': 0.6099673436074048, 'recall': 0.6101694915254238, 'f1': 0.6063811182359216}","{'accuracy': 0.6098939929328622, 'balanced_accuracy': 0.6158689699092865, 'precision': 0.6102247741351097, 'recall': 0.6098939929328622, 'f1': 0.6093553174334286}",0.6106793635583239,0.6204967645523872,0.609857586844129,0.6106793635583239,0.6081788292803221,0.003860771713000969,0.004697985689311404,0.004291128932351736,0.003860771713000969,0.004000317630302
42,0.6067323909923695,2024-07-10 20:33:16.960289,2024-07-10 20:33:31.942256,0 days 00:00:14.981967,5.775206620665099,0.9968142994240764,1.682899257848014,0.62580484586692,0.22867576046592653,8,0,313,COMPLETE,"{'accuracy': 0.6137005649717514, 'balanced_accuracy': 0.6265744548843124, 'precision': 0.6127212247048104, 'recall': 0.6137005649717514, 'f1': 0.6099415930067091}","{'accuracy': 0.6137005649717514, 'balanced_accuracy': 0.6277101395597909, 'precision': 0.6106734851241443, 'recall': 0.6137005649717514, 'f1': 0.6070118362832236}","{'accuracy': 0.5981638418079096, 'balanced_accuracy': 0.6131120439353389, 'precision': 0.5965194290758988, 'recall': 0.5981638418079096, 'f1': 0.5921457309243262}","{'accuracy': 0.625, 'balanced_accuracy': 0.6405696310793615, 'precision': 0.6266688668989098, 'recall': 0.625, 'f1': 0.6196559424072108}","{'accuracy': 0.6084805653710247, 'balanced_accuracy': 0.6180674962418768, 'precision': 0.6064975051527481, 'recall': 0.6084805653710247, 'f1': 0.6049068523403778}",0.6118091074244874,0.6252067531401362,0.6106161021913022,0.6118091074244875,0.6067323909923695,0.009726604445971208,0.010504838766142742,0.010929376958960128,0.009726604445971208,0.009918398203868816
43,0.6038806675452528,2024-07-10 20:33:31.943255,2024-07-10 20:33:45.597669,0 days 00:00:13.654414,5.83830817889416,0.9962604870645932,1.6579641709174557,0.7201764904011912,0.23259577918665786,8,0,271,COMPLETE,"{'accuracy': 0.5995762711864406, 'balanced_accuracy': 0.6146998322460608, 'precision': 0.5978342547145566, 'recall': 0.5995762711864406, 'f1': 0.5942528726283764}","{'accuracy': 0.6122881355932204, 'balanced_accuracy': 0.6272127538368405, 'precision': 0.6090846496153882, 'recall': 0.6122881355932204, 'f1': 0.6052437161070738}","{'accuracy': 0.6024011299435028, 'balanced_accuracy': 0.617305224751726, 'precision': 0.6006370155554526, 'recall': 0.6024011299435028, 'f1': 0.5968460167049908}","{'accuracy': 0.623587570621469, 'balanced_accuracy': 0.6400722453564112, 'precision': 0.6258562135049079, 'recall': 0.623587570621469, 'f1': 0.6179762797855054}","{'accuracy': 0.6084805653710247, 'balanced_accuracy': 0.6189273101708487, 'precision': 0.6063308671743459, 'recall': 0.6084805653710247, 'f1': 0.6050844525003174}",0.6092667345431315,0.6236434732723775,0.6079486001129303,0.6092667345431315,0.6038806675452528,0.00943232313432211,0.010308353644670356,0.010958438954840943,0.00943232313432211,0.00927596398539405
44,0.6048829151606926,2024-07-10 20:33:45.598672,2024-07-10 20:33:58.350206,0 days 00:00:12.751534,6.797472058086572,0.9674834630061743,0.3984693660279497,1.2343981306118792,0.19702999112913797,7,0,224,COMPLETE,"{'accuracy': 0.6129943502824858, 'balanced_accuracy': 0.6245722693658334, 'precision': 0.6118424163024397, 'recall': 0.6129943502824858, 'f1': 0.6102473473887281}","{'accuracy': 0.6045197740112994, 'balanced_accuracy': 0.615968087670141, 'precision': 0.600932664283582, 'recall': 0.6045197740112994, 'f1': 0.5998273289419519}","{'accuracy': 0.605225988700565, 'balanced_accuracy': 0.6163143700411486, 'precision': 0.6046837765340551, 'recall': 0.605225988700565, 'f1': 0.602118546643548}","{'accuracy': 0.6108757062146892, 'balanced_accuracy': 0.6227274605863387, 'precision': 0.6113438090453925, 'recall': 0.6108757062146892, 'f1': 0.6075585609531836}","{'accuracy': 0.6056537102473498, 'balanced_accuracy': 0.6124555919982527, 'precision': 0.6052356431312793, 'recall': 0.6056537102473498, 'f1': 0.6046627918760512}",0.6078539058912779,0.6184075559323429,0.6068076618593498,0.607853905891278,0.6048829151606926,0.0038216060354111375,0.005060226654675858,0.004675016360060696,0.0038216060354111375,0.004158886663225001
45,0.21534102145881046,2024-07-10 20:33:58.351213,2024-07-10 20:34:11.691519,0 days 00:00:13.340306,5.655166465587151,0.8929987020039246,1.5722389518326885,0.30942333910023834,0.2215649940514272,9,1,297,COMPLETE,"{'accuracy': 0.3862994350282486, 'balanced_accuracy': 0.3333333333333333, 'precision': 0.14922725350314406, 'recall': 0.3862994350282486, 'f1': 0.21528863062705245}","{'accuracy': 0.3862994350282486, 'balanced_accuracy': 0.3333333333333333, 'precision': 0.14922725350314406, 'recall': 0.3862994350282486, 'f1': 0.21528863062705245}","{'accuracy': 0.3862994350282486, 'balanced_accuracy': 0.3333333333333333, 'precision': 0.14922725350314406, 'recall': 0.3862994350282486, 'f1': 0.21528863062705245}","{'accuracy': 0.3862994350282486, 'balanced_accuracy': 0.3333333333333333, 'precision': 0.14922725350314406, 'recall': 0.3862994350282486, 'f1': 0.21528863062705245}","{'accuracy': 0.38657243816254416, 'balanced_accuracy': 0.3333333333333333, 'precision': 0.14943824994693403, 'recall': 0.38657243816254416, 'f1': 0.21555058478584266}",0.38635403565510773,0.3333333333333333,0.14926945279190204,0.38635403565510773,0.21534102145881046,0.0001220907132710791,0.0,9.436047826501639e-05,0.0001220907132710791,0.00011714946120873757
46,0.5999464035455457,2024-07-10 20:34:11.692519,2024-07-10 20:34:28.052967,0 days 00:00:16.360448,6.281217804179434,0.9485525766983831,2.324885523016488,1.7567111883376052,0.2514311143903617,7,0,350,COMPLETE,"{'accuracy': 0.6087570621468926, 'balanced_accuracy': 0.6250324279242696, 'precision': 0.6074278689875585, 'recall': 0.6087570621468926, 'f1': 0.6022252784331842}","{'accuracy': 0.6108757062146892, 'balanced_accuracy': 0.6272582276297364, 'precision': 0.6071249703613626, 'recall': 0.6108757062146892, 'f1': 0.600645148815164}","{'accuracy': 0.6045197740112994, 'balanced_accuracy': 0.6218010915349704, 'precision': 0.6041725941280874, 'recall': 0.6045197740112994, 'f1': 0.5976445284264514}","{'accuracy': 0.615819209039548, 'balanced_accuracy': 0.6350022777220642, 'precision': 0.6184014068909075, 'recall': 0.615819209039548, 'f1': 0.606877078791604}","{'accuracy': 0.5985865724381625, 'balanced_accuracy': 0.6128429238755021, 'precision': 0.5942473216943845, 'recall': 0.5985865724381625, 'f1': 0.592339983261325}",0.6077116647701184,0.6243873897373085,0.6062748324124602,0.6077116647701184,0.5999464035455457,0.0065247943397099455,0.00808234591288289,0.008634038109927404,0.0065247943397099455,0.005405368481328504
47,0.5632495311162465,2024-07-10 20:34:28.053966,2024-07-10 20:34:38.229164,0 days 00:00:10.175198,4.601515202231622,0.9824123036637211,9.943019267014172,0.5537482887083394,0.1637892134647972,6,0,196,COMPLETE,"{'accuracy': 0.5918079096045198, 'balanced_accuracy': 0.624048163905874, 'precision': 0.5995565739745436, 'recall': 0.5918079096045198, 'f1': 0.5645898424541782}","{'accuracy': 0.5995762711864406, 'balanced_accuracy': 0.629795535046009, 'precision': 0.6117410988400372, 'recall': 0.5995762711864406, 'f1': 0.5704657554080597}","{'accuracy': 0.596045197740113, 'balanced_accuracy': 0.6287615631942538, 'precision': 0.6139929094442814, 'recall': 0.596045197740113, 'f1': 0.5685544923758877}","{'accuracy': 0.5953389830508474, 'balanced_accuracy': 0.6274534363961581, 'precision': 0.6126814851653223, 'recall': 0.5953389830508474, 'f1': 0.5643114142152407}","{'accuracy': 0.5830388692579506, 'balanced_accuracy': 0.617890573985388, 'precision': 0.5923607154643574, 'recall': 0.5830388692579506, 'f1': 0.5483261511278659}",0.5931614461679743,0.6255898545055366,0.6060665565777084,0.5931614461679743,0.5632495311162465,0.006294964149055592,0.004818613719491121,0.009604878109449743,0.006294964149055592,0.008744252504819463
48,0.21534102145881046,2024-07-10 20:34:38.230678,2024-07-10 20:34:49.072222,0 days 00:00:10.841544,4.068600888756249,0.8689290396988228,3.12749172860515,1.0326913300877605,0.2821473165003129,8,1,224,COMPLETE,"{'accuracy': 0.3862994350282486, 'balanced_accuracy': 0.3333333333333333, 'precision': 0.14922725350314406, 'recall': 0.3862994350282486, 'f1': 0.21528863062705245}","{'accuracy': 0.3862994350282486, 'balanced_accuracy': 0.3333333333333333, 'precision': 0.14922725350314406, 'recall': 0.3862994350282486, 'f1': 0.21528863062705245}","{'accuracy': 0.3862994350282486, 'balanced_accuracy': 0.3333333333333333, 'precision': 0.14922725350314406, 'recall': 0.3862994350282486, 'f1': 0.21528863062705245}","{'accuracy': 0.3862994350282486, 'balanced_accuracy': 0.3333333333333333, 'precision': 0.14922725350314406, 'recall': 0.3862994350282486, 'f1': 0.21528863062705245}","{'accuracy': 0.38657243816254416, 'balanced_accuracy': 0.3333333333333333, 'precision': 0.14943824994693403, 'recall': 0.38657243816254416, 'f1': 0.21555058478584266}",0.38635403565510773,0.3333333333333333,0.14926945279190204,0.38635403565510773,0.21534102145881046,0.0001220907132710791,0.0,9.436047826501639e-05,0.0001220907132710791,0.00011714946120873757
49,0.6042249379846055,2024-07-10 20:34:49.073241,2024-07-10 20:35:07.570897,0 days 00:00:18.497656,6.482025835094305,0.913486820900591,0.009157164886399505,8.625336253486923,0.23533008413325335,6,0,306,COMPLETE,"{'accuracy': 0.5953389830508474, 'balanced_accuracy': 0.6042593462096817, 'precision': 0.5941895609258208, 'recall': 0.5953389830508474, 'f1': 0.5936828855521573}","{'accuracy': 0.6009887005649718, 'balanced_accuracy': 0.6110474418515855, 'precision': 0.5974470180354414, 'recall': 0.6009887005649718, 'f1': 0.5975969223937593}","{'accuracy': 0.6073446327683616, 'balanced_accuracy': 0.6146415241212987, 'precision': 0.6059901143104093, 'recall': 0.6073446327683616, 'f1': 0.605674927573671}","{'accuracy': 0.6179378531073446, 'balanced_accuracy': 0.6276916069564499, 'precision': 0.6168870978846844, 'recall': 0.6179378531073446, 'f1': 0.6156527123355476}","{'accuracy': 0.6084805653710247, 'balanced_accuracy': 0.6140715628089902, 'precision': 0.6099786321988648, 'recall': 0.6084805653710247, 'f1': 0.6085172420678925}",0.60601814697251,0.6143422963896013,0.6048984846710441,0.6060181469725101,0.6042249379846055,0.008503563025414586,0.008527732366735694,0.009232169351820071,0.008503563025414586,0.008749083250958908
