number,value,datetime_start,datetime_complete,duration,params_colsample_bytree,params_learning_rate,params_max_depth,params_min_child_samples,params_min_split_gain,params_n_estimators,params_num_leaves,params_reg_alpha,params_reg_lambda,state,fold_0,fold_1,fold_2,fold_3,fold_4,mse,rmse,mae,mdae,r2,mse_std,rmse_std,mae_std,mdae_std,r2_std
0,41.00787679629954,2024-07-10 18:47:11.706041,2024-07-10 18:47:13.649627,0 days 00:00:01.943586,0.8005575058716043,0.18361096041714062,8,9,0.7800932022121826,218,30,0.5808361216819946,1.5599452033620265,COMPLETE,"{'mse': 1771.6431615521851, 'rmse': 42.09089166972096, 'mae': 31.73335916324725, 'mdae': 24.06128509966664, 'r2': 0.4069750470718858}","{'mse': 1674.2514834383433, 'rmse': 40.9176182522681, 'mae': 31.04850576361379, 'mdae': 23.90132434055059, 'r2': 0.3897888827307897}","{'mse': 1663.4827316998199, 'rmse': 40.78581532469125, 'mae': 31.24016546831929, 'mdae': 24.119194285036457, 'r2': 0.401005051969788}","{'mse': 1672.7258192554714, 'rmse': 40.89897088259644, 'mae': 30.94049886560314, 'mdae': 23.855850138203728, 'r2': 0.39228784888627644}","{'mse': 1627.8068049791311, 'rmse': 40.346087852220954, 'mae': 30.072162723012713, 'mdae': 21.667871117519205, 'r2': 0.43390450280005566}",1681.98200018499,41.00787679629954,31.00693839675924,23.521104996195326,0.4047922666917591,53.52974953790578,0.6481134589212926,0.6045720830490855,1.0417055978785323,0.017664171447436563
1,40.51645649254175,2024-07-10 18:47:13.650625,2024-07-10 18:47:14.463626,0 days 00:00:00.813001,0.762378215816119,0.2514083658321223,10,4,1.0616955533913808,369,2,1.8340450985343382,1.8182496720710062,COMPLETE,"{'mse': 1688.439649950125, 'rmse': 41.090627276182154, 'mae': 31.773727750824662, 'mdae': 25.49770403362418, 'r2': 0.4348258917690966}","{'mse': 1618.7241240826818, 'rmse': 40.23337077703883, 'mae': 31.492062423141228, 'mdae': 25.853860039246044, 'r2': 0.41002682925590916}","{'mse': 1641.064274288739, 'rmse': 40.510051521674704, 'mae': 31.910554653450873, 'mdae': 27.2230485938167, 'r2': 0.4090775990879334}","{'mse': 1632.063828254548, 'rmse': 40.39880973809189, 'mae': 31.620395949153156, 'mdae': 26.324467059718497, 'r2': 0.40706061423447715}","{'mse': 1628.0759485152528, 'rmse': 40.34942314972115, 'mae': 31.588248302458513, 'mdae': 25.37696616399417, 'r2': 0.43381090388928023}",1641.673565018269,40.51645649254175,31.676997815805684,26.055209178079917,0.4189603676473393,27.3466496555509,0.33600280177635966,0.1652171477385624,0.7496191959476488,0.014065335369340876
2,39.257319488525106,2024-07-10 18:47:14.464626,2024-07-10 18:47:15.660366,0 days 00:00:01.195740,0.5998368910791798,0.05045321958909213,7,8,1.4607232426760908,244,10,4.56069984217036,3.663618432936917,COMPLETE,"{'mse': 1576.2962418138836, 'rmse': 39.70259741898361, 'mae': 30.1034609556004, 'mdae': 23.8915494137589, 'r2': 0.47236383438330065}","{'mse': 1512.4342603421912, 'rmse': 38.890027775024684, 'mae': 29.976814794911903, 'mdae': 23.609107181791927, 'r2': 0.4487660850660805}","{'mse': 1566.794222269201, 'rmse': 39.582751575265725, 'mae': 30.635682951236554, 'mdae': 24.957857929117218, 'r2': 0.43582112043737653}","{'mse': 1536.3445463804167, 'rmse': 39.19623127776976, 'mae': 30.282436147648095, 'mdae': 24.215608837663723, 'r2': 0.4418360508428991}","{'mse': 1514.3763996582416, 'rmse': 38.91498939558177, 'mae': 29.809336951057258, 'mdae': 23.248418020922117, 'r2': 0.47335171576249535}",1541.2491340927868,39.257319488525106,30.161546360090842,23.984508276650775,0.45442776129843043,29.399604909911773,0.3741668555830801,0.3166113473167769,0.6504254784460511,0.01744012331057282
3,39.63607014596118,2024-07-10 18:47:15.660366,2024-07-10 18:47:16.504475,0 days 00:00:00.844109,0.9041986740582306,0.1861880070514171,2,10,0.8526206184364576,281,19,9.488855372533333,0.6505159298527952,COMPLETE,"{'mse': 1622.9107369130982, 'rmse': 40.28536628743865, 'mae': 30.82614131099825, 'mdae': 24.08102835621025, 'r2': 0.456760489781016}","{'mse': 1532.7632633552375, 'rmse': 39.15052060133093, 'mae': 30.37151457638982, 'mdae': 23.658028159579313, 'r2': 0.4413568136607571}","{'mse': 1582.6004797545397, 'rmse': 39.78191146431428, 'mae': 30.864526057256327, 'mdae': 24.75028729265484, 'r2': 0.43012952640964175}","{'mse': 1571.0533071213597, 'rmse': 39.63651482057119, 'mae': 30.579547898675525, 'mdae': 24.361528288999843, 'r2': 0.42922613270236454}","{'mse': 1546.5372298677864, 'rmse': 39.326037556150844, 'mae': 30.12841453078634, 'mdae': 23.0810488361711, 'r2': 0.46216727967822135}",1571.1730034024044,39.63607014596118,30.55402887482125,23.98638418672307,0.44392804844640016,34.96292350455618,0.44009485745892113,0.310468975012384,0.6443384881147212,0.015087228802871076
4,39.48608660785353,2024-07-10 18:47:16.504475,2024-07-10 18:47:17.266483,0 days 00:00:00.762008,0.6293899908000085,0.13764422318448438,8,10,0.6101911742238941,187,4,0.34388521115218396,4.951769101112702,COMPLETE,"{'mse': 1584.297091790296, 'rmse': 39.803229665321076, 'mae': 30.319895543528865, 'mdae': 23.33194250576348, 'r2': 0.4696856970565435}","{'mse': 1541.4747416986663, 'rmse': 39.2616191935415, 'mae': 30.436915390453045, 'mdae': 24.103127156549462, 'r2': 0.438181758428258}","{'mse': 1565.1824126629695, 'rmse': 39.56238633680948, 'mae': 30.746276911046955, 'mdae': 24.994865985578922, 'r2': 0.436401508675211}","{'mse': 1568.9651643806283, 'rmse': 39.61016491231295, 'mae': 30.669850633210988, 'mdae': 24.936210036924297, 'r2': 0.429984768518345}","{'mse': 1536.093830352606, 'rmse': 39.193032931282644, 'mae': 30.04454473415217, 'mdae': 23.311136595711105, 'r2': 0.4657991366178289}",1559.202648177033,39.48608660785353,30.4434966424784,24.13545645610545,0.4480105738592373,20.056741606877715,0.25399944420007237,0.2816891859177019,0.8224922675606918,0.018320409357092185
5,40.23192345957887,2024-07-10 18:47:17.267485,2024-07-10 18:47:18.910729,0 days 00:00:01.643244,0.9474136752138245,0.1685459810095511,6,10,0.9242722776276352,348,11,7.7513282336111455,9.695846277645586,COMPLETE,"{'mse': 1707.7416582105277, 'rmse': 41.32483101248604, 'mae': 31.446946254985754, 'mdae': 24.522355203718604, 'r2': 0.42836489963001667}","{'mse': 1590.0340910481814, 'rmse': 39.875231548521214, 'mae': 30.39765892627015, 'mdae': 23.58505487705189, 'r2': 0.4204834286889403}","{'mse': 1624.516741058574, 'rmse': 40.30529420632696, 'mae': 30.970647070672577, 'mdae': 24.089813229526193, 'r2': 0.4150361152891219}","{'mse': 1600.814679825431, 'rmse': 40.01018220185246, 'mae': 30.505806862557588, 'mdae': 23.405326310257855, 'r2': 0.4184136327589256}","{'mse': 1571.6529465327096, 'rmse': 39.64407832870768, 'mae': 29.952210302061278, 'mdae': 22.181121754570043, 'r2': 0.4534328929749143}",1618.9520233350845,40.23192345957887,30.65465388330947,23.55673427502492,0.4271461938683837,53.19064308774307,0.6560850532440375,0.5721030774789331,0.8849623133769196,0.015490157037724255
6,39.75883541460844,2024-07-10 18:47:18.911729,2024-07-10 18:47:19.885726,0 days 00:00:00.973997,0.9143687545759647,0.0668350301015521,2,3,0.22613644455269033,319,29,3.8867728968948203,3.2533033076326436,COMPLETE,"{'mse': 1615.9834935660115, 'rmse': 40.19929717751309, 'mae': 30.70978506447211, 'mdae': 23.767368420105647, 'r2': 0.45907925704125174}","{'mse': 1562.3346033845469, 'rmse': 39.52637857664862, 'mae': 30.712874942453638, 'mdae': 24.46928451374209, 'r2': 0.43057900601541166}","{'mse': 1583.2552331823451, 'rmse': 39.790139899004444, 'mae': 30.949661366749552, 'mdae': 25.386692675244646, 'r2': 0.42989375961267584}","{'mse': 1573.488433346446, 'rmse': 39.6672211447493, 'mae': 30.861649592274333, 'mdae': 25.154408657301413, 'r2': 0.42834143553356063}","{'mse': 1569.0424338957687, 'rmse': 39.61114027512675, 'mae': 30.59955066809377, 'mdae': 24.312556076432607, 'r2': 0.4543407399286409}",1580.8208394750236,39.75883541460844,30.76670432680868,24.61806206856528,0.44044683962630815,21.07471505063225,0.26421096944818007,0.13835247790067942,0.6552879192291879,0.014962368550224822
7,39.230097458564124,2024-07-10 18:47:19.886726,2024-07-10 18:47:20.959008,0 days 00:00:01.072282,0.5993578407670862,0.050868025242681164,6,8,4.010984903770199,210,10,9.868869366005173,0.7455064367977082,COMPLETE,"{'mse': 1571.6757991458217, 'rmse': 39.64436654993773, 'mae': 30.104999777550802, 'mdae': 23.43223144139487, 'r2': 0.4739104425576769}","{'mse': 1516.9490943495841, 'rmse': 38.94803068641063, 'mae': 30.15403691106747, 'mdae': 23.90409985176373, 'r2': 0.44712057247063786}","{'mse': 1556.7006681873552, 'rmse': 39.4550461688661, 'mae': 30.566278888292143, 'mdae': 24.626585890953567, 'r2': 0.43945565645478224}","{'mse': 1531.7748719118058, 'rmse': 39.137895598918014, 'mae': 30.206727356377694, 'mdae': 24.217420431117784, 'r2': 0.4434962432481583}","{'mse': 1518.282781159456, 'rmse': 38.965148288688134, 'mae': 29.879540672310025, 'mdae': 23.430545788573326, 'r2': 0.47199320996720173}",1539.0766429508046,39.230097458564124,30.182316721119626,23.922176680760654,0.4551952249396914,24.231385669048816,0.3084159982180319,0.2482306478286286,0.516099615143781,0.0164486463932369
8,39.82761234498936,2024-07-10 18:47:20.960008,2024-07-10 18:47:21.947008,0 days 00:00:00.987000,0.9315517129377968,0.2214120787318863,8,2,3.8563517334297286,52,26,3.5846572854427263,0.7404465173409036,COMPLETE,"{'mse': 1635.144348337954, 'rmse': 40.4369181360048, 'mae': 30.486577169781807, 'mdae': 23.452067165074098, 'r2': 0.4526655134354354}","{'mse': 1584.1735097880128, 'rmse': 39.8016772233032, 'mae': 30.47437441530537, 'mdae': 24.22742945904719, 'r2': 0.42261942311629497}","{'mse': 1591.2960541020905, 'rmse': 39.891052306276535, 'mae': 30.60961627030378, 'mdae': 23.621658380090274, 'r2': 0.42699838173038107}","{'mse': 1579.9945038573976, 'rmse': 39.7491446934069, 'mae': 30.46456941176725, 'mdae': 23.970893328969247, 'r2': 0.42597773787313475}","{'mse': 1541.2902311486419, 'rmse': 39.25926936595537, 'mae': 29.767601554521608, 'mdae': 22.426227784406528, 'r2': 0.46399200626102965}",1586.3797294468193,39.82761234498936,30.360547764335962,23.539655223517467,0.4384506124832551,33.4696118572717,0.4198576307369089,0.3366306392177158,0.691577282465066,0.018653276871779437
9,39.589254491026274,2024-07-10 18:47:21.948008,2024-07-10 18:47:22.820703,0 days 00:00:00.872695,0.7361074625809747,0.10018487329754203,2,9,1.6259166101337352,331,11,6.3755747135521315,7.29606178338064,COMPLETE,"{'mse': 1598.650769649018, 'rmse': 39.983131063600034, 'mae': 30.525182562111006, 'mdae': 23.288591923143663, 'r2': 0.4648810674780587}","{'mse': 1550.3274938990687, 'rmse': 39.37419832706526, 'mae': 30.601492962023904, 'mdae': 24.022898768181715, 'r2': 0.4349552133933262}","{'mse': 1572.536482813141, 'rmse': 39.65522012059876, 'mae': 30.844494871227838, 'mdae': 25.33883238586939, 'r2': 0.4337534193482414}","{'mse': 1563.1053491957246, 'rmse': 39.53612713956344, 'mae': 30.70768848238288, 'mdae': 24.81297021718744, 'r2': 0.4321136774226936}","{'mse': 1552.170555159304, 'rmse': 39.3975958043039, 'mae': 30.470006834687112, 'mdae': 23.580373719954935, 'r2': 0.4602082019350665}",1567.3581301432514,39.589254491026274,30.629773142486545,24.20873340286743,0.4451823159154773,19.652199458164706,0.24763629582240973,0.1495329831533545,0.8541452722500681,0.015967315668234776
10,39.11152013504519,2024-07-10 18:47:22.821702,2024-07-10 18:47:25.108501,0 days 00:00:02.286799,0.5198998030385074,0.015208943928297747,5,6,4.9053541304465185,476,20,9.730377607696246,6.902470735691453,COMPLETE,"{'mse': 1578.505774821335, 'rmse': 39.73041372577607, 'mae': 30.082357325921834, 'mdae': 23.250882432884815, 'r2': 0.4716242338609308}","{'mse': 1500.2397135159101, 'rmse': 38.732928026627555, 'mae': 29.927803957474463, 'mdae': 23.447792505704154, 'r2': 0.4532106073598132}","{'mse': 1544.7914772819593, 'rmse': 39.30383540167498, 'mae': 30.31026189915753, 'mdae': 24.47942679869888, 'r2': 0.4437439758052152}","{'mse': 1518.033293375595, 'rmse': 38.961946734930926, 'mae': 29.931863847043914, 'mdae': 23.500736720759917, 'r2': 0.4484886479541824}","{'mse': 1507.6506095377479, 'rmse': 38.82847678621643, 'mae': 29.64348439338311, 'mdae': 23.053566451359536, 'r2': 0.47569071538497953}",1529.8441737065095,39.11152013504519,29.97915428459617,23.546480981881462,0.45855163607302424,32.01502988877238,0.40799269672406485,0.24383941314201052,0.5505822114910385,0.014262695860075156
11,39.11360175907521,2024-07-10 18:47:25.109503,2024-07-10 18:47:27.606530,0 days 00:00:02.497027,0.5023367853513869,0.01705129157139263,5,6,4.95366008349641,499,19,9.671936931471075,7.026992327579986,COMPLETE,"{'mse': 1573.9058444755499, 'rmse': 39.67248220713635, 'mae': 29.98403462193108, 'mdae': 22.755981142902208, 'r2': 0.4731639759128188}","{'mse': 1499.1620888428877, 'rmse': 38.71901456446029, 'mae': 29.89177287009189, 'mdae': 23.618758167105533, 'r2': 0.4536033670869072}","{'mse': 1545.1225298222637, 'rmse': 39.30804662944044, 'mae': 30.332540149598287, 'mdae': 24.49065296585597, 'r2': 0.44362476879729384}","{'mse': 1523.6861246877295, 'rmse': 39.03442230503392, 'mae': 29.946211354493293, 'mdae': 23.739629835792776, 'r2': 0.4464349376347533}","{'mse': 1508.0829026620006, 'rmse': 38.83404308930504, 'mae': 29.663677891278393, 'mdae': 22.996580806718157, 'r2': 0.4755403786310346}",1529.9918980980863,39.11360175907521,29.963647377478587,23.52032058367493,0.45847348561256157,30.114841444247006,0.3841476450456213,0.24080550731833097,0.6815147783600813,0.014968453706828597
12,39.22471603574898,2024-07-10 18:47:27.607530,2024-07-10 18:47:29.597967,0 days 00:00:01.990437,0.5015535997573864,0.013681945886440821,4,5,4.9857491777766345,486,21,8.11157227261757,7.177459817699898,COMPLETE,"{'mse': 1581.2657176324947, 'rmse': 39.76513193279377, 'mae': 30.165380050652363, 'mdae': 22.77903682298593, 'r2': 0.47070039378342987}","{'mse': 1516.8124827833528, 'rmse': 38.94627687961139, 'mae': 30.086110873288924, 'mdae': 24.31574030589563, 'r2': 0.44717036301721136}","{'mse': 1541.743405583898, 'rmse': 39.26504050149316, 'mae': 30.349764458134874, 'mdae': 24.812309822466034, 'r2': 0.4448415402785819}","{'mse': 1535.2099220291182, 'rmse': 39.18175496361946, 'mae': 30.17838537766483, 'mdae': 23.604936649744616, 'r2': 0.442248267236821}","{'mse': 1518.3005191239347, 'rmse': 38.96537590122716, 'mae': 29.852441273853163, 'mdae': 23.594085400043646, 'r2': 0.47198704131021474}",1538.6664094305595,39.22471603574898,30.126416406718835,23.82122180022717,0.4553895211252518,26.11742649865415,0.33177806101338514,0.18082463950948352,0.7764218823662857,0.014674872329530476
13,39.29996121869743,2024-07-10 18:47:29.598967,2024-07-10 18:47:31.808258,0 days 00:00:02.209291,0.5091901097541327,0.010997267495505286,4,6,4.928253765365318,499,24,7.876358207707997,7.171574490062914,COMPLETE,"{'mse': 1581.2878263374973, 'rmse': 39.76540992291538, 'mae': 30.184024664034627, 'mdae': 23.20421778417627, 'r2': 0.4706929933011951}","{'mse': 1515.7120605029272, 'rmse': 38.93214687765019, 'mae': 30.076206504495552, 'mdae': 24.395359617174098, 'r2': 0.44757143174305625}","{'mse': 1558.1719307433202, 'rmse': 39.47368656134515, 'mae': 30.535529958334948, 'mdae': 24.927946823555803, 'r2': 0.43892587708199093}","{'mse': 1542.4099881592895, 'rmse': 39.27352782930621, 'mae': 30.283756371746783, 'mdae': 24.02941627702705, 'r2': 0.4396324364618318}","{'mse': 1525.2957512175476, 'rmse': 39.05503490227025, 'mae': 29.931033448527433, 'mdae': 23.695900053997697, 'r2': 0.4695543389907809}",1544.5755113921164,39.29996121869743,30.202110189427874,24.050568111186188,0.45327541551577105,26.182790761853806,0.33271534566711325,0.22775878959482052,0.6578792241796223,0.015755561930828388
14,41.31906211712838,2024-07-10 18:47:31.809260,2024-07-10 18:47:33.852240,0 days 00:00:02.042980,0.669516537071191,0.29884492691475195,4,6,3.171768928374912,422,15,6.379220299334493,9.00389044089537,COMPLETE,"{'mse': 1813.2868266682458, 'rmse': 42.58270572272558, 'mae': 32.48674821651883, 'mdae': 25.48507561573779, 'r2': 0.39303559635113827}","{'mse': 1662.0139223730089, 'rmse': 40.76780497369228, 'mae': 31.23473573710702, 'mdae': 23.813858619412528, 'r2': 0.39424908233891076}","{'mse': 1643.4245633062828, 'rmse': 40.539173194655596, 'mae': 31.08840175624938, 'mdae': 23.851374191254102, 'r2': 0.40822769474540055}","{'mse': 1725.5682519005481, 'rmse': 41.53995970027593, 'mae': 31.83842377687389, 'mdae': 25.255566170711464, 'r2': 0.3730898500013694}","{'mse': 1694.6121390849892, 'rmse': 41.16566699429258, 'mae': 31.204912461898388, 'mdae': 23.475149976610638, 'r2': 0.41067189392375303}",1707.781140666615,41.31906211712838,31.5706443897295,24.376204914745305,0.3958548234721144,66.81627987857993,0.8033106711450457,0.5895134530112608,0.9228286807075321,0.015011695303865293
15,39.94601823105024,2024-07-10 18:47:33.853239,2024-07-10 18:47:35.943265,0 days 00:00:02.090026,0.5524233989443942,0.09633681394063182,5,7,4.297164577010486,430,19,8.74551782860618,5.934478747520658,COMPLETE,"{'mse': 1651.9671896144505, 'rmse': 40.6443992404175, 'mae': 30.826216178907043, 'mdae': 23.836081666758165, 'r2': 0.4470343768315095}","{'mse': 1560.049360652984, 'rmse': 39.49746017977591, 'mae': 30.25141211349643, 'mdae': 22.74917900752746, 'r2': 0.4314119039009757}","{'mse': 1603.4162591570603, 'rmse': 40.042680469182635, 'mae': 30.575933399739885, 'mdae': 23.90371040985907, 'r2': 0.4226340793792538}","{'mse': 1599.4021345061024, 'rmse': 39.99252598306467, 'mae': 30.48719345664343, 'mdae': 23.349367686393396, 'r2': 0.41892681964506884}","{'mse': 1564.441809022644, 'rmse': 39.55302528281047, 'mae': 30.023899211744183, 'mdae': 22.547661967240956, 'r2': 0.455940679809108}",1595.8553505906482,39.94601823105024,30.43293087210619,23.27720014755581,0.43518957191318314,37.03770039563237,0.46230141040565775,0.3075400146490926,0.6166652446410966,0.01586896469666178
16,39.80419582356616,2024-07-10 18:47:35.944266,2024-07-10 18:47:38.567103,0 days 00:00:02.622837,0.679195142395271,0.11142241937868805,5,1,2.8125642851267076,420,15,6.507122532793364,8.26282894330696,COMPLETE,"{'mse': 1632.2160740514564, 'rmse': 40.40069397982486, 'mae': 30.57733042779342, 'mdae': 24.065129530434653, 'r2': 0.4536456993772756}","{'mse': 1561.2396330692545, 'rmse': 39.512525015104444, 'mae': 30.354550526293124, 'mdae': 23.861138665596066, 'r2': 0.43097808767433843}","{'mse': 1604.74156076971, 'rmse': 40.05922566363097, 'mae': 30.592884636459875, 'mdae': 23.698155425132548, 'r2': 0.422156858332431}","{'mse': 1565.267564611531, 'rmse': 39.56346249523076, 'mae': 30.338841882285227, 'mdae': 23.582673139247316, 'r2': 0.43132813052290575}","{'mse': 1559.0709080053973, 'rmse': 39.48507196403974, 'mae': 30.081948658723224, 'mdae': 22.779011772464855, 'r2': 0.45780849537080115}",1584.50714810147,39.80419582356616,30.389111226310973,23.597221706575088,0.4391834542555504,32.573433232450654,0.4079567082861542,0.2091771751123934,0.4920509794517416,0.015612397404879498
17,39.40280615486343,2024-07-10 18:47:38.568103,2024-07-10 18:47:40.099829,0 days 00:00:01.531726,0.561454837012811,0.037821504238465045,3,5,3.4186170899539405,458,23,9.02540754696513,5.695698008951135,COMPLETE,"{'mse': 1595.3364189167144, 'rmse': 39.94166269594587, 'mae': 30.424460628328383, 'mdae': 23.035621353772715, 'r2': 0.4659904854069432}","{'mse': 1539.5471538971642, 'rmse': 39.23706352286272, 'mae': 30.414970123611585, 'mdae': 24.43522586510202, 'r2': 0.43888430253087596}","{'mse': 1566.2675820626798, 'rmse': 39.576098621045, 'mae': 30.68075342080619, 'mdae': 25.014261046792512, 'r2': 0.4360107556028786}","{'mse': 1537.875510770383, 'rmse': 39.21575589951548, 'mae': 30.364962501469492, 'mdae': 24.289168147941876, 'r2': 0.4412798415395005}","{'mse': 1524.3909906314843, 'rmse': 39.043450034948044, 'mae': 29.924654686223942, 'mdae': 23.24284654841192, 'r2': 0.46986898375835884}",1552.683531255685,39.40280615486343,30.36196027208792,24.00342459240421,0.45040687376771144,28.267052366324094,0.3577680427705645,0.27367434998897505,0.8374088197923132,0.01616279106798263
18,39.200405962621275,2024-07-10 18:47:40.100829,2024-07-10 18:47:41.213230,0 days 00:00:01.112401,0.5291043679231336,0.07699774905175388,5,4,4.467702357872328,142,17,9.933593456561033,4.498032661395864,COMPLETE,"{'mse': 1584.341982281909, 'rmse': 39.803793566466865, 'mae': 30.098322376294362, 'mdae': 23.362614097638453, 'r2': 0.4696706707903894}","{'mse': 1506.7547168015276, 'rmse': 38.81693852948127, 'mae': 29.923305363734908, 'mdae': 23.12512612765938, 'r2': 0.4508360970348978}","{'mse': 1560.699263269058, 'rmse': 39.50568646750817, 'mae': 30.447079870208558, 'mdae': 24.197266753593446, 'r2': 0.43801582290104824}","{'mse': 1526.3745273061706, 'rmse': 39.068843434457726, 'mae': 30.008909240067783, 'mdae': 23.78136151890131, 'r2': 0.44545822350772457}","{'mse': 1505.965228262248, 'rmse': 38.80676781519234, 'mae': 29.52943778354788, 'mdae': 22.774908634669856, 'r2': 0.47627683331261506}",1536.8271435841827,39.200405962621275,30.0014109267707,23.448255426492487,0.4560515295093349,34.6179283454099,0.4406188118276316,0.33050264287780723,0.5561295981953092,0.016273056750098172
19,40.59511319793721,2024-07-10 18:47:41.214229,2024-07-10 18:47:44.108113,0 days 00:00:02.893884,0.6722856035539458,0.13523875793990633,7,7,2.0511021129465488,394,26,6.995952801732883,5.9752295506473985,COMPLETE,"{'mse': 1713.5202037583713, 'rmse': 41.39468811041305, 'mae': 31.26012865831117, 'mdae': 23.985417741262275, 'r2': 0.4264306378238748}","{'mse': 1620.3997351467165, 'rmse': 40.25418903849283, 'mae': 30.71932246268254, 'mdae': 23.05745785169731, 'r2': 0.4094161226149967}","{'mse': 1638.420842036249, 'rmse': 40.47741150365533, 'mae': 30.877737376303255, 'mdae': 23.825997557064518, 'r2': 0.4100294590228324}","{'mse': 1648.8024786429028, 'rmse': 40.60544887872689, 'mae': 30.787532213059674, 'mdae': 23.741604148744273, 'r2': 0.40097935386463646}","{'mse': 1619.5657289889598, 'rmse': 40.243828458397935, 'mae': 30.37847038026151, 'mdae': 23.047012249697097, 'r2': 0.43677046698932465}",1648.14179771464,40.59511319793721,30.804638218123632,23.531497909693098,0.41672520806313307,38.58588859527079,0.4724697891191005,0.3170194976624523,0.4461945256298869,0.014510302219439762
20,39.23150648560875,2024-07-10 18:47:44.109115,2024-07-10 18:47:46.999168,0 days 00:00:02.890053,0.8583595382004592,0.03307706808846572,10,7,3.645175261219952,466,13,5.510076361448681,8.211053804930986,COMPLETE,"{'mse': 1589.9832012441134, 'rmse': 39.874593430455356, 'mae': 30.158306178145228, 'mdae': 23.29807269236816, 'r2': 0.46778237653220056}","{'mse': 1521.886190981764, 'rmse': 39.01135976842853, 'mae': 30.054895898190047, 'mdae': 23.76849909479265, 'r2': 0.44532115865390265}","{'mse': 1549.2290486522693, 'rmse': 39.36024706035608, 'mae': 30.342001921861144, 'mdae': 23.73652388266621, 'r2': 0.44214607353566593}","{'mse': 1529.5133630532162, 'rmse': 39.10899337816324, 'mae': 30.036183581939806, 'mdae': 23.603861159850382, 'r2': 0.4443178641004196}","{'mse': 1505.621495623647, 'rmse': 38.80233879064053, 'mae': 29.59622708119833, 'mdae': 22.97647786746603, 'r2': 0.47639637176051786}",1539.2466599110019,39.23150648560875,30.03752293226691,23.476686939428685,0.45519276891654126,32.4060925365306,0.41164119789081205,0.2749280312935716,0.33576592231634644,0.015764037377682234
21,39.233831867401946,2024-07-10 18:47:47.000168,2024-07-10 18:47:48.141275,0 days 00:00:01.141107,0.5461400247580652,0.07258740267891839,5,4,4.521363727074188,134,18,9.923051570744548,4.493310838410773,COMPLETE,"{'mse': 1593.3779947990736, 'rmse': 39.917139110901644, 'mae': 30.08841383176539, 'mdae': 22.95432124053008, 'r2': 0.466646031848451}","{'mse': 1495.5855929890593, 'rmse': 38.672801721481974, 'mae': 29.792164672744338, 'mdae': 23.343956490518586, 'r2': 0.45490688543672597}","{'mse': 1561.398131432706, 'rmse': 39.514530636624116, 'mae': 30.425342504006277, 'mdae': 24.601267433331053, 'r2': 0.43776417105556353}","{'mse': 1539.3420373903173, 'rmse': 39.234449625174015, 'mae': 30.105220833264834, 'mdae': 23.775683211428436, 'r2': 0.4407470428963477}","{'mse': 1507.7874019947817, 'rmse': 38.830238242827996, 'mae': 29.518487629649638, 'mdae': 22.91779045128196, 'r2': 0.47564314364996707}",1539.4982317211875,39.233831867401946,29.985925894286094,23.518603765418025,0.455141454977411,39.73838017499017,0.5058022360850101,0.3441888867004484,0.697879562737509,0.01629339318510312
22,39.178611353891135,2024-07-10 18:47:48.142271,2024-07-10 18:47:49.205016,0 days 00:00:01.062745,0.5058591474271008,0.07207565575661787,5,4,4.586084666828139,121,21,8.606880246735875,3.8520523605157253,COMPLETE,"{'mse': 1590.6252525807467, 'rmse': 39.88264350040938, 'mae': 30.088936877750562, 'mdae': 22.664534535516943, 'r2': 0.46756746165998053}","{'mse': 1514.4018353797712, 'rmse': 38.9153162055735, 'mae': 30.00045414645009, 'mdae': 23.24647436331043, 'r2': 0.4480489668948444}","{'mse': 1548.051012947851, 'rmse': 39.34527942393917, 'mae': 30.279670571242786, 'mdae': 24.326590186940958, 'r2': 0.44257026635841}","{'mse': 1520.8570274922843, 'rmse': 38.998166976055224, 'mae': 29.893823579993235, 'mdae': 23.428670030909746, 'r2': 0.447462767015135}","{'mse': 1501.690429144267, 'rmse': 38.751650663478415, 'mae': 29.503978182601042, 'mdae': 22.8543719576584, 'r2': 0.4777634621464062}",1535.125111508984,39.178611353891135,29.953372671607543,23.304128214867298,0.4566825848149552,35.34916889708155,0.4493382491738617,0.28834273860651094,0.6472294570789272,0.015178816355914735
23,43.64943481310094,2024-07-10 18:47:49.206017,2024-07-10 18:47:49.886640,0 days 00:00:00.680623,0.5910129461943008,0.015310537446248385,3,5,4.688049030280015,62,22,8.906537753333511,3.413521579745095,COMPLETE,"{'mse': 1994.4083419995854, 'rmse': 44.65879915536898, 'mae': 34.843624413882274, 'mdae': 28.916679223879804, 'r2': 0.3324085014402579}","{'mse': 1864.7521793864023, 'rmse': 43.182776420540655, 'mae': 34.408407357002574, 'mdae': 29.54622933446558, 'r2': 0.32035747193920516}","{'mse': 1875.7442388834418, 'rmse': 43.30986306701329, 'mae': 34.35139775581159, 'mdae': 30.12347810960739, 'r2': 0.3245728966841439}","{'mse': 1880.725059854775, 'rmse': 43.36732710065004, 'mae': 34.5173268428512, 'mdae': 29.136318131896825, 'r2': 0.31672037424127697}","{'mse': 1912.1736943695853, 'rmse': 43.728408321931695, 'mae': 34.91991246552752, 'mdae': 29.959769615773624, 'r2': 0.3350114307571762}",1905.5607028987579,43.64943481310094,34.60813376701503,29.536494883124647,0.325814135012412,52.69914826879888,0.5995241817582265,0.2582206989134035,0.5167490809576822,0.00777959264753069
24,39.22472371750908,2024-07-10 18:47:49.887640,2024-07-10 18:47:51.093690,0 days 00:00:01.206050,0.6327908074565984,0.039242920749595706,6,3,4.1747211925729495,105,20,8.39492963925648,6.6461311946486,COMPLETE,"{'mse': 1580.9111945020502, 'rmse': 39.76067396941418, 'mae': 30.194791739682636, 'mdae': 23.005303353684393, 'r2': 0.47081906387868744}","{'mse': 1504.0820830192172, 'rmse': 38.78249712201649, 'mae': 30.036120297574158, 'mdae': 24.392699073222943, 'r2': 0.4518101865683326}","{'mse': 1551.1884611025828, 'rmse': 39.385129949037655, 'mae': 30.551115416679924, 'mdae': 25.18184130808093, 'r2': 0.4414405187760767}","{'mse': 1540.673390200209, 'rmse': 39.25141258859621, 'mae': 30.168632144476458, 'mdae': 23.325908672287916, 'r2': 0.4402633537760646}","{'mse': 1516.627733415192, 'rmse': 38.943904958480886, 'mae': 29.796758041508124, 'mdae': 23.354918794746553, 'r2': 0.47256877893079907}",1538.69657244785,39.22472371750908,30.149483527984263,23.85213424040455,0.4553803803859921,30.113227743059806,0.3834412160466539,0.2743146771487797,0.9085139408606089,0.01556747018342454
25,39.5681125235234,2024-07-10 18:47:51.094689,2024-07-10 18:47:53.312580,0 days 00:00:02.217891,0.5004668973013016,0.07996018384935985,7,6,2.663742318564287,286,26,7.661016752501415,2.401429895888181,COMPLETE,"{'mse': 1634.610294310599, 'rmse': 40.43031405159499, 'mae': 30.56140042704592, 'mdae': 23.58760361219917, 'r2': 0.45284427819535233}","{'mse': 1528.1597972783845, 'rmse': 39.0916845029526, 'mae': 29.831697101309942, 'mdae': 23.02699730852502, 'r2': 0.4430346298107529}","{'mse': 1579.9099501915248, 'rmse': 39.748081088167325, 'mae': 30.424235098254375, 'mdae': 23.851429624006393, 'r2': 0.4310983453730495}","{'mse': 1550.2815268530364, 'rmse': 39.37361460233282, 'mae': 30.120871972188496, 'mdae': 23.804191292664342, 'r2': 0.4367726553446365}","{'mse': 1536.3944902165224, 'rmse': 39.196868372569284, 'mae': 29.824328468189275, 'mdae': 22.573150595224575, 'r2': 0.4656945774068517}",1565.8712117700134,39.5681125235234,30.1525066133976,23.3686744865239,0.4458888972261287,43.17468534135822,0.5427742346084343,0.3363966813470195,0.5523266535436139,0.01369904581063127
26,39.78981180647121,2024-07-10 18:47:53.313580,2024-07-10 18:47:55.038384,0 days 00:00:01.724804,0.5735089925258391,0.1230431422584487,4,3,4.70921970743793,445,15,9.151874160177107,8.232357036824332,COMPLETE,"{'mse': 1645.1845145880418, 'rmse': 40.56087418421898, 'mae': 30.776191872157728, 'mdae': 24.290304027287675, 'r2': 0.44930475250622426}","{'mse': 1550.1212664600803, 'rmse': 39.37157942552064, 'mae': 30.18564063451511, 'mdae': 23.469368510025323, 'r2': 0.4350303766989596}","{'mse': 1598.060590225622, 'rmse': 39.975750027055426, 'mae': 30.657134188250556, 'mdae': 24.02272523829916, 'r2': 0.4245625746813816}","{'mse': 1588.4403859657068, 'rmse': 39.855242891816715, 'mae': 30.414719712934087, 'mdae': 23.628238788792377, 'r2': 0.4229092940642277}","{'mse': 1535.5122272935996, 'rmse': 39.185612503744274, 'mae': 29.844125943243494, 'mdae': 22.41370401588165, 'r2': 0.4660013982571427}",1583.4637969066102,39.78981180647121,30.375562470220196,23.564868116057234,0.4395616792415872,43.180890362234386,0.5416102291022711,0.3741039045609509,0.7201050631919306,0.018143828087655307
27,39.36717275213315,2024-07-10 18:47:55.039387,2024-07-10 18:47:56.282043,0 days 00:00:01.242656,0.5375937787889579,0.0570076829698829,3,5,3.090021187978363,388,7,7.19051397285123,5.428704593819171,COMPLETE,"{'mse': 1596.0429040481267, 'rmse': 39.950505679504566, 'mae': 30.443651218932317, 'mdae': 23.993492707230246, 'r2': 0.46575400250739973}","{'mse': 1532.570016211567, 'rmse': 39.1480525213141, 'mae': 30.352895409079, 'mdae': 23.78112260345785, 'r2': 0.4414272460639024}","{'mse': 1561.3384768920023, 'rmse': 39.51377578632549, 'mae': 30.664731897923968, 'mdae': 24.974793037878335, 'r2': 0.437785651752554}","{'mse': 1533.0512581914327, 'rmse': 39.154198474639124, 'mae': 30.319194554719765, 'mdae': 24.597761371053874, 'r2': 0.4430325238252171}","{'mse': 1526.412648141837, 'rmse': 39.06933129888247, 'mae': 29.98077815207922, 'mdae': 23.68338965697808, 'r2': 0.4691659204648584}",1549.8830606969932,39.36717275213315,30.352250246546852,24.206111875319674,0.45143306892278634,29.137042784279917,0.3687312718948859,0.2475295599344685,0.5575216064346814,0.014802709270485645
28,39.139183950323776,2024-07-10 18:47:56.283043,2024-07-10 18:47:58.096419,0 days 00:00:01.813376,0.7203801020695316,0.02963355776566648,6,4,3.8177558868476265,169,25,5.627654174578758,6.624138713714641,COMPLETE,"{'mse': 1578.6669407841193, 'rmse': 39.732441918212366, 'mae': 29.998174415601056, 'mdae': 22.859364827051127, 'r2': 0.4715702865200847}","{'mse': 1500.318019078183, 'rmse': 38.73393885313218, 'mae': 29.8981039172218, 'mdae': 23.854501872690673, 'r2': 0.45318206748685175}","{'mse': 1546.2592916644642, 'rmse': 39.32250362914935, 'mae': 30.300838710326467, 'mdae': 23.910423843144017, 'r2': 0.44321543806748465}","{'mse': 1528.2842688237247, 'rmse': 39.093276516860605, 'mae': 30.028985532907154, 'mdae': 23.97606244401556, 'r2': 0.4447644020144803}","{'mse': 1506.507874844437, 'rmse': 38.81375883426439, 'mae': 29.570403757326343, 'mdae': 22.64190039826677, 'r2': 0.47608811940270357}",1532.0072790389859,39.139183950323776,29.95930126667656,23.44845067703363,0.457764062698321,31.814043731700952,0.4055224126097341,0.2636291108932234,0.6430817302619611,0.015231802314433789
29,39.2500597132428,2024-07-10 18:47:58.096419,2024-07-10 18:48:00.271548,0 days 00:00:02.175129,0.9959107194610641,0.03697011251983842,9,8,3.5505881733550324,177,31,2.0481579920216735,6.482399542523955,COMPLETE,"{'mse': 1575.270460540481, 'rmse': 39.68967700221911, 'mae': 29.8708390171951, 'mdae': 23.153738013422707, 'r2': 0.47270719579183684}","{'mse': 1534.4859437954, 'rmse': 39.17251515789355, 'mae': 30.034370714683032, 'mdae': 23.870117019053232, 'r2': 0.44072895173769}","{'mse': 1546.955795436378, 'rmse': 39.33135893198172, 'mae': 30.192067725581413, 'mdae': 23.497792057250173, 'r2': 0.44296463760366855}","{'mse': 1532.850654132612, 'rmse': 39.151636672463795, 'mae': 30.004355341251173, 'mdae': 23.208279566129676, 'r2': 0.4431054045823052}","{'mse': 1513.6076464891125, 'rmse': 38.90511080165577, 'mae': 29.42668330694886, 'mdae': 22.56009109200005, 'r2': 0.4736190618051406}",1540.6341000787966,39.2500597132428,29.905663221131913,23.258003549571168,0.4546250503041282,22.74012064800557,0.28920707475786916,0.29110469637634134,0.48285789910875115,0.01695217888361828
30,39.12841566144222,2024-07-10 18:48:00.272548,2024-07-10 18:48:02.487661,0 days 00:00:02.215113,0.8396862459410659,0.026245723108622394,6,6,2.207395031214384,250,29,5.521652186583704,7.666846471685351,COMPLETE,"{'mse': 1592.91934381263, 'rmse': 39.911393659112306, 'mae': 30.09819076106014, 'mdae': 22.969655371859886, 'r2': 0.46679955682771823}","{'mse': 1500.070990423476, 'rmse': 38.73074993365705, 'mae': 29.801994685872312, 'mdae': 23.653562975909566, 'r2': 0.45327210153064823}","{'mse': 1537.1225253371483, 'rmse': 39.20615417682724, 'mae': 30.10617039426276, 'mdae': 23.712592724003215, 'r2': 0.44650544929940306}","{'mse': 1517.115861624741, 'rmse': 38.95017152240464, 'mae': 29.854067163001872, 'mdae': 23.367724076741823, 'r2': 0.44882195686613513}","{'mse': 1508.8259613264938, 'rmse': 38.84360901520987, 'mae': 29.517937840552065, 'mdae': 22.297526392070438, 'r2': 0.4752819682577407}",1531.2109365048977,39.12841566144222,29.87567216894983,23.200212308116985,0.45813620655632903,37.12252990620186,0.4717312930853749,0.24316298711770146,0.583977541324279,0.012396774395059807
31,39.21642706526141,2024-07-10 18:48:02.488740,2024-07-10 18:48:04.635361,0 days 00:00:02.146621,0.8277741812936019,0.026894362854978877,6,6,2.0391472854470925,243,28,5.462293137198762,7.719915229446005,COMPLETE,"{'mse': 1593.9197256585694, 'rmse': 39.923924226691064, 'mae': 30.08910488488834, 'mdae': 22.837751610861055, 'r2': 0.46646469741021646}","{'mse': 1508.4937278971693, 'rmse': 38.83933222774523, 'mae': 29.91579414168768, 'mdae': 23.713929559214414, 'r2': 0.45020228311022037}","{'mse': 1549.3946619839144, 'rmse': 39.362350818820694, 'mae': 30.243810049366573, 'mdae': 23.77528516206301, 'r2': 0.44208643868217967}","{'mse': 1528.7792424415784, 'rmse': 39.09960667886032, 'mae': 29.947401332427013, 'mdae': 23.535701921230903, 'r2': 0.4445845748852594}","{'mse': 1509.8603386799648, 'rmse': 38.85692137418976, 'mae': 29.549583336344064, 'mdae': 22.296355627144127, 'r2': 0.4749222472144238}",1538.0895393322394,39.21642706526141,29.949138748942733,23.2318047761027,0.45565204826045996,35.37052782883301,0.44914859355145664,0.2584478205030255,0.6423612143014696,0.014356780799459777
32,39.89519214897734,2024-07-10 18:48:04.636360,2024-07-10 18:48:06.300949,0 days 00:00:01.664589,0.7655598131215845,0.011583671960967075,7,7,2.1327515072161596,165,24,2.063526928960895,8.941641085325639,COMPLETE,"{'mse': 1649.4973775994554, 'rmse': 40.61400469788045, 'mae': 31.007156277875673, 'mdae': 24.895744488157725, 'r2': 0.4478611009629371}","{'mse': 1558.3123180033135, 'rmse': 39.47546475981395, 'mae': 30.80329962894301, 'mdae': 25.58402248142118, 'r2': 0.43204500039005445}","{'mse': 1588.4747188298477, 'rmse': 39.85567360903398, 'mae': 31.058698513343337, 'mdae': 26.051303871756573, 'r2': 0.42801430184939904}","{'mse': 1595.563385184285, 'rmse': 39.94450381697443, 'mae': 31.149780353302855, 'mdae': 24.57060018210083, 'r2': 0.4203214621986143}","{'mse': 1567.0762451161588, 'rmse': 39.586313861183875, 'mae': 30.792968443021692, 'mdae': 25.272025349440298, 'r2': 0.45502451309593417}",1591.784808946612,39.89519214897734,30.962380643297315,25.27473927457532,0.4366532756993878,35.661238382825914,0.44504542294709576,0.1584360309261125,0.5783953990792756,0.014367619090771137
33,39.21333759925413,2024-07-10 18:48:06.301949,2024-07-10 18:48:08.127388,0 days 00:00:01.825439,0.8057994942914538,0.048393181858580686,6,6,2.456306231773419,220,27,4.532735364285546,6.699217116713517,COMPLETE,"{'mse': 1597.3601416270424, 'rmse': 39.96698814805842, 'mae': 30.09621774777588, 'mdae': 23.015991609344894, 'r2': 0.46531308146292305}","{'mse': 1509.3350017006012, 'rmse': 38.850160896714456, 'mae': 29.889979002868913, 'mdae': 23.32175758654348, 'r2': 0.449895665715761}","{'mse': 1537.9449327553436, 'rmse': 39.21664101826345, 'mae': 30.06903308490322, 'mdae': 23.196685787791466, 'r2': 0.44620931283863075}","{'mse': 1529.6583912809433, 'rmse': 39.11084748865643, 'mae': 29.91554606707614, 'mdae': 23.00342956936313, 'r2': 0.4442651744036208}","{'mse': 1514.9260108102656, 'rmse': 38.922050444577884, 'mae': 29.530284399061276, 'mdae': 22.434643077562868, 'r2': 0.47316057981354853}",1537.8448956348393,39.21333759925413,29.90021206033709,22.99450152612117,0.4557687628468968,35.16810593498697,0.44588389991326777,0.2258899564216639,0.3398374688014463,0.012764973723928177
34,39.17532100056131,2024-07-10 18:48:08.128389,2024-07-10 18:48:10.707293,0 days 00:00:02.578904,0.7227897899939337,0.025596049945049666,7,5,3.9153193704922735,260,30,2.7808812003835914,6.276749323376279,COMPLETE,"{'mse': 1584.3880251648998, 'rmse': 39.80437193531509, 'mae': 29.954793364525603, 'mdae': 22.894377301812515, 'r2': 0.46965525878242353}","{'mse': 1509.281359016087, 'rmse': 38.84947051139934, 'mae': 29.909664228763788, 'mdae': 23.1129234439272, 'r2': 0.44991521675858503}","{'mse': 1550.294746093261, 'rmse': 39.37378247124933, 'mae': 30.321028290045536, 'mdae': 23.94753994251674, 'r2': 0.44176233202088}","{'mse': 1527.449262664055, 'rmse': 39.082595393142135, 'mae': 29.93602254155078, 'mdae': 23.709142065084755, 'r2': 0.4450677651739682}","{'mse': 1502.8325820649225, 'rmse': 38.76638469170065, 'mae': 29.46522874408191, 'mdae': 22.611553532001068, 'r2': 0.4773662604493012}",1534.849195000645,39.17532100056131,29.91734743379352,23.255107257068452,0.45675336663703153,33.264836847611086,0.4234080532197,0.30380072922417883,0.5590425666159002,0.015806603892230712
35,40.954578644706274,2024-07-10 18:48:10.708293,2024-07-10 18:48:12.755969,0 days 00:00:02.047676,0.8726257642479773,0.20424839338296485,6,8,1.7111167475551585,313,24,1.1825112220834697,7.622346409087529,COMPLETE,"{'mse': 1758.495708390216, 'rmse': 41.93442152206485, 'mae': 31.61965771616691, 'mdae': 23.5714846440138, 'r2': 0.41137591512573835}","{'mse': 1672.9351266122715, 'rmse': 40.90152963658293, 'mae': 31.15004066356945, 'mdae': 23.167855368674033, 'r2': 0.39026865269217725}","{'mse': 1656.5513244147642, 'rmse': 40.7007533642163, 'mae': 30.90285584133217, 'mdae': 23.63204623920999, 'r2': 0.4035009467977707}","{'mse': 1664.436574022087, 'rmse': 40.79750695841704, 'mae': 30.8182407393262, 'mdae': 24.65350569831873, 'r2': 0.3952993855014829}","{'mse': 1635.2869810510033, 'rmse': 40.438681742250246, 'mae': 30.39093094101899, 'mdae': 22.74492503770933, 'r2': 0.4313031535615607}",1677.5411428980685,40.954578644706274,30.976345180282742,23.553963397585175,0.40634961073574594,47.3618344736371,0.5740545843355169,0.4519758479338943,0.7104610603466083,0.01609939914204182
36,39.38306949755743,2024-07-10 18:48:12.756969,2024-07-10 18:48:14.274071,0 days 00:00:01.517102,0.7730576753791281,0.09009508406815492,5,4,1.2995966258139582,209,28,5.715005870023427,9.984997480202095,COMPLETE,"{'mse': 1607.1685516045331, 'rmse': 40.08950675182389, 'mae': 30.268362454393277, 'mdae': 22.808806302116206, 'r2': 0.4620298966820189}","{'mse': 1524.325094428385, 'rmse': 39.042606142884274, 'mae': 29.99103392230651, 'mdae': 23.630094150483167, 'r2': 0.4444322563523093}","{'mse': 1569.3589636160245, 'rmse': 39.61513553701444, 'mae': 30.35728681004706, 'mdae': 23.72587679251474, 'r2': 0.4348975959062973}","{'mse': 1536.5698080255727, 'rmse': 39.199104683979364, 'mae': 29.997744896804978, 'mdae': 23.465565079919834, 'r2': 0.44175421182459407}","{'mse': 1518.5825223716051, 'rmse': 38.96899437208516, 'mae': 29.582512117262894, 'mdae': 22.30317242904635, 'r2': 0.4718889702318695}",1551.200988009224,39.38306949755743,30.03938804016294,23.186702950816063,0.4510005861994178,36.95412574046111,0.46747320750225424,0.302612289610872,0.6100205600141437,0.01537786533990449
37,39.59353375866574,2024-07-10 18:48:14.275071,2024-07-10 18:48:16.754175,0 days 00:00:02.479104,0.6293530647787675,0.06060431584873313,8,7,2.337280978129711,372,22,4.691550321834367,5.227912040341583,COMPLETE,"{'mse': 1627.0742931012287, 'rmse': 40.337008975644544, 'mae': 30.38123525110074, 'mdae': 23.870555416974852, 'r2': 0.4553668159498161}","{'mse': 1537.49867264082, 'rmse': 39.21095092752559, 'mae': 29.984667998644895, 'mdae': 23.176190630797308, 'r2': 0.4396309084311866}","{'mse': 1587.6254573991841, 'rmse': 39.845017974637486, 'mae': 30.574192203828265, 'mdae': 23.61191592925055, 'r2': 0.4283201080335153}","{'mse': 1569.2607993523714, 'rmse': 39.6138965434148, 'mae': 30.283581720986174, 'mdae': 23.584071061989004, 'r2': 0.42987736241355823}","{'mse': 1517.9434981055485, 'rmse': 38.960794372106285, 'mae': 29.547381181948445, 'mdae': 22.01770008715495, 'r2': 0.47211120100182924}",1567.8805441198306,39.59353375866574,30.154211671301702,23.252086625233336,0.4450612791659811,42.75638344910782,0.5392455623679692,0.4005147509730758,0.7334277005943188,0.018562121544133888
38,39.95442178755229,2024-07-10 18:48:16.755175,2024-07-10 18:48:18.826912,0 days 00:00:02.071737,0.7038714741996795,0.16287490573032112,7,3,4.305830208839208,286,17,3.7409537946903386,8.883437333823721,COMPLETE,"{'mse': 1680.2750590012322, 'rmse': 40.99115830275149, 'mae': 30.906429493265794, 'mdae': 24.306869795661278, 'r2': 0.43755883837381937}","{'mse': 1567.4437011549628, 'rmse': 39.59095478963551, 'mae': 30.22232690026374, 'mdae': 23.444173931929335, 'r2': 0.4287169032849899}","{'mse': 1587.8572370123225, 'rmse': 39.84792638284108, 'mae': 30.626169404845086, 'mdae': 23.470938583533865, 'r2': 0.42823664770376213}","{'mse': 1563.7570953014827, 'rmse': 39.54436869266574, 'mae': 30.281145513272207, 'mdae': 23.926293950835046, 'r2': 0.43187689383069605}","{'mse': 1583.856986567922, 'rmse': 39.797700769867625, 'mae': 30.15670606980063, 'mdae': 22.73149280555417, 'r2': 0.44918874551807264}",1596.6380158075845,39.95442178755229,30.43855547628949,23.57595381350274,0.43511560574226804,47.87764279968625,0.593922795857502,0.3182282449103765,0.5912877714064516,0.008700220694322521
39,39.310141662581685,2024-07-10 18:48:18.827912,2024-07-10 18:48:20.566123,0 days 00:00:01.738211,0.8415704018572479,0.04442755405964444,4,9,2.9963170330341478,474,25,7.256131679078751,6.8728204018956776,COMPLETE,"{'mse': 1587.0671434097633, 'rmse': 39.838011288338215, 'mae': 30.11650287215408, 'mdae': 22.50857037512474, 'r2': 0.4687584732414476}","{'mse': 1522.1036578310413, 'rmse': 39.01414689354416, 'mae': 30.03082584381938, 'mdae': 23.303964900415615, 'r2': 0.44524189894269484}","{'mse': 1550.456717301787, 'rmse': 39.37583925838009, 'mae': 30.310863539909448, 'mdae': 23.889779768242246, 'r2': 0.4417040086407904}","{'mse': 1554.1667126603843, 'rmse': 39.422921158386835, 'mae': 30.34920242754163, 'mdae': 23.90914547675075, 'r2': 0.4353611421143865}","{'mse': 1513.193639813581, 'rmse': 38.899789714259136, 'mae': 29.596090857885397, 'mdae': 22.421643555890306, 'r2': 0.47376303915805007}",1545.3975742033113,39.310141662581685,30.080697108261983,23.20662081528473,0.4529657124194738,29.23416514182429,0.3713769497942034,0.3015311370272762,0.7199282326485505,0.017163509665135628
40,39.58879988894491,2024-07-10 18:48:20.567123,2024-07-10 18:48:21.848123,0 days 00:00:01.281000,0.8914089581614688,0.025794796202707318,6,6,4.995621114566612,86,31,0.014500117927534362,7.787452092718304,COMPLETE,"{'mse': 1630.642240996152, 'rmse': 40.38121148499822, 'mae': 30.571213415269497, 'mdae': 23.72568111067903, 'r2': 0.454172511036527}","{'mse': 1534.2093843340724, 'rmse': 39.16898497962479, 'mae': 30.270436414318194, 'mdae': 24.221664628179028, 'r2': 0.4408297488160008}","{'mse': 1571.19840718815, 'rmse': 39.63834516207948, 'mae': 30.603349682966492, 'mdae': 24.836977170988455, 'r2': 0.4342352401235211}","{'mse': 1556.639586900619, 'rmse': 39.454272099490304, 'mae': 30.47894209091112, 'mdae': 23.90794706163523, 'r2': 0.43446273084658193}","{'mse': 1544.5831988825255, 'rmse': 39.30118571853177, 'mae': 30.282795129282565, 'mdae': 24.086868238187343, 'r2': 0.4628468247807248}",1567.4545636603038,39.58879988894491,30.441347346549577,24.155827641933815,0.44530941112067113,37.920983403006105,0.47629693125590633,0.15722012432367083,0.4241242180935808,0.012712892359811365
41,39.14175309878604,2024-07-10 18:48:21.849123,2024-07-10 18:48:24.273380,0 days 00:00:02.424257,0.7207800852045906,0.02301227239958302,7,5,3.900763853233676,234,29,2.6310734919210392,6.375204319663105,COMPLETE,"{'mse': 1583.0911340041969, 'rmse': 39.78807778724924, 'mae': 29.99957829425487, 'mdae': 22.788501861739448, 'r2': 0.47008936923774514}","{'mse': 1503.1679553022552, 'rmse': 38.770710018031075, 'mae': 29.87172130283898, 'mdae': 23.85546500265147, 'r2': 0.45214335688414964}","{'mse': 1552.3488243479396, 'rmse': 39.399858176749056, 'mae': 30.34323840862938, 'mdae': 23.98432974949324, 'r2': 0.44102268953829526}","{'mse': 1523.8832620765413, 'rmse': 39.03694739700507, 'mae': 29.920162206187523, 'mdae': 23.678485780585316, 'r2': 0.4463633163413885}","{'mse': 1498.7096951975434, 'rmse': 38.71317211489577, 'mae': 29.42727958066022, 'mdae': 22.262030375046514, 'r2': 0.4788000594013322}",1532.2401741856954,39.14175309878604,29.912395958514196,23.3137625539032,0.45768375828058205,35.45949392543576,0.45185525803116433,0.32797813142259835,0.7513594861379198,0.016095317806819838
42,39.38543238786046,2024-07-10 18:48:24.274380,2024-07-10 18:48:26.716349,0 days 00:00:02.441969,0.7949879161054642,0.05136198097657909,8,5,4.0834343543921925,235,28,3.307147266155087,6.215393503972106,COMPLETE,"{'mse': 1600.2315913529455, 'rmse': 40.00289478716441, 'mae': 30.066840782259714, 'mdae': 23.389457104885167, 'r2': 0.4643519164972607}","{'mse': 1527.1019898131956, 'rmse': 39.07815233366588, 'mae': 30.041084470082474, 'mdae': 23.163838819933872, 'r2': 0.4434201667994154}","{'mse': 1569.6892946173555, 'rmse': 39.61930457008749, 'mae': 30.379657048348616, 'mdae': 23.117961913769815, 'r2': 0.4347786487136368}","{'mse': 1544.0852073738854, 'rmse': 39.29484962910388, 'mae': 30.029761064106953, 'mdae': 23.490435626594476, 'r2': 0.4390238184440013}","{'mse': 1515.697557661221, 'rmse': 38.93196061928067, 'mae': 29.50703770841947, 'mdae': 22.640554098376533, 'r2': 0.4728922622239743}",1551.3611281637207,39.38543238786046,30.004876214643446,23.16044951271197,0.4508933625356577,34.04988596059524,0.4313406209025767,0.3138764696208889,0.32918203092763604,0.016744424409751983
43,39.0703356918928,2024-07-10 18:48:26.717350,2024-07-10 18:48:28.673298,0 days 00:00:01.955948,0.7481183809820103,0.031140134961232274,6,4,3.722127080903186,196,30,4.234180497854279,4.896551837363521,COMPLETE,"{'mse': 1579.7256975026285, 'rmse': 39.74576326481388, 'mae': 29.937658313109704, 'mdae': 22.59754621268289, 'r2': 0.47121588718799456}","{'mse': 1496.722008413572, 'rmse': 38.68749162731505, 'mae': 29.808987100526444, 'mdae': 23.562644449617153, 'r2': 0.45449269836104855}","{'mse': 1538.915167790232, 'rmse': 39.22900926342943, 'mae': 30.144743521598947, 'mdae': 23.51347672169498, 'r2': 0.44585994589106626}","{'mse': 1511.8674469978678, 'rmse': 38.88273970539972, 'mae': 29.777031881881683, 'mdae': 23.464921717461213, 'r2': 0.4507287399779385}","{'mse': 1505.9579933943253, 'rmse': 38.80667459850593, 'mae': 29.48437134311452, 'mdae': 22.461465943695337, 'r2': 0.4762793493520747}",1526.6376628197252,39.0703356918928,29.830558432046256,23.120011009030314,0.4597153241540245,33.57763741059823,0.42797742716846043,0.24153600636350495,0.5422992930702942,0.013291312040172653
44,39.30784200707643,2024-07-10 18:48:28.674297,2024-07-10 18:48:30.768656,0 days 00:00:02.094359,0.7906645621227553,0.05961284516133673,6,2,3.7115143606276737,202,30,4.251030491608814,4.9082505606052775,COMPLETE,"{'mse': 1614.5975879961063, 'rmse': 40.18205554717312, 'mae': 30.265597472734942, 'mdae': 23.29211827819158, 'r2': 0.45954316343233104}","{'mse': 1509.346458284211, 'rmse': 38.850308342202524, 'mae': 29.878850902508432, 'mdae': 23.536351255607574, 'r2': 0.4498914901574571}","{'mse': 1549.1725474361615, 'rmse': 39.3595293091287, 'mae': 30.17246589686809, 'mdae': 23.460354411454002, 'r2': 0.44216641876820806}","{'mse': 1525.952891920393, 'rmse': 39.06344700510175, 'mae': 29.83626698776305, 'mdae': 23.131408794392936, 'r2': 0.44561140638104846}","{'mse': 1527.5488810272125, 'rmse': 39.08386983177603, 'mae': 29.659157519412737, 'mdae': 21.915167807561637, 'r2': 0.4687707775534182}",1545.323673332817,39.30784200707643,29.96246775585745,23.067080109441548,0.4531966512584925,41.2286899541115,0.5210926975293785,0.2504507716328243,0.6626768431089878,0.010873795165066482
45,40.54506691134488,2024-07-10 18:48:30.769656,2024-07-10 18:48:31.983827,0 days 00:00:01.214171,0.7477981336722543,0.2891235986608188,5,4,0.619886383694938,156,19,5.0043716619573715,7.325594740936002,COMPLETE,"{'mse': 1713.0025648723795, 'rmse': 41.38843515853649, 'mae': 31.612904225263552, 'mdae': 24.592878567688885, 'r2': 0.42660390791723257}","{'mse': 1634.0394310027839, 'rmse': 40.42325359249035, 'mae': 30.861062825671436, 'mdae': 22.778410887454744, 'r2': 0.4044448897208497}","{'mse': 1639.245628669556, 'rmse': 40.487598455200526, 'mae': 30.966393975464623, 'mdae': 24.302649971105588, 'r2': 0.4097324658427175}","{'mse': 1630.3688427106022, 'rmse': 40.37782612660818, 'mae': 30.92904859946968, 'mdae': 24.30290430850476, 'r2': 0.4076764134881029}","{'mse': 1603.8600231975422, 'rmse': 40.04822122388886, 'mae': 30.539489624010503, 'mdae': 24.05652912861177, 'r2': 0.44223237395621595}",1644.1032980905725,40.54506691134488,30.981779849975958,24.00667457267315,0.4181380101850237,40.86607325990461,0.5010579371928987,0.39100144850694024,0.7124089018630122,0.015967228306257804
46,39.61252056201477,2024-07-10 18:48:31.984827,2024-07-10 18:48:33.633569,0 days 00:00:01.648742,0.6364321808148258,0.012924082809641265,5,6,4.850750841890307,196,27,9.4827262888068,4.144286867006404,COMPLETE,"{'mse': 1620.3518397428652, 'rmse': 40.253594122051574, 'mae': 30.455810955385495, 'mdae': 23.166099099183135, 'r2': 0.4576170335291351}","{'mse': 1549.1694966878588, 'rmse': 39.359490554221594, 'mae': 30.39602890015577, 'mdae': 24.517416628621973, 'r2': 0.4353772663399934}","{'mse': 1568.721593429252, 'rmse': 39.60709019139442, 'mae': 30.571168086373955, 'mdae': 25.156215428652107, 'r2': 0.4351271032613342}","{'mse': 1556.807562535876, 'rmse': 39.45640078030276, 'mae': 30.423268773382848, 'mdae': 23.88591083382299, 'r2': 0.43440170420763036}","{'mse': 1551.2591356139567, 'rmse': 39.386027162103524, 'mae': 30.20590343407198, 'mdae': 23.85663750088743, 'r2': 0.4605251624607891}",1569.2619256019616,39.61252056201477,30.410436029874006,24.11645589823353,0.4446096539597765,29.55244741211854,0.3710463682588446,0.1323815558245108,0.7526127922502317,0.01324625721817266
47,41.10360206032428,2024-07-10 18:48:33.634569,2024-07-10 18:48:37.741739,0 days 00:00:04.107170,0.9751049731503876,0.18527657043571524,6,2,2.7558301381145567,497,25,5.997590991203962,8.595337837405191,COMPLETE,"{'mse': 1789.9515398927144, 'rmse': 42.30781889784339, 'mae': 32.03117086152562, 'mdae': 24.84948716441735, 'r2': 0.4008466542672816}","{'mse': 1663.9913560449647, 'rmse': 40.79205015741382, 'mae': 31.091257612071047, 'mdae': 23.42628746676614, 'r2': 0.39352837101075844}","{'mse': 1627.10070232198, 'rmse': 40.337336331517726, 'mae': 30.770184705516712, 'mdae': 23.263303823297534, 'r2': 0.4141056699570539}","{'mse': 1691.6300272183028, 'rmse': 41.12943018348665, 'mae': 31.11347916364629, 'mdae': 23.92304551423282, 'r2': 0.3854198273887025}","{'mse': 1677.0150923882538, 'rmse': 40.9513747313598, 'mae': 30.6314198170847, 'mdae': 22.75058671757575, 'r2': 0.41679154452883005}",1689.9377435732429,41.10360206032428,31.12750243196887,23.64254213725792,0.40213841343052525,60.81596618240453,0.734541727668491,0.545871067201011,0.7939727160086522,0.013353296139902009
48,40.315371589811065,2024-07-10 18:48:37.742741,2024-07-10 18:48:39.080895,0 days 00:00:01.338154,0.6976785733079347,0.23220973734221795,4,4,3.3719932148015697,265,21,4.974858038208483,9.365768170114718,COMPLETE,"{'mse': 1685.3631951340574, 'rmse': 41.053175213788975, 'mae': 30.987048454268493, 'mdae': 23.427085015959694, 'r2': 0.4358556784169255}","{'mse': 1608.765877508413, 'rmse': 40.109423799257115, 'mae': 30.722781164908998, 'mdae': 23.89434973538176, 'r2': 0.4136562916325215}","{'mse': 1622.8029355817243, 'rmse': 40.28402829387503, 'mae': 30.82582683485821, 'mdae': 24.085120849282262, 'r2': 0.4156532306958388}","{'mse': 1633.0115324941735, 'rmse': 40.410537394275934, 'mae': 30.837613654379105, 'mdae': 23.734318949395252, 'r2': 0.406716307130795}","{'mse': 1577.6540317039576, 'rmse': 39.71969324785827, 'mae': 30.234838521998697, 'mdae': 22.864620170744132, 'r2': 0.451345920931693}",1625.5195144844652,40.315371589811065,30.721621726082695,23.601098944152618,0.42464548576155475,39.42259834859759,0.487760263756747,0.2879771745455397,0.47715370476532376,0.018450339717681695
49,39.17677719661971,2024-07-10 18:48:39.081895,2024-07-10 18:48:40.613872,0 days 00:00:01.531977,0.818958820489503,0.042425469845133894,5,3,4.243621559181149,181,23,4.099102096018607,2.829512878585238,COMPLETE,"{'mse': 1582.3864972668575, 'rmse': 39.77922192887711, 'mae': 29.96852337042255, 'mdae': 22.73104136584613, 'r2': 0.4703252334213801}","{'mse': 1509.7774328510284, 'rmse': 38.85585455051823, 'mae': 29.957038170041553, 'mdae': 23.640942117156786, 'r2': 0.4497344137119328}","{'mse': 1553.3423400608206, 'rmse': 39.41246427287719, 'mae': 30.35664103529464, 'mdae': 23.96127814133888, 'r2': 0.4406649395710347}","{'mse': 1515.9355580734416, 'rmse': 38.93501711921341, 'mae': 29.86676765672341, 'mdae': 23.247161371026724, 'r2': 0.4492507688100117}","{'mse': 1513.313328847342, 'rmse': 38.901328111612614, 'mae': 29.649168095391325, 'mdae': 22.632091979891044, 'r2': 0.4737214154083096}",1534.951031419898,39.17677719661971,29.959627665574697,23.242502995051915,0.45673935418453376,31.827080127457968,0.40490725221308543,0.25627796469387765,0.5721904733106431,0.01446116718274414
