number,value,datetime_start,datetime_complete,duration,params_metric,params_n_neighbors,params_weights,state,fold_0,fold_1,fold_2,fold_3,fold_4,mse,rmse,mae,mdae,r2,mse_std,rmse_std,mae_std,mdae_std,r2_std
0,44.373381175228374,2024-07-10 18:50:04.908883,2024-07-10 18:50:11.073877,0 days 00:00:06.164994,cityblock,189,uniform,COMPLETE,"{'mse': 2049.622928768424, 'rmse': 45.27276144403414, 'mae': 35.70303992912425, 'mdae': 28.748234888658732, 'r2': 0.31392643437950263}","{'mse': 1902.1166069131739, 'rmse': 43.613261823821134, 'mae': 34.75816832040756, 'mdae': 29.449906829947096, 'r2': 0.30673933315135005}","{'mse': 1970.1215085801944, 'rmse': 44.386050833343965, 'mae': 35.59375077884218, 'mdae': 30.16152724386244, 'r2': 0.2905890706545985}","{'mse': 1951.8406830981537, 'rmse': 44.17964104763815, 'mae': 35.340033791199616, 'mdae': 29.73654251256614, 'r2': 0.29088360656451384}","{'mse': 1972.7091673428324, 'rmse': 44.41519072730446, 'mae': 35.695472037548576, 'mdae': 30.90411790105822, 'r2': 0.313959265004949}",1969.2821789405557,44.373381175228374,35.41809297142443,29.800065875218525,0.3032195419509828,53.109567522348065,0.5970992572891751,0.39704639557934596,0.8035204097684889,0.011769369501739414
1,43.30461800745411,2024-07-10 18:50:11.074878,2024-07-10 18:50:11.898749,0 days 00:00:00.823871,euclidean,31,uniform,COMPLETE,"{'mse': 1936.936604440887, 'rmse': 44.01064194533962, 'mae': 34.621888786554194, 'mdae': 28.294179825483866, 'r2': 0.3516461081999531}","{'mse': 1829.1185362158744, 'rmse': 42.76819538180065, 'mae': 33.59574344177636, 'mdae': 27.611390560645155, 'r2': 0.33334479518577353}","{'mse': 1877.3204793788661, 'rmse': 43.32805649205681, 'mae': 34.393606609745945, 'mdae': 29.357367042258073, 'r2': 0.32400531634462626}","{'mse': 1867.4559519057009, 'rmse': 43.214071225767434, 'mae': 34.31017019571603, 'mdae': 28.711120737258064, 'r2': 0.3215411273152513}","{'mse': 1866.4236038508323, 'rmse': 43.20212499230602, 'mae': 34.34004757585687, 'mdae': 29.432769663225812, 'r2': 0.3509217465022244}",1875.4510351584322,43.30461800745411,34.25229132192989,28.681365565774193,0.3362918187095657,38.97462758697808,0.4487404412822481,0.38687159998357207,0.7611226565394298,0.014378934049476485
2,46.17599031197049,2024-07-10 18:50:11.898749,2024-07-10 18:50:13.168176,0 days 00:00:01.269427,euclidean,417,uniform,COMPLETE,"{'mse': 2233.0383712913117, 'rmse': 47.25503540673006, 'mae': 37.45141428038015, 'mdae': 30.44890703292446, 'r2': 0.25253148954584437}","{'mse': 2063.2408320443024, 'rmse': 45.422910871544794, 'mae': 36.385705592475375, 'mdae': 30.873671683944842, 'r2': 0.24801470640980094}","{'mse': 2127.5713601616494, 'rmse': 46.12560417123714, 'mae': 37.17427964735869, 'mdae': 31.6836088452374, 'r2': 0.23389376275138607}","{'mse': 2102.6594449089216, 'rmse': 45.854764691457326, 'mae': 36.95948817445486, 'mdae': 31.05660326974821, 'r2': 0.23609017113519448}","{'mse': 2136.439673239421, 'rmse': 46.22163641888311, 'mae': 37.45317846906001, 'mdae': 31.843186016952046, 'r2': 0.25701939851783473}",2132.5899363291214,46.17599031197049,37.084813232745816,31.181195369761394,0.2455099056720121,62.91865234002946,0.6780994008338513,0.44230967028633417,0.5781416639326117,0.010145334734471012
3,45.187385174848956,2024-07-10 18:50:13.169176,2024-07-10 18:50:14.307209,0 days 00:00:01.138033,euclidean,218,distance,COMPLETE,"{'mse': 2127.9687379950874, 'rmse': 46.129911532487114, 'mae': 36.542287674387794, 'mdae': 29.500757604948404, 'r2': 0.2877016161784992}","{'mse': 1981.577908592001, 'rmse': 44.51491782079353, 'mae': 35.57348510784427, 'mdae': 30.339398174898264, 'r2': 0.2777782301409919}","{'mse': 2037.9405728099437, 'rmse': 45.14355516361049, 'mae': 36.239821624782174, 'mdae': 30.799817710001467, 'r2': 0.26616845234601794}","{'mse': 2025.6188552982528, 'rmse': 45.00687564470847, 'mae': 36.16782240147324, 'mdae': 30.321700403293057, 'r2': 0.2640795175638925}","{'mse': 2037.769983312204, 'rmse': 45.141665712645164, 'mae': 36.43509677566241, 'mdae': 31.095105247404916, 'r2': 0.29133333983265086}",2042.1752116014977,45.187385174848956,36.19170271682997,30.41135582810922,0.27741223121241043,53.25413936748968,0.5867630072469351,0.37657309754043594,0.6043221461167663,0.012288068194821557
4,45.35793391528033,2024-07-10 18:50:14.308210,2024-07-10 18:50:16.092221,0 days 00:00:01.784011,cosine,230,uniform,COMPLETE,"{'mse': 2129.8397741388612, 'rmse': 46.150187151720864, 'mae': 37.13652903539765, 'mdae': 30.634563752695648, 'r2': 0.2870753212534445}","{'mse': 2004.8102306684598, 'rmse': 44.77510726585096, 'mae': 36.27330986082116, 'mdae': 31.451167651686966, 'r2': 0.2693107917953975}","{'mse': 2051.512119822379, 'rmse': 45.29362118248417, 'mae': 36.90869035849323, 'mdae': 31.980638110145648, 'r2': 0.2612815437280388}","{'mse': 2033.4712045754122, 'rmse': 45.094026262637186, 'mae': 36.69857744777989, 'mdae': 31.502241060782605, 'r2': 0.26122670808633996}","{'mse': 2068.132763546777, 'rmse': 45.476727713708435, 'mae': 37.26194299576292, 'mdae': 32.8281212025652, 'r2': 0.2807742039937492}",2057.553218550378,45.35793391528033,36.85580993965097,31.679346355575216,0.271933713771394,46.73203915094481,0.5136261863466135,0.39069553587714817,0.8039687282600757,0.011644858968409015
5,45.66408983167925,2024-07-10 18:50:16.093220,2024-07-10 18:50:17.901069,0 days 00:00:01.807849,cosine,305,uniform,COMPLETE,"{'mse': 2156.4463670008786, 'rmse': 46.437553413168516, 'mae': 37.39986348781042, 'mdae': 30.97268272366558, 'r2': 0.27816925381165136}","{'mse': 2033.069437752867, 'rmse': 45.08957127488425, 'mae': 36.58607119825535, 'mdae': 31.549881114098362, 'r2': 0.25901121464184784}","{'mse': 2077.221763362177, 'rmse': 45.57654839237146, 'mae': 37.200332709494276, 'mdae': 32.054249001278684, 'r2': 0.2520238903105847}","{'mse': 2062.586357815369, 'rmse': 45.415706069765875, 'mae': 37.01798497968548, 'mdae': 32.14873385271639, 'r2': 0.25064898387010526}","{'mse': 2097.738013896602, 'rmse': 45.80107000820616, 'mae': 37.60601111249506, 'mdae': 33.2142087520459, 'r2': 0.27047851112328736}",2085.412387965579,45.66408983167925,37.16205269754811,31.98795108876098,0.2620663707514953,46.16721145185583,0.5040930096548839,0.3897526780984572,0.8301550341681253,0.01194371240384999
6,44.77800293042636,2024-07-10 18:50:17.902070,2024-07-10 18:50:18.968071,0 days 00:00:01.066001,euclidean,154,distance,COMPLETE,"{'mse': 2091.294587985246, 'rmse': 45.73067447551201, 'mae': 36.21396471974764, 'mdae': 29.067697182572797, 'r2': 0.2999776131485721}","{'mse': 1937.8250815285512, 'rmse': 44.02073467729215, 'mae': 35.129196635624936, 'mdae': 29.682427544850526, 'r2': 0.29372473623650674}","{'mse': 2010.2416748104242, 'rmse': 44.83571873863989, 'mae': 35.94074883219, 'mdae': 30.755770084468153, 'r2': 0.2761424061788673}","{'mse': 1988.7014560563316, 'rmse': 44.59485907653854, 'mae': 35.789422534940165, 'mdae': 29.930442158107248, 'r2': 0.27749184841248187}","{'mse': 1998.8077394066522, 'rmse': 44.70802768414921, 'mae': 36.00108753324589, 'mdae': 31.217061600849107, 'r2': 0.30488307483085386}",2005.3741079574406,44.77800293042636,35.814884051149726,30.13067971416957,0.2904439357614564,55.43010820873411,0.617010453891787,0.4124907818716585,0.8576013822549401,0.013061716085963095
7,41.42978380750523,2024-07-10 18:50:18.969070,2024-07-10 18:50:24.829532,0 days 00:00:05.860462,cityblock,20,uniform,COMPLETE,"{'mse': 1768.411745222332, 'rmse': 42.052487978980885, 'mae': 32.41097953096627, 'mdae': 25.71698871825, 'r2': 0.4080567042354103}","{'mse': 1707.9273832778388, 'rmse': 41.32707808783291, 'mae': 31.96003301180526, 'mdae': 25.535718331749994, 'r2': 0.37751509431287344}","{'mse': 1735.9608061294787, 'rmse': 41.66486296784712, 'mae': 32.35197046451931, 'mdae': 26.345882267, 'r2': 0.3749067946215071}","{'mse': 1687.393218738508, 'rmse': 41.07789209220098, 'mae': 32.08185026224608, 'mdae': 27.228693401999998, 'r2': 0.38695908741893204}","{'mse': 1683.1817361233223, 'rmse': 41.02659791066427, 'mae': 31.903837259882366, 'mdae': 26.572346861000014, 'r2': 0.41464699688313855}",1716.5749778982959,41.42978380750523,32.141734105883856,26.279925916000003,0.39241693549437234,35.722280650305095,0.4301040014824475,0.22906805597668858,0.6820489734741457,0.018008581324067782
8,45.17918220051397,2024-07-10 18:50:24.830532,2024-07-10 18:50:27.213860,0 days 00:00:02.383328,cosine,275,distance,COMPLETE,"{'mse': 2113.3548451845427, 'rmse': 45.97123932617591, 'mae': 36.987444716412504, 'mdae': 30.81237501726475, 'r2': 0.2925933479245676}","{'mse': 1988.6888901463935, 'rmse': 44.594718186646205, 'mae': 36.13586045960221, 'mdae': 31.14432585586406, 'r2': 0.27518650479858675}","{'mse': 2035.6928960216806, 'rmse': 45.11865352624877, 'mae': 36.76708661625482, 'mdae': 31.91653336603796, 'r2': 0.266977806729636}","{'mse': 2016.645721961157, 'rmse': 44.90707875114075, 'mae': 36.55542840206012, 'mdae': 31.37294041102081, 'r2': 0.2673395151676503}","{'mse': 2052.472459658288, 'rmse': 45.304221212358215, 'mae': 37.12398062911369, 'mdae': 32.29089891827175, 'r2': 0.286220321732623}",2041.370962594412,45.17918220051397,36.71396016468867,31.507414713691865,0.27766349927061273,46.70091356602128,0.5153376164880572,0.3889294890844829,0.5946054588739336,0.011434856425960442
9,45.74235311826876,2024-07-10 18:50:27.214863,2024-07-10 18:50:28.445157,0 days 00:00:01.230294,euclidean,300,uniform,COMPLETE,"{'mse': 2189.2892890683647, 'rmse': 46.78984172946479, 'mae': 37.10710233874728, 'mdae': 30.449822863864995, 'r2': 0.2671756899068135}","{'mse': 2026.0017970565202, 'rmse': 45.01112970206947, 'mae': 36.035896763192184, 'mdae': 30.580568096709996, 'r2': 0.2615871436276883}","{'mse': 2087.872516130741, 'rmse': 45.6932436595471, 'mae': 36.74699341082781, 'mdae': 31.270719196545, 'r2': 0.24818871548158628}","{'mse': 2068.467879878442, 'rmse': 45.48041204604947, 'mae': 36.62653038267285, 'mdae': 31.027525374421685, 'r2': 0.24851218871597536}","{'mse': 2091.8858339798444, 'rmse': 45.737138454212946, 'mae': 37.00819252881769, 'mdae': 31.2688511171, 'r2': 0.2725136990150856}",2092.7034632227824,45.74235311826876,36.704943084851564,30.919497329728337,0.25959548734942983,59.97771271700455,0.652489871943636,0.4210795806802281,0.3848837668049244,0.010968822990910855
10,40.96526865442974,2024-07-10 18:50:28.446156,2024-07-10 18:50:34.273159,0 days 00:00:05.827003,cityblock,13,distance,COMPLETE,"{'mse': 1739.3862194855885, 'rmse': 41.705949449516055, 'mae': 31.72403243020367, 'mdae': 23.79142947808363, 'r2': 0.41777246495252074}","{'mse': 1639.0355827880092, 'rmse': 40.485004418772256, 'mae': 30.984221403937514, 'mdae': 24.464984999585475, 'r2': 0.40262395218962066}","{'mse': 1695.7125318340286, 'rmse': 41.179030243972825, 'mae': 31.557602702372694, 'mdae': 24.825896284738896, 'r2': 0.38939958887208137}","{'mse': 1645.1049572116515, 'rmse': 40.55989345661119, 'mae': 31.209122311117955, 'mdae': 25.262228959031393, 'r2': 0.40232268740854926}","{'mse': 1672.520907019263, 'rmse': 40.8964657032764, 'mae': 31.1609625130124, 'mdae': 24.674061487404046, 'r2': 0.4183544683925131}",1678.3520396677081,40.96526865442974,31.327188272128847,24.603720241768688,0.4060946323630571,40.962519989848815,0.49850242991363275,0.3040447920467263,0.5401406223869157,0.012162164900094677
11,42.14467043022293,2024-07-10 18:50:34.274161,2024-07-10 18:50:39.942321,0 days 00:00:05.668160,cityblock,5,distance,COMPLETE,"{'mse': 1853.4925626343665, 'rmse': 43.052207407220905, 'mae': 32.14627212540976, 'mdae': 23.779148105753354, 'r2': 0.3795774659577358}","{'mse': 1757.5708488751352, 'rmse': 41.9233926212459, 'mae': 31.516836479281412, 'mdae': 23.728218924806292, 'r2': 0.3594216388750856}","{'mse': 1747.7319076619424, 'rmse': 41.80588364885907, 'mae': 31.4977806096345, 'mdae': 23.580392300953534, 'r2': 0.37066819916371607}","{'mse': 1753.5919730314222, 'rmse': 41.87591160836289, 'mae': 31.455702681343137, 'mdae': 23.96794131045471, 'r2': 0.3629086501570131}","{'mse': 1769.5447270038726, 'rmse': 42.0659568654259, 'mae': 31.446502853223503, 'mdae': 24.243632087272132, 'r2': 0.3846129043159766}",1776.3864038413478,42.14467043022293,31.612618949778465,23.859866545848003,0.37143777169390546,43.83736876710691,0.5161857335789684,0.29973534606266805,0.2553960462624369,0.01069537687867541
12,42.78315352640636,2024-07-10 18:50:39.942321,2024-07-10 18:50:45.755739,0 days 00:00:05.813418,cityblock,86,distance,COMPLETE,"{'mse': 1896.5696673855296, 'rmse': 43.54962304527479, 'mae': 34.13828572060072, 'mdae': 27.663559902106943, 'r2': 0.3651581976921351}","{'mse': 1783.1958249282009, 'rmse': 42.22790339252235, 'mae': 33.420526592723895, 'mdae': 28.223509874792384, 'r2': 0.3500821546804975}","{'mse': 1836.969126350766, 'rmse': 42.85987781539707, 'mae': 34.114179454520425, 'mdae': 28.788884753074132, 'r2': 0.33853522768630717}","{'mse': 1817.5100327658429, 'rmse': 42.63226516109416, 'mae': 34.01488433011788, 'mdae': 28.808679884190326, 'r2': 0.3396868040367029}","{'mse': 1818.6896931974177, 'rmse': 42.64609821774341, 'mae': 34.11479457649033, 'mdae': 29.560535691436975, 'r2': 0.3675219669964426}",1830.5868689255512,42.78315352640636,33.96053413489065,28.609034021120152,0.35219687021841706,41.69208674276382,0.4855966194983836,0.30559813629476146,0.7106529325498275,0.0136973433143908
13,42.95191415711959,2024-07-10 18:50:45.756742,2024-07-10 18:50:51.742841,0 days 00:00:05.986099,cityblock,95,distance,COMPLETE,"{'mse': 1908.9586509564617, 'rmse': 43.69163136066748, 'mae': 34.30973367909569, 'mdae': 27.793171382447873, 'r2': 0.36101121337925446}","{'mse': 1795.0111373981829, 'rmse': 42.36757176660214, 'mae': 33.558295426949776, 'mdae': 28.278549284163965, 'r2': 0.345775851180389}","{'mse': 1847.1553713170033, 'rmse': 42.97854547698192, 'mae': 34.22485633720261, 'mdae': 28.641230170364256, 'r2': 0.33486731508469003}","{'mse': 1835.1162432414778, 'rmse': 42.83825677173942, 'mae': 34.18979858613643, 'mdae': 28.79470748823985, 'r2': 0.3332903534541015}","{'mse': 1839.0001822400384, 'rmse': 42.88356540960696, 'mae': 34.32953599362204, 'mdae': 29.59685383844598, 'r2': 0.36045867400750353}",1845.048317030633,42.95191415711959,34.12244400460131,28.620902432732386,0.3470806814211877,41.011936768595646,0.47616602942565367,0.3206450753082108,0.6681030853265344,0.013361067050771405
14,43.392470417173065,2024-07-10 18:50:51.743840,2024-07-10 18:50:57.568740,0 days 00:00:05.824900,cityblock,98,uniform,COMPLETE,"{'mse': 1949.2656318573775, 'rmse': 44.15048846680382, 'mae': 34.7476634830267, 'mdae': 27.989599299744903, 'r2': 0.34751919310667445}","{'mse': 1826.2754891648951, 'rmse': 42.734944590637944, 'mae': 33.892527787864566, 'mdae': 28.938896756122446, 'r2': 0.3343809949052231}","{'mse': 1886.1820004680621, 'rmse': 43.430196873466535, 'mae': 34.67083111647941, 'mdae': 29.43190894632653, 'r2': 0.32081441675598577}","{'mse': 1875.811264844362, 'rmse': 43.31063685567741, 'mae': 34.581814370416254, 'mdae': 29.486638639744896, 'r2': 0.3185055878737413}","{'mse': 1878.0162890664378, 'rmse': 43.3360852992796, 'mae': 34.80158649185077, 'mdae': 29.989305141326533, 'r2': 0.34689020732881815}",1883.1101350802269,43.392470417173065,34.53888464992754,29.167269756653063,0.3336220799940886,43.86166851889553,0.5045371331572375,0.37068547414646635,0.7561141597502399,0.013804831394498437
15,45.4388430833103,2024-07-10 18:50:57.569740,2024-07-10 18:51:03.731703,0 days 00:00:06.161963,cityblock,468,distance,COMPLETE,"{'mse': 2165.586261270906, 'rmse': 46.53585994983767, 'mae': 36.792267300381845, 'mdae': 29.725584777932323, 'r2': 0.27510984236420033}","{'mse': 1994.2834570218226, 'rmse': 44.65740092103237, 'mae': 35.74374098919189, 'mdae': 30.04137835296325, 'r2': 0.2731474641063951}","{'mse': 2061.3055621777407, 'rmse': 45.40160307938191, 'mae': 36.47250940395962, 'mdae': 31.388415130030232, 'r2': 0.2577550733999143}","{'mse': 2028.832825958226, 'rmse': 45.04256682248722, 'mae': 36.1994833646452, 'mdae': 30.444296311443296, 'r2': 0.2629118611548714}","{'mse': 2075.420627082699, 'rmse': 45.55678464381237, 'mae': 36.81396340760657, 'mdae': 31.141817944180502, 'r2': 0.27823973447361094}",2065.085746702279,45.4388430833103,36.40439289315702,30.548298503309923,0.26943279509979845,64.32085871345667,0.7047037964473648,0.4475721378219625,0.7075845606442531,0.008695998738196748
16,42.477388914357036,2024-07-10 18:51:03.732702,2024-07-10 18:51:09.443533,0 days 00:00:05.710831,cityblock,52,uniform,COMPLETE,"{'mse': 1868.362616603981, 'rmse': 43.22456034020451, 'mae': 33.795751048716426, 'mdae': 26.744019785250018, 'r2': 0.3745999889766246}","{'mse': 1758.4105016607034, 'rmse': 41.933405557630344, 'mae': 33.02654462415308, 'mdae': 27.522002685576926, 'r2': 0.3591156122897917}","{'mse': 1804.5358641992163, 'rmse': 42.47982890972157, 'mae': 33.656997211470866, 'mdae': 28.915617920807676, 'r2': 0.3502139543762236}","{'mse': 1798.1690305168356, 'rmse': 42.404823198745156, 'mae': 33.683683078510796, 'mdae': 28.357467715000013, 'r2': 0.3467135157345419}","{'mse': 1793.041992284321, 'rmse': 42.34432656548361, 'mae': 33.68113208985298, 'mdae': 28.67796797807695, 'r2': 0.3764413596147951}",1804.5040010530115,42.477388914357036,33.56882161054083,28.043415216942314,0.3614168861983954,39.91880502433368,0.468284197188509,0.3078729596210839,0.8975415381192103,0.01366125585655858
17,43.81609937075735,2024-07-10 18:51:09.443533,2024-07-10 18:51:15.297393,0 days 00:00:05.853860,cityblock,163,distance,COMPLETE,"{'mse': 1994.8322303235313, 'rmse': 44.663544757705154, 'mae': 35.15916019907618, 'mdae': 28.154141324252905, 'r2': 0.3322666126226844}","{'mse': 1859.240779597722, 'rmse': 43.11891440653071, 'mae': 34.317600895048884, 'mdae': 29.09260330112501, 'r2': 0.3223662008882525}","{'mse': 1921.2587840472372, 'rmse': 43.83216608892649, 'mae': 35.06881434629749, 'mdae': 29.434293068014885, 'r2': 0.30818379802055396}","{'mse': 1905.5008720729754, 'rmse': 43.65204316034904, 'mae': 34.915616739412336, 'mdae': 29.10339574262217, 'r2': 0.30771916079350825}","{'mse': 1919.65156259388, 'rmse': 43.81382844027534, 'mae': 35.210737246088456, 'mdae': 30.215176459730678, 'r2': 0.3324108841090855}",1920.096845727069,43.81609937075735,34.934385885184675,29.199921979149128,0.32058933128681694,48.7427669510056,0.5548441886994777,0.362539853983587,0.7416473654613609,0.012235234164640877
18,45.31831684951635,2024-07-10 18:51:15.298394,2024-07-10 18:51:21.332783,0 days 00:00:06.034389,cityblock,352,uniform,COMPLETE,"{'mse': 2149.405230200767, 'rmse': 46.36167846617255, 'mae': 36.66805554395943, 'mdae': 29.786240152610794, 'r2': 0.2805261448098295}","{'mse': 1989.2077161492089, 'rmse': 44.600534931200194, 'mae': 35.67224498514849, 'mdae': 30.086664203369324, 'r2': 0.2749974093144387}","{'mse': 2046.976535480121, 'rmse': 45.243524790627454, 'mae': 36.34970914179877, 'mdae': 31.085408493953135, 'r2': 0.262914738984957}","{'mse': 2021.098785855254, 'rmse': 44.956632278844616, 'mae': 36.15732716350506, 'mdae': 30.585855558579542, 'r2': 0.2657216881412624}","{'mse': 2063.8134647359007, 'rmse': 45.42921378073696, 'mae': 36.69662848032148, 'mdae': 31.685346053315342, 'r2': 0.28227630829778505}",2054.10034648425,45.31831684951635,36.30879306294664,30.645902892365626,0.2732872579096545,60.26663812873911,0.6619142798471044,0.4210983676009044,0.7630499456719462,0.00867404350670403
19,43.267837857060016,2024-07-10 18:51:21.333784,2024-07-10 18:51:27.141493,0 days 00:00:05.807709,cityblock,116,distance,COMPLETE,"{'mse': 1945.0276665072217, 'rmse': 44.10246780518321, 'mae': 34.66940166556303, 'mdae': 28.19231548615082, 'r2': 0.3489377740358527}","{'mse': 1816.199090060546, 'rmse': 42.616887381184306, 'mae': 33.803212574399495, 'mdae': 28.691313611954417, 'r2': 0.3380535201001168}","{'mse': 1870.8492720336387, 'rmse': 43.253315156570814, 'mae': 34.50485937409675, 'mdae': 28.933125817733234, 'r2': 0.3263355001412963}","{'mse': 1860.8103191593818, 'rmse': 43.13711069554128, 'mae': 34.45106563981377, 'mdae': 28.571788594546078, 'r2': 0.3239555288419611}","{'mse': 1868.7817373702696, 'rmse': 43.22940824682047, 'mae': 34.68444009337267, 'mdae': 29.719905223376912, 'r2': 0.3501016683682182}",1872.3336170262114,43.267837857060016,34.42259586944915,28.82168974675229,0.337476798297489,46.32255247307066,0.5336480597918319,0.3607939082099382,0.56893969862151,0.01222729701845379
20,45.27651637666837,2024-07-10 18:51:27.142492,2024-07-10 18:51:28.574982,0 days 00:00:01.432490,cosine,3,distance,COMPLETE,"{'mse': 2084.1802580864714, 'rmse': 45.652823111900446, 'mae': 34.55802542618531, 'mdae': 27.07715511907725, 'r2': 0.3023590041898918}","{'mse': 1996.9883313758305, 'rmse': 44.68767538567911, 'mae': 33.613381486425986, 'mdae': 26.2441605569836, 'r2': 0.2721616239157433}","{'mse': 2050.202363578461, 'rmse': 45.279160367419145, 'mae': 33.86393481856134, 'mdae': 25.572067067760305, 'r2': 0.2617531671229245}","{'mse': 2023.9561131082773, 'rmse': 44.98839976158607, 'mae': 33.661541944503824, 'mdae': 25.945423761203294, 'r2': 0.2646836025976653}","{'mse': 2095.306979383398, 'rmse': 45.774523256757114, 'mae': 34.41185842301462, 'mdae': 26.029917327383416, 'r2': 0.2713239417279837}",2050.1268091064876,45.27651637666837,34.021748419738216,26.17374476648157,0.27445626791084177,40.955750593547556,0.4525951554202552,0.4362328025378786,0.5603439826473582,0.01620581151307781
21,41.06112162334557,2024-07-10 18:51:28.575982,2024-07-10 18:51:34.231741,0 days 00:00:05.655759,cityblock,20,distance,COMPLETE,"{'mse': 1738.2765397825601, 'rmse': 41.692643713040795, 'mae': 32.08533941224732, 'mdae': 25.339324185676112, 'r2': 0.4181439098167773}","{'mse': 1674.028601419768, 'rmse': 40.91489461577248, 'mae': 31.591662841315706, 'mdae': 25.30666888087818, 'r2': 0.3898701160980105}","{'mse': 1704.06479098539, 'rmse': 41.28031965701562, 'mae': 31.963884762378807, 'mdae': 26.071230695674497, 'r2': 0.3863920667974805}","{'mse': 1656.759430439114, 'rmse': 40.70330982167315, 'mae': 31.696930961234607, 'mdae': 26.625230487546652, 'r2': 0.3980885416127301}","{'mse': 1657.6656496935109, 'rmse': 40.7144403092258, 'mae': 31.53004722373721, 'mdae': 25.595286554194146, 'r2': 0.42352061848853917}",1686.1590024640686,41.06112162334557,31.773573040182733,25.787548160793914,0.4032030505627075,34.857594493769014,0.4232220116137307,0.24066936570134043,0.5593079653118566,0.016752368191279232
22,42.14356886396915,2024-07-10 18:51:34.231741,2024-07-10 18:51:39.911772,0 days 00:00:05.680031,cityblock,55,distance,COMPLETE,"{'mse': 1840.5781755822475, 'rmse': 42.901960043595295, 'mae': 33.47695615580122, 'mdae': 26.36087707442738, 'r2': 0.38390031941935987}","{'mse': 1728.1452534285836, 'rmse': 41.57096647214957, 'mae': 32.7196737296389, 'mdae': 26.983262697505925, 'r2': 0.3701463272814395}","{'mse': 1779.3384090412903, 'rmse': 42.182204885962165, 'mae': 33.34030168210438, 'mdae': 28.480961774978994, 'r2': 0.35928717651144393}","{'mse': 1766.9652586556506, 'rmse': 42.035285875745515, 'mae': 33.36885786770779, 'mdae': 28.09089579939828, 'r2': 0.35805004865723145}","{'mse': 1766.304623803688, 'rmse': 42.027427042393256, 'mae': 33.354246540304985, 'mdae': 27.89157729558648, 'r2': 0.3857397013206809}",1776.266344102292,42.14356886396915,33.25200719511146,27.56151492837941,0.3714247146380311,40.764061011865046,0.48211449649053534,0.302441660987118,0.8675359755395812,0.01311864469457654
23,43.47024116476186,2024-07-10 18:51:39.912771,2024-07-10 18:51:45.742846,0 days 00:00:05.830075,cityblock,129,distance,COMPLETE,"{'mse': 1964.6305709529433, 'rmse': 44.324153358557716, 'mae': 34.86194594444553, 'mdae': 28.182907620609825, 'r2': 0.34237606243474594}","{'mse': 1834.6420009767908, 'rmse': 42.832721148402314, 'mae': 33.99792599148273, 'mdae': 28.787473094478273, 'r2': 0.33133166894022636}","{'mse': 1889.9341088562248, 'rmse': 43.47337241181347, 'mae': 34.72338341381398, 'mdae': 29.047848553785375, 'r2': 0.3194633393290054}","{'mse': 1878.570624891387, 'rmse': 43.34248060380701, 'mae': 34.5999127764938, 'mdae': 28.934355764404607, 'r2': 0.3175030944521827}","{'mse': 1881.6923797301745, 'rmse': 43.37847830122876, 'mae': 34.8348858807277, 'mdae': 29.66745626258546, 'r2': 0.34561178880539467}",1889.8939370815042,43.47024116476186,34.60361080139275,28.924008259172705,0.33125719079231103,46.994216243774005,0.5385979007431512,0.35406159474291365,0.5329236415494095,0.01282535999674797
24,42.42139294844229,2024-07-10 18:51:45.743846,2024-07-10 18:51:51.424298,0 days 00:00:05.680452,cityblock,67,distance,COMPLETE,"{'mse': 1854.446898308397, 'rmse': 43.06328945062601, 'mae': 33.73637343399449, 'mdae': 26.621743820663163, 'r2': 0.37925801964910466}","{'mse': 1747.5924351809963, 'rmse': 41.80421551926308, 'mae': 33.01785899616057, 'mdae': 27.405724771939784, 'r2': 0.3630584515218753}","{'mse': 1811.4213527562754, 'rmse': 42.56079596008838, 'mae': 33.68147261753166, 'mdae': 28.565393032557314, 'r2': 0.34773459418702357}","{'mse': 1795.2508213308897, 'rmse': 42.37040029703389, 'mae': 33.71649800763542, 'mdae': 28.873821117348623, 'r2': 0.347773720079675}","{'mse': 1789.9891616716138, 'rmse': 42.308263515200125, 'mae': 33.69201474599925, 'mdae': 28.085743563110427, 'r2': 0.3775030296227355}",1799.7401338496343,42.42139294844229,33.568843560264284,27.91048526112386,0.3630655630120828,38.61314159206026,0.454909556237089,0.3087509230097095,0.9087454656268587,0.015325756180635973
25,41.5835083046084,2024-07-10 18:51:51.425298,2024-07-10 18:51:57.029008,0 days 00:00:05.603710,cityblock,35,distance,COMPLETE,"{'mse': 1777.9549015571374, 'rmse': 42.16580251290301, 'mae': 32.7363032367704, 'mdae': 26.5603028242659, 'r2': 0.4048623082311521}","{'mse': 1701.3268308233453, 'rmse': 41.247143305001686, 'mae': 32.19653208462444, 'mdae': 26.47833613813448, 'r2': 0.37992078457368117}","{'mse': 1735.2340119563585, 'rmse': 41.65614014711827, 'mae': 32.68760307355724, 'mdae': 27.35356119866735, 'r2': 0.3751685022002277}","{'mse': 1710.6616495468763, 'rmse': 41.36014566641269, 'mae': 32.55866306343714, 'mdae': 27.25969016151461, 'r2': 0.3785055154247554}","{'mse': 1721.279857661962, 'rmse': 41.488309891606356, 'mae': 32.54988873192652, 'mdae': 27.065626538358273, 'r2': 0.4013977740706829}",1729.291450309136,41.5835083046084,32.54579803806315,26.943503372188125,0.38797097690009985,29.986332563638296,0.359317738394621,0.2112876284307594,0.4019511133464771,0.013999105973863037
26,41.67749022777806,2024-07-10 18:51:57.030007,2024-07-10 18:52:02.617766,0 days 00:00:05.587759,cityblock,8,uniform,COMPLETE,"{'mse': 1789.9865295051259, 'rmse': 42.30823240818654, 'mae': 31.86004064446451, 'mdae': 24.412845668124994, 'r2': 0.40083494213827986}","{'mse': 1728.689641718708, 'rmse': 41.57751365484362, 'mae': 31.71552982178169, 'mdae': 24.356109278750004, 'r2': 0.3699479151611391}","{'mse': 1747.4800104501028, 'rmse': 41.802870839813174, 'mae': 31.71345189639583, 'mdae': 23.899930558125, 'r2': 0.370758903536199}","{'mse': 1683.8182010655746, 'rmse': 41.034353913100354, 'mae': 31.33295032477896, 'mdae': 24.7136423775, 'r2': 0.3882579145520333}","{'mse': 1735.928920581207, 'rmse': 41.66448032294663, 'mae': 31.44832835782341, 'mdae': 24.67577205375001, 'r2': 0.3963033313325045}",1737.1806606641435,41.67749022777806,31.61406020904888,24.41165998725,0.3852206013440312,38.13054136922411,0.4575327551218065,0.21631630658248677,0.3263061612115976,0.014302582465118044
27,43.552932413133234,2024-07-10 18:52:02.618766,2024-07-10 18:52:08.409628,0 days 00:00:05.790862,cityblock,138,distance,COMPLETE,"{'mse': 1972.0151783355204, 'rmse': 44.40737752148308, 'mae': 34.94860113543548, 'mdae': 28.347074284520748, 'r2': 0.3399042009783968}","{'mse': 1841.0027246378258, 'rmse': 42.90690765643483, 'mae': 34.0924363622939, 'mdae': 28.65674865354978, 'r2': 0.3290133886040669}","{'mse': 1894.2257473645527, 'rmse': 43.52270381495792, 'mae': 34.79651868843761, 'mdae': 29.2258616160076, 'r2': 0.3179179852737616}","{'mse': 1885.9701421848022, 'rmse': 43.42775773839587, 'mae': 34.68437924120353, 'mdae': 28.758780958032975, 'r2': 0.31481480177455434}","{'mse': 1892.2426340994843, 'rmse': 43.49991533439444, 'mae': 34.92774012673872, 'mdae': 29.991650332432066, 'r2': 0.34194277140448937}",1897.0912853244372,43.552932413133234,34.68993511082185,28.99602316890863,0.3287186296070538,47.20941890943204,0.540096682879892,0.35066188097713713,0.6396532026129503,0.012349617022993815
28,44.29869165398337,2024-07-10 18:52:08.410629,2024-07-10 18:52:10.176924,0 days 00:00:01.766295,cosine,76,uniform,COMPLETE,"{'mse': 2023.6236380793332, 'rmse': 44.98470449029685, 'mae': 36.1085481368389, 'mdae': 29.93986398098685, 'r2': 0.32262921859229765}","{'mse': 1926.6065916386387, 'rmse': 43.89312692937972, 'mae': 35.21422593926209, 'mdae': 30.184891436315805, 'r2': 0.29781351699466274}","{'mse': 1958.3935031337903, 'rmse': 44.253739990353246, 'mae': 35.71223548713965, 'mdae': 30.49613629585526, 'r2': 0.2948121478642358}","{'mse': 1936.5830218686715, 'rmse': 44.0066247497882, 'mae': 35.47592291705605, 'mdae': 30.43747062513159, 'r2': 0.2964268139569006}","{'mse': 1967.3892768555693, 'rmse': 44.355262110098835, 'mae': 36.04003535397815, 'mdae': 31.194345317631587, 'r2': 0.31580934085008283}",1962.5192063152008,44.29869165398337,35.71019356685496,30.450541531184218,0.30549820765163593,37.87113726698205,0.425916747300478,0.3769458722334862,0.4708649851770329,0.01279968292110521
29,42.09153617884568,2024-07-10 18:52:10.177925,2024-07-10 18:52:15.851688,0 days 00:00:05.673763,cityblock,37,uniform,COMPLETE,"{'mse': 1824.7656942256858, 'rmse': 42.7172762968999, 'mae': 33.25335547915259, 'mdae': 26.647452306621624, 'r2': 0.38919325662909465}","{'mse': 1732.0251722615897, 'rmse': 41.6176065176938, 'mae': 32.59461135454931, 'mdae': 26.77756676797298, 'r2': 0.36873222096024316}","{'mse': 1782.3881563642885, 'rmse': 42.21833910002013, 'mae': 33.26696122468917, 'mdae': 28.146762386081072, 'r2': 0.358189008670905}","{'mse': 1749.0401074952915, 'rmse': 41.82152684318557, 'mae': 33.02918149945713, 'mdae': 27.482582727162146, 'r2': 0.36456237246146916}","{'mse': 1770.9731771992867, 'rmse': 42.08293213642898, 'mae': 33.26986581014724, 'mdae': 27.94535940837838, 'r2': 0.38411613822486257}",1771.8384615092284,42.09153617884568,33.08279507359909,27.39994471924324,0.37295859938931486,35.41962622598837,0.4198863152002975,0.2912049289161012,0.6737288023119455,0.013177200763049344
30,45.06742347074455,2024-07-10 18:52:15.852688,2024-07-10 18:52:21.861316,0 days 00:00:06.008628,cityblock,368,distance,COMPLETE,"{'mse': 2126.550805006583, 'rmse': 46.11454006066398, 'mae': 36.458960288778265, 'mdae': 29.4510258026065, 'r2': 0.2881762431587014}","{'mse': 1965.4785361048926, 'rmse': 44.33371782407711, 'mae': 35.44328484303092, 'mdae': 29.876515933636632, 'r2': 0.2836459364980538}","{'mse': 2026.92755586591, 'rmse': 45.02141219315438, 'mae': 36.1610541177148, 'mdae': 31.177134672606936, 'r2': 0.27013407302024417}","{'mse': 1998.9625444636713, 'rmse': 44.70975893989668, 'mae': 35.94299006697101, 'mdae': 30.299961904855486, 'r2': 0.2737639283690356}","{'mse': 2039.216815845041, 'rmse': 45.15768833593059, 'mae': 36.446284659475786, 'mdae': 31.25864785960747, 'r2': 0.29083018099369273}",2031.4272514572197,45.06742347074455,36.09051479519415,30.412657234662607,0.28131007240794553,60.27562789059984,0.6657638149177476,0.42070483432853867,0.7945137874456559,0.009014991423738112
31,44.020010896194506,2024-07-10 18:52:21.862316,2024-07-10 18:52:27.746307,0 days 00:00:05.883991,cityblock,190,distance,COMPLETE,"{'mse': 2016.986816059569, 'rmse': 44.910876367084725, 'mae': 35.39793076800484, 'mdae': 28.474923640350653, 'r2': 0.3248507726565002}","{'mse': 1872.3630162467339, 'rmse': 43.27081021019521, 'mae': 34.46618574029959, 'mdae': 29.290989873528122, 'r2': 0.31758356532491394}","{'mse': 1938.7722085941698, 'rmse': 44.03149110118995, 'mae': 35.266118650166824, 'mdae': 29.539518652258554, 'r2': 0.30187747897893613}","{'mse': 1922.100454989859, 'rmse': 43.84176610254038, 'mae': 35.06552943463683, 'mdae': 29.40373869085939, 'r2': 0.3016884245390157}","{'mse': 1939.9717765719301, 'rmse': 44.045110699962265, 'mae': 35.36778122605938, 'mdae': 30.16303528868388, 'r2': 0.3253442091204274}",1938.0388544924524,44.020010896194506,35.11270916383349,29.374441229136117,0.31426889012395864,51.972114974255234,0.5889558465723448,0.3841113298694676,0.6054100901309413,0.011805096198176447
32,41.40681958624752,2024-07-10 18:52:27.747308,2024-07-10 18:52:33.442917,0 days 00:00:05.695609,cityblock,29,distance,COMPLETE,"{'mse': 1770.5767769741742, 'rmse': 42.07822212230662, 'mae': 32.60813208345966, 'mdae': 25.672904146703477, 'r2': 0.40733199968960376}","{'mse': 1679.2202362759097, 'rmse': 40.97828981638826, 'mae': 31.918533877567494, 'mdae': 26.131286822871488, 'r2': 0.3879779312396676}","{'mse': 1722.2687339186116, 'rmse': 41.500225709249, 'mae': 32.44247929213533, 'mdae': 26.46625359634556, 'r2': 0.37983710253879666}","{'mse': 1698.3909722286878, 'rmse': 41.21153930913874, 'mae': 32.386959005808215, 'mdae': 27.237550723365313, 'r2': 0.38296353216773704}","{'mse': 1702.867980671007, 'rmse': 41.265820974154956, 'mae': 32.27529087454234, 'mdae': 26.794085283594455, 'r2': 0.40780079476558195}",1714.6649400136782,41.40681958624752,32.32627902670261,26.46041611457606,0.3931822720802774,34.80046154256979,0.4186761362127348,0.257624535641561,0.6007929304105873,0.013449138968677011
33,41.274744832352155,2024-07-10 18:52:33.443917,2024-07-10 18:52:39.032153,0 days 00:00:05.588236,cityblock,27,distance,COMPLETE,"{'mse': 1761.223644382279, 'rmse': 41.966935132104645, 'mae': 32.47661224198432, 'mdae': 26.33297962830474, 'r2': 0.4104627887420558}","{'mse': 1673.153137586219, 'rmse': 40.904194620921444, 'mae': 31.789104454617334, 'mdae': 25.76322096848827, 'r2': 0.3901891946649302}","{'mse': 1708.7670647026446, 'rmse': 41.33723581352102, 'mae': 32.28376340813249, 'mdae': 26.34448197225096, 'r2': 0.3846988492201555}","{'mse': 1685.7598774919566, 'rmse': 41.05800625325049, 'mae': 32.23147579801153, 'mdae': 27.111557668489844, 'r2': 0.3875524908990592}","{'mse': 1689.8144165663066, 'rmse': 41.10735234196319, 'mae': 32.08823276536966, 'mdae': 26.838460719766076, 'r2': 0.4123403776199346}",1703.7436281458813,41.274744832352155,32.173837733623074,26.47814019145998,0.39704874022922704,34.57746201237251,0.41693400272101255,0.2561377119150789,0.5198783962038164,0.013262002075655203
34,43.55453151671255,2024-07-10 18:52:39.032153,2024-07-10 18:52:39.908024,0 days 00:00:00.875871,euclidean,49,distance,COMPLETE,"{'mse': 1970.9826659076114, 'rmse': 44.39575053884788, 'mae': 35.02212370331231, 'mdae': 29.18246198231671, 'r2': 0.3402498155170617}","{'mse': 1836.687708286618, 'rmse': 42.8565946884096, 'mae': 33.85932250241776, 'mdae': 27.54652148541424, 'r2': 0.33058607405470064}","{'mse': 1914.869602673628, 'rmse': 43.75922305838654, 'mae': 34.78802480836153, 'mdae': 29.523090131712653, 'r2': 0.3104844455066449}","{'mse': 1881.5242090419038, 'rmse': 43.37653984634901, 'mae': 34.52527053197604, 'mdae': 29.268818366859424, 'r2': 0.31643003815273196}","{'mse': 1882.219131115699, 'rmse': 43.384549451569725, 'mae': 34.647992864817496, 'mdae': 29.158284589969945, 'r2': 0.3454286027008906}",1897.256663405092,43.55453151671255,34.568546882177024,28.935835311254596,0.32863579518640595,49.71914846532137,0.569481962823625,0.4373460358351213,0.7899758291591082,0.014992826952292699
35,43.24419644669298,2024-07-10 18:52:39.908024,2024-07-10 18:52:45.615758,0 days 00:00:05.707734,cityblock,114,distance,COMPLETE,"{'mse': 1940.9996785368905, 'rmse': 44.05677789553942, 'mae': 34.62506093414678, 'mdae': 28.224480630285168, 'r2': 0.35028606890038283}","{'mse': 1814.6365831734936, 'rmse': 42.598551421069395, 'mae': 33.78899270347355, 'mdae': 28.85939699236437, 'r2': 0.3386230038859881}","{'mse': 1868.2891662496722, 'rmse': 43.223710695053384, 'mae': 34.46169076335114, 'mdae': 29.140566139277766, 'r2': 0.327257355476369}","{'mse': 1859.2775689126547, 'rmse': 43.119341007402404, 'mae': 34.42862178487498, 'mdae': 28.67184021819629, 'r2': 0.3245123869587164}","{'mse': 1868.1932557390785, 'rmse': 43.2226012144003, 'mae': 34.67663874979577, 'mdae': 29.494673123730735, 'r2': 0.3503063221395276}",1870.279250522358,43.24419644669298,34.39620098712844,28.878191420770868,0.3381970274721969,45.350948656407965,0.5228816813869831,0.3553393211897716,0.4793646915283841,0.012246501594917199
36,44.99313456935199,2024-07-10 18:52:45.616758,2024-07-10 18:52:46.623485,0 days 00:00:01.006727,euclidean,185,distance,COMPLETE,"{'mse': 2109.065439464402, 'rmse': 45.92456248528016, 'mae': 36.33668751751751, 'mdae': 29.11611277209404, 'r2': 0.2940291475711778}","{'mse': 1962.924697441906, 'rmse': 44.30490602000986, 'mae': 35.406161411977926, 'mdae': 29.945707549682915, 'r2': 0.28457672900998043}","{'mse': 2023.8135592575602, 'rmse': 44.98681539359682, 'mae': 36.074673815673556, 'mdae': 30.96638244851922, 'r2': 0.271255376055761}","{'mse': 2008.1668730690985, 'rmse': 44.812574943525604, 'mae': 35.98796455428225, 'mdae': 30.428326917798206, 'r2': 0.2704199360231463}","{'mse': 2019.3172528613206, 'rmse': 44.93681400434749, 'mae': 36.24131326886801, 'mdae': 31.142739615291305, 'r2': 0.29775056796275645}",2024.6575644188574,44.99313456935199,36.00936011366385,30.319853860677135,0.28360635132456447,53.001911305949946,0.5867346536559537,0.3638398751064099,0.8209574676161667,0.012610147871366814
37,42.53975591949823,2024-07-10 18:52:46.624483,2024-07-10 18:52:52.302699,0 days 00:00:05.678216,cityblock,72,distance,COMPLETE,"{'mse': 1863.8695599986904, 'rmse': 43.17255563432272, 'mae': 33.81197568598976, 'mdae': 27.115056476305114, 'r2': 0.37610395701018806}","{'mse': 1757.945631069516, 'rmse': 41.927862228707966, 'mae': 33.125549530422745, 'mdae': 27.550577061610028, 'r2': 0.35928504275208495}","{'mse': 1821.3635254785534, 'rmse': 42.677435788465004, 'mae': 33.82197956045173, 'mdae': 28.42571557313583, 'r2': 0.3441545683054186}","{'mse': 1810.3678912090613, 'rmse': 42.54841819867175, 'mae': 33.88174008182436, 'mdae': 28.586324877300573, 'r2': 0.3422815904380765}","{'mse': 1795.4294127970086, 'rmse': 42.372507747323716, 'mae': 33.774921031022686, 'mdae': 28.6230742660615, 'r2': 0.3756110964668459}",1809.795204110566,42.53975591949823,33.683233177942256,28.060149650882607,0.3594872509945228,38.5776625105294,0.45328029419052374,0.31410503658802186,0.6856107254036501,0.016334473617384476
38,42.86038585397679,2024-07-10 18:52:52.303701,2024-07-10 18:52:54.055651,0 days 00:00:01.751950,cosine,30,distance,COMPLETE,"{'mse': 1903.322182167551, 'rmse': 43.627080834815786, 'mae': 34.40067110714983, 'mdae': 28.99372186564778, 'r2': 0.3628979176043289}","{'mse': 1790.1908516020262, 'rmse': 42.31064702414779, 'mae': 33.53359289722891, 'mdae': 28.30061584074626, 'r2': 0.3475326911834147}","{'mse': 1837.9176374135473, 'rmse': 42.87094164365354, 'mae': 34.09801937165542, 'mdae': 28.877645928332296, 'r2': 0.3381936832122169}","{'mse': 1816.702618931871, 'rmse': 42.62279459317363, 'mae': 33.945720674621626, 'mdae': 28.414512688418455, 'r2': 0.33998014272510824}","{'mse': 1837.8767842431384, 'rmse': 42.870465174093205, 'mae': 34.07037805535575, 'mdae': 28.911820952479076, 'r2': 0.36084935338398927}",1837.202014871627,42.86038585397679,34.00967642120231,28.699663455124778,0.3498907576218116,41.84231906343197,0.48649167497121915,0.3142896232149921,0.3176904434927217,0.011509554146358859
39,41.51283950787976,2024-07-10 18:52:54.055651,2024-07-10 18:52:59.653641,0 days 00:00:05.597990,cityblock,32,distance,COMPLETE,"{'mse': 1779.5127805370907, 'rmse': 42.18427171988502, 'mae': 32.71567170102297, 'mdae': 26.2951454435875, 'r2': 0.40434083690509515}","{'mse': 1692.1899307048425, 'rmse': 41.1362362243417, 'mae': 32.032472562886355, 'mdae': 26.54923214775289, 'r2': 0.38325089243671184}","{'mse': 1737.0836648102077, 'rmse': 41.67833567706618, 'mae': 32.64649426709916, 'mdae': 27.154982645210282, 'r2': 0.3745024702096622}","{'mse': 1696.4861098770084, 'rmse': 41.188422036744846, 'mae': 32.388447866884405, 'mdae': 27.373262076358493, 'r2': 0.38365558102833863}","{'mse': 1712.050491914794, 'rmse': 41.37693188136107, 'mae': 32.37747090086055, 'mdae': 26.95574137097639, 'r2': 0.4046074316145031}",1723.4645955687888,41.51283950787976,32.432111459750686,26.86567273677711,0.39007144243886216,35.92736839806613,0.43120697148492937,0.269708058102537,0.44019755743786715,0.013647222024937782
40,45.208210441351376,2024-07-10 18:52:59.654642,2024-07-10 18:53:00.764314,0 days 00:00:01.109672,euclidean,224,distance,COMPLETE,"{'mse': 2130.7594888727003, 'rmse': 46.1601504424834, 'mae': 36.56027251582861, 'mdae': 29.45557165863602, 'r2': 0.28676746366757233}","{'mse': 1983.9351410180884, 'rmse': 44.54138683312508, 'mae': 35.592078682237414, 'mdae': 30.381909943232067, 'r2': 0.276919094314257}","{'mse': 2039.4549129855557, 'rmse': 45.160324544732354, 'mae': 36.251452515406946, 'mdae': 30.81668020856234, 'r2': 0.26562316137454867}","{'mse': 2027.8832703923094, 'rmse': 45.032024942170985, 'mae': 36.18375778182289, 'mdae': 30.459966601276186, 'r2': 0.26325684085741585}","{'mse': 2038.2665476500354, 'rmse': 45.14716544424506, 'mae': 36.44070735974037, 'mdae': 31.145198263124286, 'r2': 0.2911606517502221}",2044.0598721837378,45.208210441351376,36.20565377100725,30.45186533496618,0.2767454423928032,53.49826524206838,0.5890467662103182,0.3741844440395864,0.6346969588136602,0.012388672574871027
41,41.467347925648646,2024-07-10 18:53:00.765314,2024-07-10 18:53:06.324595,0 days 00:00:05.559281,cityblock,21,uniform,COMPLETE,"{'mse': 1767.315062524985, 'rmse': 42.039446505930414, 'mae': 32.416745272192394, 'mdae': 26.208177508809516, 'r2': 0.4084237985911391}","{'mse': 1712.78336197115, 'rmse': 41.38578695604507, 'mae': 32.0396091504401, 'mdae': 25.820162631666662, 'r2': 0.3757452453904191}","{'mse': 1731.3231018119423, 'rmse': 41.60917088589897, 'mae': 32.342714152279086, 'mdae': 26.01500131111904, 'r2': 0.376576761735517}","{'mse': 1696.8742095998562, 'rmse': 41.19313303937752, 'mae': 32.290515549783464, 'mdae': 27.099490762523807, 'r2': 0.3835145818791037}","{'mse': 1689.966508890721, 'rmse': 41.10920224099126, 'mae': 32.037624270068314, 'mdae': 26.779340606190477, 'r2': 0.4122874851146653}",1719.652448959731,41.467347925648646,32.22544167895267,26.3844345640619,0.3913095745421688,31.045194684688592,0.37333793829071593,0.1763473944979314,0.5369372497470475,0.017699120193833788
42,41.67749022777806,2024-07-10 18:53:06.325595,2024-07-10 18:53:11.865174,0 days 00:00:05.539579,cityblock,8,uniform,COMPLETE,"{'mse': 1789.9865295051259, 'rmse': 42.30823240818654, 'mae': 31.86004064446451, 'mdae': 24.412845668124994, 'r2': 0.40083494213827986}","{'mse': 1728.689641718708, 'rmse': 41.57751365484362, 'mae': 31.71552982178169, 'mdae': 24.356109278750004, 'r2': 0.3699479151611391}","{'mse': 1747.4800104501028, 'rmse': 41.802870839813174, 'mae': 31.71345189639583, 'mdae': 23.899930558125, 'r2': 0.370758903536199}","{'mse': 1683.8182010655746, 'rmse': 41.034353913100354, 'mae': 31.33295032477896, 'mdae': 24.7136423775, 'r2': 0.3882579145520333}","{'mse': 1735.928920581207, 'rmse': 41.66448032294663, 'mae': 31.44832835782341, 'mdae': 24.67577205375001, 'r2': 0.3963033313325045}",1737.1806606641435,41.67749022777806,31.61406020904888,24.41165998725,0.3852206013440312,38.13054136922411,0.4575327551218065,0.21631630658248677,0.3263061612115976,0.014302582465118044
43,42.249201447217324,2024-07-10 18:53:11.866175,2024-07-10 18:53:17.468858,0 days 00:00:05.602683,cityblock,59,distance,COMPLETE,"{'mse': 1848.8295385462986, 'rmse': 42.99801784438788, 'mae': 33.59061318617348, 'mdae': 26.80644144979298, 'r2': 0.3811383274790291}","{'mse': 1737.5000943516422, 'rmse': 41.68333113309974, 'mae': 32.84907882570265, 'mdae': 27.251780590137148, 'r2': 0.3667367869656608}","{'mse': 1786.379112871783, 'rmse': 42.26557834540754, 'mae': 33.44204094913285, 'mdae': 28.216232084789144, 'r2': 0.3567519256521021}","{'mse': 1775.5656013854011, 'rmse': 42.13746078473881, 'mae': 33.44083338432822, 'mdae': 28.457176556578226, 'r2': 0.3549254883016447}","{'mse': 1777.6021275327057, 'rmse': 42.161619128452664, 'mae': 33.520648412164114, 'mdae': 28.38857606527756, 'r2': 0.38181081616610724}",1785.175294937566,42.249201447217324,33.36864295150026,27.824041349315014,0.3682726689129088,40.236599423395745,0.4746999183896835,0.29703621438164457,0.7477240702954805,0.012865071806020725
44,42.96456209227581,2024-07-10 18:53:17.469858,2024-07-10 18:53:23.134156,0 days 00:00:05.664298,cityblock,96,distance,COMPLETE,"{'mse': 1912.124707809536, 'rmse': 43.727848195509644, 'mae': 34.3411758952605, 'mdae': 28.071420718556702, 'r2': 0.35995143409807173}","{'mse': 1794.274901315408, 'rmse': 42.35888220096711, 'mae': 33.559694323109916, 'mdae': 28.346658030875382, 'r2': 0.34604418568514406}","{'mse': 1848.8237057643066, 'rmse': 42.99795001816141, 'mae': 34.25432637839874, 'mdae': 28.658941369158747, 'r2': 0.3342665731073218}","{'mse': 1835.1348509575269, 'rmse': 42.838473956917824, 'mae': 34.18345669622638, 'mdae': 28.866970170431056, 'r2': 0.3332835931500413}","{'mse': 1840.3804926250953, 'rmse': 42.89965608982309, 'mae': 34.35839821749796, 'mdae': 29.64708931873971, 'r2': 0.3599786492949093}",1846.1477316943747,42.96456209227581,34.139410302098696,28.71821592155232,0.3467048870670976,42.44248265198095,0.49261535876203644,0.3316178023710486,0.6010088160471974,0.013104799529279074
45,44.7961760089586,2024-07-10 18:53:23.135156,2024-07-10 18:53:28.974440,0 days 00:00:05.839284,cityblock,255,uniform,COMPLETE,"{'mse': 2092.4971959193863, 'rmse': 45.74382139611192, 'mae': 36.11515306915278, 'mdae': 28.972685627027445, 'r2': 0.2995750622686817}","{'mse': 1944.8828908891178, 'rmse': 44.10082641957084, 'mae': 35.19959393545391, 'mdae': 29.894562884784314, 'r2': 0.29115239045811747}","{'mse': 2003.2412958523453, 'rmse': 44.75758366860688, 'mae': 35.93784925843403, 'mdae': 30.628055220968626, 'r2': 0.2786631366621357}","{'mse': 1982.752837135953, 'rmse': 44.52811288541154, 'mae': 35.764820749641366, 'mdae': 30.102541085349007, 'r2': 0.2796530202905295}","{'mse': 2011.5705503426861, 'rmse': 44.85053567509184, 'mae': 36.1352624681321, 'mdae': 31.22479862887058, 'r2': 0.30044460597791434}",2006.9889540278978,44.7961760089586,35.830535896162836,30.164528689399994,0.28989764313147576,54.293756175466235,0.6037062637360228,0.38333654104860476,0.8420574615274714,0.01045982421049597
46,42.673510572953866,2024-07-10 18:53:28.975441,2024-07-10 18:53:30.650226,0 days 00:00:01.674785,cosine,25,distance,COMPLETE,"{'mse': 1886.9468081181528, 'rmse': 43.43900100276424, 'mae': 34.09972993333365, 'mdae': 28.626934436691208, 'r2': 0.36837927278666505}","{'mse': 1782.946137309923, 'rmse': 42.224946859764344, 'mae': 33.36553597424553, 'mdae': 28.226786891062233, 'r2': 0.35017315783147274}","{'mse': 1823.3011811799297, 'rmse': 42.70013092696473, 'mae': 33.83739829201485, 'mdae': 27.911894124324462, 'r2': 0.3434568478217438}","{'mse': 1800.2218056877389, 'rmse': 42.4290207957683, 'mae': 33.66004190859866, 'mdae': 28.321155455222588, 'r2': 0.345967729186321}","{'mse': 1812.5840720489853, 'rmse': 42.574453279507715, 'mae': 33.63823933082176, 'mdae': 28.436619264548305, 'r2': 0.3696452930749208}",1821.200000868946,42.673510572953866,33.72018908780289,28.30467803436976,0.35552446014022465,39.70117945932911,0.4630014159542158,0.27106342789540305,0.26545970158028626,0.012552280081112626
47,45.831934951043614,2024-07-10 18:53:30.651229,2024-07-10 18:53:36.754445,0 days 00:00:06.103216,cityblock,495,uniform,COMPLETE,"{'mse': 2202.9372379167644, 'rmse': 46.93545821568981, 'mae': 37.120723872380594, 'mdae': 29.911961963275772, 'r2': 0.26260729013024875}","{'mse': 2030.6896394733478, 'rmse': 45.063173872612964, 'mae': 36.09350235746995, 'mdae': 30.75399606157575, 'r2': 0.25987857500042355}","{'mse': 2095.625969146557, 'rmse': 45.77800748335992, 'mae': 36.7901207045177, 'mdae': 31.416049516151503, 'r2': 0.24539681443100092}","{'mse': 2060.7817741567023, 'rmse': 45.39583432603373, 'mae': 36.492729670219894, 'mdae': 30.7088380260889, 'r2': 0.2513046008304274}","{'mse': 2114.82264271004, 'rmse': 45.98720085752165, 'mae': 37.18908971250688, 'mdae': 31.265265339442422, 'r2': 0.2645370619211852}",2100.9714526806824,45.831934951043614,36.737233263419,30.811222181306867,0.2567448684626572,65.52136015419953,0.711680514687682,0.45502963242278655,0.5904230640349096,0.00811297148990878
48,44.035844868034346,2024-07-10 18:53:36.754445,2024-07-10 18:53:37.635968,0 days 00:00:00.881523,euclidean,77,distance,COMPLETE,"{'mse': 2027.7085831188554, 'rmse': 45.030085311032394, 'mae': 35.54484495515459, 'mdae': 29.33843905436568, 'r2': 0.3212618583967749}","{'mse': 1872.786784740791, 'rmse': 43.27570663479443, 'mae': 34.368800720666066, 'mdae': 28.678591044517578, 'r2': 0.3174291152624352}","{'mse': 1946.0959652764163, 'rmse': 44.11457769577327, 'mae': 35.18877820061129, 'mdae': 29.62037809634763, 'r2': 0.2992403050728474}","{'mse': 1920.4510203281989, 'rmse': 43.82295084003585, 'mae': 35.04872282670926, 'mdae': 29.445105839542194, 'r2': 0.3022876748613459}","{'mse': 1930.3636478664973, 'rmse': 43.93590385853576, 'mae': 35.246823340159246, 'mdae': 30.008750512446184, 'r2': 0.3286855874584622}",1939.4812002661517,44.035844868034346,35.07959400866009,29.41825290944385,0.31378090821037313,56.39425674144341,0.6379332102240095,0.43661350426667805,0.4857296099878785,0.012599077806458428
49,43.125862447395136,2024-07-10 18:53:37.636969,2024-07-10 18:53:43.332942,0 days 00:00:05.695973,cityblock,107,distance,COMPLETE,"{'mse': 1926.2755517753974, 'rmse': 43.88935579130089, 'mae': 34.4956096250982, 'mdae': 27.641422419716566, 'r2': 0.3552146994334028}","{'mse': 1805.4789880536166, 'rmse': 42.49092830303448, 'mae': 33.71407106683881, 'mdae': 28.592888987650547, 'r2': 0.3419606544151208}","{'mse': 1857.6591505545584, 'rmse': 43.10057018827661, 'mae': 34.354624789891446, 'mdae': 29.101067734080022, 'r2': 0.33108506319915887}","{'mse': 1851.9618379976448, 'rmse': 43.03442619575222, 'mae': 34.36184782584245, 'mdae': 28.694732585051803, 'r2': 0.32717023950104684}","{'mse': 1858.8197344825596, 'rmse': 43.11403175861148, 'mae': 34.56460602655397, 'mdae': 29.39829126232148, 'r2': 0.3535661120359652}",1860.0390525727555,43.125862447395136,34.298151866844975,28.685680597764087,0.3417993537169389,43.11747479986466,0.49879948515067535,0.3385203585777645,0.6669947143827546,0.012720663543884621
