number,value,datetime_start,datetime_complete,duration,params_max_depth,params_max_features,params_min_samples_leaf,params_min_samples_split,params_n_estimators,state,fold_0,fold_1,fold_2,fold_3,fold_4,mse,rmse,mae,mdae,r2,mse_std,rmse_std,mae_std,mdae_std,r2_std
0,39.28168658610605,2024-07-10 21:07:59.135288,2024-07-10 21:08:07.877439,0 days 00:00:08.742151,10,0.5780093202212182,12,15,218,COMPLETE,"{'mse': 1591.9271643992427, 'rmse': 39.89896194638706, 'mae': 30.431868967349136, 'mdae': 23.742420619612936, 'r2': 0.4671316706318348}","{'mse': 1514.3618012173588, 'rmse': 38.91480182677741, 'mae': 30.078945601191343, 'mdae': 24.355487723880486, 'r2': 0.4480635580666106}","{'mse': 1541.7817553008913, 'rmse': 39.265528842750754, 'mae': 30.3811575821236, 'mdae': 24.494830429555428, 'r2': 0.4448277311260733}","{'mse': 1533.8669222679353, 'rmse': 39.164613138239154, 'mae': 30.199460089071167, 'mdae': 24.010864386222732, 'r2': 0.4427361877701317}","{'mse': 1533.8601889490824, 'rmse': 39.16452717637585, 'mae': 29.995099850867902, 'mdae': 23.434964446139666, 'r2': 0.46657592065450093}",1543.159566426902,39.28168658610605,30.217306418120632,24.007713521082252,0.4538670136498303,29.078857927603252,0.3685535541789657,0.18823008336121863,0.43493146960789725,0.012007825074909257
1,44.64672845054122,2024-07-10 21:08:07.878436,2024-07-10 21:08:10.093222,0 days 00:00:02.214786,2,0.8540362888980227,13,18,120,COMPLETE,"{'mse': 2062.492200198997, 'rmse': 45.41466943839839, 'mae': 36.114578410254865, 'mdae': 29.51269148949999, 'r2': 0.309618682542136}","{'mse': 1954.8414205617853, 'rmse': 44.213588641522705, 'mae': 35.65197403586607, 'mdae': 30.732188306054677, 'r2': 0.2875228249011934}","{'mse': 1967.290641156054, 'rmse': 44.35415021343611, 'mae': 35.84622952036605, 'mdae': 30.396345623719263, 'r2': 0.29160842315720636}","{'mse': 1984.090393764645, 'rmse': 44.54312959104518, 'mae': 35.848606671547, 'mdae': 30.156006735867106, 'r2': 0.27916707728259493}","{'mse': 1998.8145962071358, 'rmse': 44.708104368303694, 'mae': 36.287011751998264, 'mdae': 31.503601611493934, 'r2': 0.30488069027031084}",1993.5058503777236,44.64672845054122,35.94968007800645,30.460166753326995,0.2945595396306883,42.00632510320535,0.46836022642439606,0.25026528782111634,0.7343445813710178,0.012534515103455383
2,39.21448095092407,2024-07-10 21:08:10.094234,2024-07-10 21:08:13.059356,0 days 00:00:02.965122,10,0.5909124836035503,5,17,59,COMPLETE,"{'mse': 1595.3768950422666, 'rmse': 39.94216938327545, 'mae': 30.38191509551446, 'mdae': 23.434052385337655, 'r2': 0.46597693676861063}","{'mse': 1509.6643707753935, 'rmse': 38.8543996321574, 'mae': 29.90402578847773, 'mdae': 23.87709835199672, 'r2': 0.44977562122237935}","{'mse': 1535.6798334440402, 'rmse': 39.1877510638725, 'mae': 30.208498068924534, 'mdae': 23.875825140201307, 'r2': 0.4470249408090341}","{'mse': 1533.0973296889608, 'rmse': 39.15478680428436, 'mae': 30.156350839579133, 'mdae': 23.78209071223854, 'r2': 0.4430157857510236}","{'mse': 1515.8016831143987, 'rmse': 38.93329787103064, 'mae': 29.62470757399484, 'mdae': 22.52635401211407, 'r2': 0.47285605095491734}",1537.924022413012,39.21448095092407,30.05509947329814,23.499084120377656,0.455729867101193,33.974886780005384,0.43085113819216525,0.2952337482697728,0.5734444777931494,0.012953621698935129
3,42.3985962156337,2024-07-10 21:08:13.060443,2024-07-10 21:08:16.329771,0 days 00:00:03.269328,4,0.645614570099021,9,11,132,COMPLETE,"{'mse': 1858.5738299611498, 'rmse': 43.11117987206045, 'mae': 33.749604456682114, 'mdae': 28.099297265025875, 'r2': 0.3778766052072895}","{'mse': 1757.7433075365593, 'rmse': 41.92544940172448, 'mae': 33.2474294891783, 'mdae': 28.3183995922109, 'r2': 0.3593587832088303}","{'mse': 1785.9763442724804, 'rmse': 42.26081334135064, 'mae': 33.571761151273186, 'mdae': 28.672606832804718, 'r2': 0.35689695652715125}","{'mse': 1798.1204864120198, 'rmse': 42.404250805927695, 'mae': 33.47702569615495, 'mdae': 27.63063512442796, 'r2': 0.3467311521230174}","{'mse': 1788.553011696022, 'rmse': 42.29128765710524, 'mae': 33.64489975293588, 'mdae': 29.38832577652601, 'r2': 0.3780024734338805}",1797.7933959756465,42.3985962156337,33.53814410924489,28.421852918199097,0.3637731941000338,37.15980738711126,0.4365130572186561,0.19071759374266822,0.6591125944792596,0.013771160595991774
4,43.35952776642216,2024-07-10 21:08:16.330773,2024-07-10 21:08:24.937723,0 days 00:00:08.606950,3,0.728034992108518,8,7,325,COMPLETE,"{'mse': 1942.5324649104914, 'rmse': 44.07417004221964, 'mae': 34.74869584148682, 'mdae': 28.831193679712893, 'r2': 0.3497729968626384}","{'mse': 1836.9666214260747, 'rmse': 42.85984859313055, 'mae': 34.23386204279311, 'mdae': 30.151761265880204, 'r2': 0.3304844191359908}","{'mse': 1862.8896383725953, 'rmse': 43.16120524698766, 'mae': 34.57880789260552, 'mdae': 29.656192656010838, 'r2': 0.3292016437208357}","{'mse': 1875.791237706332, 'rmse': 43.31040565160215, 'mae': 34.48487752379736, 'mdae': 28.398397472992475, 'r2': 0.31851286386302347}","{'mse': 1882.8664709325433, 'rmse': 43.39200929817083, 'mae': 34.86891929852494, 'mdae': 30.246214952835643, 'r2': 0.3452034800669559}",1880.2092866696075,43.35952776642216,34.58303251984155,29.456752005486408,0.3346350807298889,38.989282647256154,0.4481050971486394,0.24533031769965963,0.815092590713947,0.012723243252906526
5,43.958469496201005,2024-07-10 21:08:24.938724,2024-07-10 21:08:31.283104,0 days 00:00:06.344380,3,0.5232252063599989,12,11,404,COMPLETE,"{'mse': 2004.7946437481767, 'rmse': 44.774933207635016, 'mae': 35.523932673994985, 'mdae': 29.203976249737845, 'r2': 0.32893187802126245}","{'mse': 1881.5075515933659, 'rmse': 43.3763478360427, 'mae': 34.79582132600801, 'mdae': 30.131648040350893, 'r2': 0.31425067466543155}","{'mse': 1917.1470854515742, 'rmse': 43.78523821394117, 'mae': 35.25453256214936, 'mdae': 30.11576243489366, 'r2': 0.30966435843737794}","{'mse': 1926.44758875, 'rmse': 43.891315641593614, 'mae': 35.20725388277852, 'mdae': 29.108576105181896, 'r2': 0.3001090826180962}","{'mse': 1932.87836655459, 'rmse': 43.96451258179249, 'mae': 35.54762349852516, 'mdae': 30.996339041675967, 'r2': 0.32781105436172164}",1932.5550472195414,43.958469496201005,35.26583278869121,29.911260374368055,0.316153409620778,44.99782490998079,0.5099102508136963,0.3043400702068209,0.776585539280145,0.012271293229610087
6,42.9107653710595,2024-07-10 21:08:31.284195,2024-07-10 21:08:40.295156,0 days 00:00:09.010961,3,0.9828160165372797,19,3,324,COMPLETE,"{'mse': 1896.3038588641573, 'rmse': 43.54657114933571, 'mae': 34.17179925159123, 'mdae': 28.445858143641033, 'r2': 0.36524717220421277}","{'mse': 1796.9571443707498, 'rmse': 42.39053130559642, 'mae': 33.69921856721607, 'mdae': 29.21748684905997, 'r2': 0.3450665938790276}","{'mse': 1826.6914643816963, 'rmse': 42.739811234745716, 'mae': 34.061302919507874, 'mdae': 29.267501656197858, 'r2': 0.3422360581666719}","{'mse': 1851.7798966670741, 'rmse': 43.03231223937512, 'mae': 34.05392932711243, 'mdae': 28.343638048866087, 'r2': 0.3272363399677849}","{'mse': 1835.659828529151, 'rmse': 42.844600926244496, 'mae': 34.126273255379076, 'mdae': 29.961086821489836, 'r2': 0.36162033470888677}",1841.4784385625658,42.9107653710595,34.02250466416134,29.047114303850957,0.3482812997853168,36.56023528023988,0.42522616401024477,0.1871252981940208,0.6650810032906792,0.01545590739523026
7,42.21397721278708,2024-07-10 21:08:40.296151,2024-07-10 21:08:50.856887,0 days 00:00:10.560736,4,0.7200762468698007,14,3,414,COMPLETE,"{'mse': 1838.4253431427428, 'rmse': 42.87686256179133, 'mae': 33.53722373133083, 'mdae': 27.85372980204947, 'r2': 0.3846209404698093}","{'mse': 1738.6531790220656, 'rmse': 41.69716032324103, 'mae': 33.03754647234175, 'mdae': 28.23905749410856, 'r2': 0.36631652448299}","{'mse': 1773.5595070473391, 'rmse': 42.1136498898794, 'mae': 33.444644302538855, 'mdae': 28.490730899315764, 'r2': 0.361368071632009}","{'mse': 1784.944180365477, 'rmse': 42.24859974443505, 'mae': 33.358940926909064, 'mdae': 27.412140083256208, 'r2': 0.3515181896632411}","{'mse': 1775.2413903247407, 'rmse': 42.133613544588606, 'mae': 33.414933863821695, 'mdae': 28.98602135859349, 'r2': 0.3826317997738754}",1782.1647199804731,42.21397721278708,33.35865785938844,28.196335927464702,0.36929110520438496,36.0146480558967,0.42551124950769204,0.19076099622397086,0.6009240158062128,0.014146351995754982
8,40.775108259187185,2024-07-10 21:08:50.857886,2024-07-10 21:08:54.206948,0 days 00:00:03.349062,6,0.6293899908000085,19,2,105,COMPLETE,"{'mse': 1702.8590954323167, 'rmse': 41.265713315442845, 'mae': 31.92095377735592, 'mdae': 25.516584932276242, 'r2': 0.42999924768867437}","{'mse': 1631.2501482910286, 'rmse': 40.38873788930559, 'mae': 31.633482277861866, 'mdae': 26.314048766771393, 'r2': 0.4054614940582246}","{'mse': 1667.6806219754633, 'rmse': 40.83724552385314, 'mae': 32.15722218675818, 'mdae': 26.911516259912574, 'r2': 0.3994934552338687}","{'mse': 1662.8687349201955, 'rmse': 40.77828754276221, 'mae': 31.906313001629428, 'mdae': 25.786739536902925, 'r2': 0.39586899162715083}","{'mse': 1648.811261275781, 'rmse': 40.60555702457215, 'mae': 31.75682494800285, 'mdae': 26.11417169811707, 'r2': 0.42659987175029246}",1662.6939723789571,40.775108259187185,31.87495923832165,26.12861223879604,0.41148461207164216,26.549849655330068,0.32503621052498194,0.19687417373581687,0.5336169763108813,0.015773206728203374
9,42.53687707698221,2024-07-10 21:08:54.206948,2024-07-10 21:09:01.423833,0 days 00:00:07.216885,4,0.5924272277627636,11,11,348,COMPLETE,"{'mse': 1863.1777357981189, 'rmse': 43.16454257603246, 'mae': 33.851131759483586, 'mdae': 28.117033155240296, 'r2': 0.3763355324328703}","{'mse': 1767.8490370320906, 'rmse': 42.045796900904264, 'mae': 33.43776486541526, 'mdae': 28.783772444578474, 'r2': 0.3556755680244398}","{'mse': 1798.9090095016115, 'rmse': 42.413547476031894, 'mae': 33.80800024639737, 'mdae': 28.89621863650774, 'r2': 0.3522400995672358}","{'mse': 1807.0455925747165, 'rmse': 42.509358882188714, 'mae': 33.62399990719282, 'mdae': 27.814348706214986, 'r2': 0.34348860310355833}","{'mse': 1810.5994769826116, 'rmse': 42.55113954975368, 'mae': 33.93768663883156, 'mdae': 29.29774533407882, 'r2': 0.37033546731881917}",1809.51617037783,42.53687707698221,33.73171668346412,28.581823655324065,0.35961505408938466,34.407494729865014,0.403514119232388,0.20032058062834027,0.603576708932662,0.013458023460957457
10,39.167273631672145,2024-07-10 21:09:01.424828,2024-07-10 21:09:12.553148,0 days 00:00:11.128320,10,0.8259332753890893,1,20,224,COMPLETE,"{'mse': 1592.2570719368252, 'rmse': 39.903096019442216, 'mae': 30.254273181686333, 'mdae': 23.46308571665046, 'r2': 0.4670212401534002}","{'mse': 1485.2405955630159, 'rmse': 38.5388193327587, 'mae': 29.641209441134272, 'mdae': 23.118597689812553, 'r2': 0.45867730612915925}","{'mse': 1541.8153412250765, 'rmse': 39.26595651738381, 'mae': 30.261862790586502, 'mdae': 23.753601241598606, 'r2': 0.44481563734323537}","{'mse': 1532.4595633191166, 'rmse': 39.146641788525315, 'mae': 30.003496442457855, 'mdae': 23.461179011940928, 'r2': 0.44324749041419353}","{'mse': 1519.5849802787168, 'rmse': 38.98185450025071, 'mae': 29.738157277695052, 'mdae': 22.742825902390933, 'r2': 0.4715403496795947}",1534.2715104645501,39.167273631672145,29.979799826712007,23.307857912478696,0.45706040474391657,38.8659319302818,0.49521046822223386,0.28657077593476976,0.3877404900479995,0.012769419999179148
11,39.14094779220224,2024-07-10 21:09:12.554150,2024-07-10 21:09:23.493446,0 days 00:00:10.939296,10,0.8692027723625104,1,20,207,COMPLETE,"{'mse': 1590.9684716343054, 'rmse': 39.886946130711806, 'mae': 30.216832222360228, 'mdae': 23.345482237510414, 'r2': 0.46745257539648355}","{'mse': 1482.1564105436769, 'rmse': 38.4987845333288, 'mae': 29.62889998891704, 'mdae': 22.95259407083792, 'r2': 0.4598013929256367}","{'mse': 1540.5076191276844, 'rmse': 39.24930087438099, 'mae': 30.244819484778716, 'mdae': 24.104517806891508, 'r2': 0.44528652827275217}","{'mse': 1529.5645476987272, 'rmse': 39.109647757282694, 'mae': 29.93625315743114, 'mdae': 23.21124956572292, 'r2': 0.4442992683863646}","{'mse': 1517.886249124274, 'rmse': 38.96005966530691, 'mae': 29.702744003177973, 'mdae': 22.966992262762886, 'r2': 0.4721311102382445}",1532.2166596257334,39.14094779220224,29.94590977133302,23.316167188745133,0.45779417504389625,39.493475172250996,0.5035692030796981,0.2839295838780668,0.4710287458945557,0.012663086760440583
12,39.52574663351175,2024-07-10 21:09:23.494450,2024-07-10 21:09:33.178892,0 days 00:00:09.684442,8,0.8679653616987015,1,20,210,COMPLETE,"{'mse': 1618.5156196759146, 'rmse': 40.23077950619295, 'mae': 30.725411303256703, 'mdae': 23.907033856243615, 'r2': 0.4582316744130335}","{'mse': 1517.711426314124, 'rmse': 38.95781598491019, 'mae': 30.205630927506267, 'mdae': 24.23685296941267, 'r2': 0.4468427268516174}","{'mse': 1561.2925013414035, 'rmse': 39.5131940159411, 'mae': 30.720420557355187, 'mdae': 24.82910794008633, 'r2': 0.43780220685229554}","{'mse': 1562.8478695227714, 'rmse': 39.53287074730055, 'mae': 30.60130155805607, 'mdae': 23.941020559449697, 'r2': 0.43220722145968826}","{'mse': 1551.8929806916165, 'rmse': 39.39407291321394, 'mae': 30.339728802816648, 'mdae': 24.141154811865952, 'r2': 0.46030473283530293}",1562.4520795091662,39.52574663351175,30.51849862979817,24.211034027411653,0.4470777124823876,36.25549069950802,0.45748302236375754,0.2346734403221845,0.3717823493024375,0.012314490045911904
13,39.55682355751613,2024-07-10 21:09:33.179893,2024-07-10 21:09:43.228991,0 days 00:00:10.049098,8,0.8426420266154148,1,20,227,COMPLETE,"{'mse': 1617.186309355222, 'rmse': 40.214255051601064, 'mae': 30.737639489227146, 'mdae': 23.8312500008414, 'r2': 0.4586766365857009}","{'mse': 1519.4153157441192, 'rmse': 38.97967824064379, 'mae': 30.22946262519735, 'mdae': 24.404216122106426, 'r2': 0.4462217136507539}","{'mse': 1567.8611755122859, 'rmse': 39.596226783776835, 'mae': 30.785610274892598, 'mdae': 24.79444383613645, 'r2': 0.4354369267272685}","{'mse': 1570.444717458081, 'rmse': 39.62883694304037, 'mae': 30.68704059637956, 'mdae': 24.554397339416802, 'r2': 0.42944723727859524}","{'mse': 1549.612733120056, 'rmse': 39.36512076851862, 'mae': 30.313193949629536, 'mdae': 24.110237378038136, 'r2': 0.4610977249021828}",1564.9040502379528,39.55682355751613,30.550589387065237,24.338908935307842,0.4461760478289003,35.62277202362328,0.4496669288057155,0.25899830205057583,0.3769020435317561,0.01391137192890021
14,39.35353135351831,2024-07-10 21:09:43.229990,2024-07-10 21:09:52.038088,0 days 00:00:08.808098,8,0.9587610092266801,5,15,182,COMPLETE,"{'mse': 1602.7554132695063, 'rmse': 40.03442784990821, 'mae': 30.53685744531848, 'mdae': 23.473103965464205, 'r2': 0.46350711354497987}","{'mse': 1509.8545460825842, 'rmse': 38.85684683659476, 'mae': 30.04018194253116, 'mdae': 24.192641437480084, 'r2': 0.4497063084053827}","{'mse': 1550.6934862070261, 'rmse': 39.37884566879819, 'mae': 30.55177531373062, 'mdae': 24.195358019489447, 'r2': 0.4416187517424853}","{'mse': 1541.5562958337875, 'rmse': 39.262657778527775, 'mae': 30.344683644388546, 'mdae': 24.0891384559644, 'r2': 0.4399425884266954}","{'mse': 1539.3757014060836, 'rmse': 39.234878633762634, 'mae': 30.02876773182674, 'mdae': 23.308030788755097, 'r2': 0.46465781418319974}",1548.8470885597976,39.35353135351831,30.30045321555911,23.851654533430644,0.4518865152605486,33.81123282026831,0.42816259681419244,0.2562031544235784,0.42709193296262116,0.011736503295982775
15,39.22546576422177,2024-07-10 21:09:52.039088,2024-07-10 21:10:14.434275,0 days 00:00:22.395187,9,0.7928036178328778,4,14,485,COMPLETE,"{'mse': 1591.6862682367512, 'rmse': 39.89594300473109, 'mae': 30.316870660833626, 'mdae': 23.29723510677173, 'r2': 0.46721230619012466}","{'mse': 1502.2306916330576, 'rmse': 38.758620868563646, 'mae': 29.873913055390428, 'mdae': 23.958532121710824, 'r2': 0.45248495951458734}","{'mse': 1545.5866594694169, 'rmse': 39.313949934716774, 'mae': 30.376816891451014, 'mdae': 24.38290956908277, 'r2': 0.4434576427378657}","{'mse': 1529.147882124214, 'rmse': 39.10432050457103, 'mae': 30.10595845494694, 'mdae': 23.554305529038494, 'r2': 0.44445064569498716}","{'mse': 1525.2535413165106, 'rmse': 39.0544945085263, 'mae': 29.80623320060414, 'mdae': 22.87500312332267, 'r2': 0.4695690181497826}",1538.7810085559902,39.22546576422177,30.09595845264523,23.613597089985298,0.4554349144574695,33.38037802428535,0.4240343969777555,0.2554547643583133,0.5830830360719117,0.012362152679308867
16,40.296129089116384,2024-07-10 21:10:14.435275,2024-07-10 21:10:25.574888,0 days 00:00:11.139613,6,0.9219900508555976,2,18,272,COMPLETE,"{'mse': 1676.4907517209444, 'rmse': 40.94497223983605, 'mae': 31.542723314508475, 'mdae': 25.554778022180308, 'r2': 0.4388255656106925}","{'mse': 1589.5294524887252, 'rmse': 39.8689033268878, 'mae': 31.134513247864056, 'mdae': 25.71433447122773, 'r2': 0.42066735330374827}","{'mse': 1617.2887653064372, 'rmse': 40.2155289074561, 'mae': 31.522786294534406, 'mdae': 26.341935653213376, 'r2': 0.4176387999323167}","{'mse': 1626.6779856193405, 'rmse': 40.332096221487674, 'mae': 31.521079798452398, 'mdae': 24.837608404390124, 'r2': 0.40901732583402595}","{'mse': 1609.545775464575, 'rmse': 40.119144749914284, 'mae': 31.193900923326165, 'mdae': 25.399410504716002, 'r2': 0.44025506390522207}",1623.9065461200046,40.296129089116384,31.383000715737104,25.569613411145507,0.4252808217172011,32.42140835477546,0.4008218950996506,0.20101113331187215,0.5437017286301861,0.013710159575570324
17,39.19960358914098,2024-07-10 21:10:25.575887,2024-07-10 21:10:37.513797,0 days 00:00:11.937910,9,0.7989009093128052,7,7,264,COMPLETE,"{'mse': 1586.3273037057254, 'rmse': 39.82872460556232, 'mae': 30.30406798836755, 'mdae': 23.06759468248024, 'r2': 0.46900612097050653}","{'mse': 1502.039491246019, 'rmse': 38.75615423705013, 'mae': 29.901171430606958, 'mdae': 23.922295385354442, 'r2': 0.45255464594040284}","{'mse': 1547.376534500815, 'rmse': 39.33670721477352, 'mae': 30.361851340213438, 'mdae': 24.256137408271606, 'r2': 0.44281313583618154}","{'mse': 1527.15354995567, 'rmse': 39.07881203357735, 'mae': 30.107458911863905, 'mdae': 24.025992407515133, 'r2': 0.4451751995209815}","{'mse': 1520.8143543349308, 'rmse': 38.99761985474153, 'mae': 29.791888060580163, 'mdae': 22.880071575528742, 'r2': 0.47111281545657246}",1536.7422467486322,39.19960358914098,30.093287546326405,23.630418291830033,0.456132383544929,32.10018711720526,0.408235843046587,0.24723773258873796,0.6150175081472041,0.013232619763207954
18,39.782724422470054,2024-07-10 21:10:37.514796,2024-07-10 21:10:44.129948,0 days 00:00:06.615152,7,0.9102361265933461,3,20,142,COMPLETE,"{'mse': 1639.9564367796722, 'rmse': 40.49637560053581, 'mae': 31.06034734237355, 'mdae': 24.338045760297213, 'r2': 0.4510547553643034}","{'mse': 1547.6094038155184, 'rmse': 39.339667052677484, 'mae': 30.611072536688486, 'mdae': 25.46012428483953, 'r2': 0.4359458702947109}","{'mse': 1575.3979650601373, 'rmse': 39.69128323776062, 'mae': 30.964672382828894, 'mdae': 25.33535429538505, 'r2': 0.4327230429114043}","{'mse': 1584.7662151476438, 'rmse': 39.80912226045236, 'mae': 30.945339115751178, 'mdae': 24.590019603812593, 'r2': 0.424244144178754}","{'mse': 1566.3526987332384, 'rmse': 39.57717396092397, 'mae': 30.535466419722965, 'mdae': 24.170820616311204, 'r2': 0.4552761377654796}",1582.8165439072422,39.782724422470054,30.823379559473018,24.778872912129117,0.4398487901029304,34.76494210724713,0.43500205897075034,0.233965688401419,0.5859813791909299,0.012971996220957186
19,39.044571114777625,2024-07-10 21:10:44.130959,2024-07-10 21:10:52.682598,0 days 00:00:08.551639,10,0.7766651028721985,6,17,172,COMPLETE,"{'mse': 1581.699140946249, 'rmse': 39.770581350368126, 'mae': 30.137687470629245, 'mdae': 23.124326259216136, 'r2': 0.4705553133034466}","{'mse': 1486.9304665499214, 'rmse': 38.560737370412426, 'mae': 29.641182243106172, 'mdae': 23.48130700941474, 'r2': 0.45806140220244285}","{'mse': 1532.6556239195584, 'rmse': 39.14914589003901, 'mae': 30.087463209506232, 'mdae': 24.18076283995581, 'r2': 0.44811391287494695}","{'mse': 1509.2538730590695, 'rmse': 38.84911676034694, 'mae': 29.76887679803998, 'mdae': 23.095712738028368, 'r2': 0.45167826835979186}","{'mse': 1512.6867782080915, 'rmse': 38.89327420272163, 'mae': 29.540984333047017, 'mdae': 22.441820516791033, 'r2': 0.4739393082777599}",1524.6451765365778,39.044571114777625,29.83523881086573,23.264785872681216,0.46046964100367765,35.78273670652029,0.4564030560407075,0.26633620905519867,0.63472076775963,0.011389738659110568
20,39.28537154728998,2024-07-10 21:10:52.683598,2024-07-10 21:11:00.056585,0 days 00:00:07.372987,9,0.7001369807180862,6,13,170,COMPLETE,"{'mse': 1590.4648114397867, 'rmse': 39.88063203410631, 'mae': 30.360127238867545, 'mdae': 23.550920469078306, 'r2': 0.46762116638005635}","{'mse': 1503.5496972531546, 'rmse': 38.77563277695355, 'mae': 29.95596292589311, 'mdae': 23.974900507866703, 'r2': 0.4520042241524954}","{'mse': 1556.745402475223, 'rmse': 39.45561306677699, 'mae': 30.50877219388751, 'mdae': 24.190282043504475, 'r2': 0.43943954831495846}","{'mse': 1534.0129001018327, 'rmse': 39.16647673842814, 'mae': 30.198836107611335, 'mdae': 24.002387212812664, 'r2': 0.4426831530752454}","{'mse': 1532.6052965511262, 'rmse': 39.14850312018489, 'mae': 29.927902656003354, 'mdae': 22.941677298023507, 'r2': 0.46701232928344916}",1543.4756215642246,39.28537154728998,30.19032022445257,23.73203350625713,0.4537520842412409,32.34910178832644,0.4111021095843082,0.2520441047050986,0.49988301059798973,0.013215620252575354
21,39.0744342256009,2024-07-10 21:11:00.057583,2024-07-10 21:11:11.376362,0 days 00:00:11.318779,10,0.788474586944839,3,17,235,COMPLETE,"{'mse': 1588.2801433185791, 'rmse': 39.853232532864624, 'mae': 30.21371378421476, 'mdae': 23.282862503924342, 'r2': 0.46835244383923036}","{'mse': 1490.8215448436733, 'rmse': 38.61115829450954, 'mae': 29.672517338256522, 'mdae': 23.290971632779133, 'r2': 0.4566432286147234}","{'mse': 1534.1880373670447, 'rmse': 39.168712480333646, 'mae': 30.08766360721301, 'mdae': 23.783308604749422, 'r2': 0.44756211399188917}","{'mse': 1511.5978937909733, 'rmse': 38.87927331871023, 'mae': 29.756215199580428, 'mdae': 23.320475304189642, 'r2': 0.45082667040820734}","{'mse': 1510.0836287055297, 'rmse': 38.859794501586464, 'mae': 29.53272419063395, 'mdae': 22.541224144000523, 'r2': 0.4748445945853431}",1526.9942496051601,39.0744342256009,29.852566823979735,23.243768437928612,0.45964581028787865,37.547279501800396,0.478068450052981,0.28709684224699245,0.44562105747925185,0.011614828378125766
22,39.08314355678645,2024-07-10 21:11:11.377361,2024-07-10 21:11:15.393698,0 days 00:00:04.016337,10,0.7916478106609857,3,17,76,COMPLETE,"{'mse': 1592.3974464681799, 'rmse': 39.90485492353255, 'mae': 30.229956949730298, 'mdae': 23.198741623207564, 'r2': 0.4669742523616962}","{'mse': 1495.4624161427344, 'rmse': 38.67120913732507, 'mae': 29.72191622455776, 'mdae': 23.82466322552589, 'r2': 0.45495177945758314}","{'mse': 1530.2537017229333, 'rmse': 39.11845730244143, 'mae': 30.047463808134886, 'mdae': 23.78821596291399, 'r2': 0.4489788086949774}","{'mse': 1507.3570336015805, 'rmse': 38.82469618170347, 'mae': 29.689696105898335, 'mdae': 23.413481529723576, 'r2': 0.4523674024508416}","{'mse': 1512.9377308370651, 'rmse': 38.89650023892979, 'mae': 29.542215256386786, 'mdae': 22.404063964384207, 'r2': 0.47385203554193034}",1527.6816657544985,39.08314355678645,29.846249668941613,23.325833261151043,0.45942485570140573,38.28610053580253,0.4867692909882281,0.28289713442035486,0.5779537689402069,0.010536518205895896
23,39.28249348791615,2024-07-10 21:11:15.394696,2024-07-10 21:11:18.092082,0 days 00:00:02.697386,9,0.7709378082447647,4,17,53,COMPLETE,"{'mse': 1597.6487873330545, 'rmse': 39.97059903645496, 'mae': 30.400809311105505, 'mdae': 23.50182740313923, 'r2': 0.46521646262345495}","{'mse': 1504.476170865236, 'rmse': 38.7875775328292, 'mae': 29.951160793622556, 'mdae': 23.7492299373323, 'r2': 0.45166655415277246}","{'mse': 1543.2865627768047, 'rmse': 39.284686110198265, 'mae': 30.42215791048716, 'mdae': 24.458806977851793, 'r2': 0.44428587273544895}","{'mse': 1538.7495064169236, 'rmse': 39.22689774143405, 'mae': 30.184142774924155, 'mdae': 24.01830814970713, 'r2': 0.44096231324627444}","{'mse': 1532.1515127489909, 'rmse': 39.14270701866429, 'mae': 29.906710419778648, 'mdae': 22.936478641745154, 'r2': 0.46717013975967103}",1543.2625080282019,39.28249348791615,30.172996241983604,23.732930221955122,0.45386026850352434,33.93401429765452,0.4304262422688723,0.24198330622572303,0.5692861625764518,0.011926383615111514
24,40.04729473542323,2024-07-10 21:11:18.093084,2024-07-10 21:11:21.362507,0 days 00:00:03.269423,7,0.6884979853831892,8,16,86,COMPLETE,"{'mse': 1652.778718880027, 'rmse': 40.65438129992913, 'mae': 31.213573756369996, 'mdae': 24.692134282113493, 'r2': 0.44676273234069863}","{'mse': 1574.7555420076626, 'rmse': 39.68318966524318, 'mae': 31.015244577527795, 'mdae': 25.62434545001573, 'r2': 0.4260519711525378}","{'mse': 1604.0693805108986, 'rmse': 40.050834953979404, 'mae': 31.3093836334727, 'mdae': 25.672140498383, 'r2': 0.4223989002674152}","{'mse': 1597.7210729194207, 'rmse': 39.97150326069087, 'mae': 31.15611692913695, 'mdae': 24.506525178123695, 'r2': 0.4195375602346124}","{'mse': 1590.1403961052183, 'rmse': 39.87656449727356, 'mae': 30.852912475957336, 'mdae': 24.94133330476523, 'r2': 0.44700359072252416}",1603.8930220846455,40.04729473542323,31.109446274492957,25.087295742680233,0.4323509509435577,29.43663905972115,0.366071131729398,0.17866111741574953,0.5350742561263869,0.013465722558216084
25,39.05891911554753,2024-07-10 21:11:21.363507,2024-07-10 21:11:28.303980,0 days 00:00:06.940473,10,0.7567817729133989,3,13,148,COMPLETE,"{'mse': 1588.7704675818713, 'rmse': 39.859383682915514, 'mae': 30.19727760026194, 'mdae': 22.936554193091858, 'r2': 0.46818831681327566}","{'mse': 1489.206986564238, 'rmse': 38.59024470723447, 'mae': 29.669066071371287, 'mdae': 23.44197914429997, 'r2': 0.457231683468332}","{'mse': 1533.4085451854962, 'rmse': 39.158760771831076, 'mae': 30.100269359309255, 'mdae': 23.88074024431739, 'r2': 0.4478427973256437}","{'mse': 1507.8814182943568, 'rmse': 38.83144883073972, 'mae': 29.6884671317802, 'mdae': 23.19839691399403, 'r2': 0.4521768900871357}","{'mse': 1509.6921869904286, 'rmse': 38.854757585016905, 'mae': 29.509706799664666, 'mdae': 22.26444483415426, 'r2': 0.4749807246172715}",1525.7919209232782,39.05891911554753,29.83295739247747,23.144423065971502,0.4600840824623317,38.54463407390463,0.49086460505107926,0.29850194628164556,0.602326103521232,0.011270509027816537
26,39.25597316067306,2024-07-10 21:11:28.304981,2024-07-10 21:11:35.354630,0 days 00:00:07.049649,9,0.7417251104979335,6,13,165,COMPLETE,"{'mse': 1597.4935703110943, 'rmse': 39.96865734936682, 'mae': 30.473658404798275, 'mdae': 23.625452718546875, 'r2': 0.46526841866581115}","{'mse': 1501.8347722440017, 'rmse': 38.75351303100148, 'mae': 29.931508376994458, 'mdae': 24.045918162254026, 'r2': 0.45262925946900534}","{'mse': 1551.4883033629292, 'rmse': 39.388936306568745, 'mae': 30.449745821299867, 'mdae': 24.444850132456743, 'r2': 0.4413325501174722}","{'mse': 1526.7749513686294, 'rmse': 39.07396769421592, 'mae': 30.091016752613367, 'mdae': 24.153311950041843, 'r2': 0.44531274684588706}","{'mse': 1528.4027163462836, 'rmse': 39.09479142221229, 'mae': 29.848022175298212, 'mdae': 23.081478058900196, 'r2': 0.46847384285084914}",1541.1988627265878,39.25597316067306,30.158790306200835,23.870202204439938,0.454603363589805,36.04264450343347,0.45748488377313024,0.2900966185494354,0.5299140391756054,0.011963075811480055
27,40.10683309825897,2024-07-10 21:11:35.355631,2024-07-10 21:11:46.115142,0 days 00:00:10.759511,7,0.6704413157943573,15,7,292,COMPLETE,"{'mse': 1660.0927487699798, 'rmse': 40.744235773542, 'mae': 31.376313202098235, 'mdae': 24.916888437101115, 'r2': 0.4443144954014925}","{'mse': 1572.5410973405992, 'rmse': 39.655278303658385, 'mae': 30.9685096603149, 'mdae': 25.56255438246422, 'r2': 0.4268590654079626}","{'mse': 1603.9353028146063, 'rmse': 40.04916107504134, 'mae': 31.33232399178917, 'mdae': 25.905525391294027, 'r2': 0.4224471796160326}","{'mse': 1609.2952136435779, 'rmse': 40.1160219070084, 'mae': 31.295576482628345, 'mdae': 24.615106839246565, 'r2': 0.41533259975884174}","{'mse': 1597.5584067402167, 'rmse': 39.969468432044685, 'mae': 31.017451023979206, 'mdae': 25.21864216143944, 'r2': 0.44442386049544247}",1608.6845538617958,40.10683309825897,31.198034872161976,25.243743442309075,0.43067544013595443,31.999497627567557,0.39763785376179706,0.19014694675791144,0.5104517633933922,0.013159736215092846
28,39.55289070161548,2024-07-10 21:11:46.116141,2024-07-10 21:11:56.833532,0 days 00:00:10.717391,8,0.7586762826070335,9,9,250,COMPLETE,"{'mse': 1618.5359449336304, 'rmse': 40.23103211370086, 'mae': 30.77761864119964, 'mdae': 24.116878984837232, 'r2': 0.4582248709069654}","{'mse': 1527.2738150220666, 'rmse': 39.080350753570094, 'mae': 30.29991781449366, 'mdae': 24.51596673234663, 'r2': 0.4433575420063558}","{'mse': 1569.106723992108, 'rmse': 39.61195178215923, 'mae': 30.780726032830078, 'mdae': 24.832431519997897, 'r2': 0.4349884235761853}","{'mse': 1554.3514279436063, 'rmse': 39.42526382845911, 'mae': 30.53798165991056, 'mdae': 24.30911980866181, 'r2': 0.435294033852639}","{'mse': 1553.6096277608049, 'rmse': 39.415855030188105, 'mae': 30.30466977195663, 'mdae': 23.993634742226902, 'r2': 0.45970774173465356}",1564.575507930443,39.55289070161548,30.540182784078116,24.353606357614094,0.4463145224153598,33.72113326192998,0.4247721102291534,0.23845089651893608,0.33287869162772665,0.012038585269262743
29,39.082440126295275,2024-07-10 21:11:56.834531,2024-07-10 21:12:06.555001,0 days 00:00:09.720470,10,0.8149271154876797,3,15,183,COMPLETE,"{'mse': 1583.5343436457504, 'rmse': 39.79364702619942, 'mae': 30.150097118068445, 'mdae': 22.908262194294046, 'r2': 0.4699410129645838}","{'mse': 1496.5931579476278, 'rmse': 38.68582631853206, 'mae': 29.730256917095026, 'mdae': 23.503615461220075, 'r2': 0.45453966023479475}","{'mse': 1536.3584992368615, 'rmse': 39.19640926458521, 'mae': 30.110633786905606, 'mdae': 24.00165068264186, 'r2': 0.44678056353143814}","{'mse': 1513.769377782567, 'rmse': 38.90718928144986, 'mae': 29.760640810147276, 'mdae': 23.392479179670094, 'r2': 0.45003775617465547}","{'mse': 1507.7012387626162, 'rmse': 38.829128740709805, 'mae': 29.55431373679766, 'mdae': 22.434062530117075, 'r2': 0.4756731082732897}",1527.5913234750847,39.082440126295275,29.861188473802805,23.248014009588626,0.45939442023575233,34.474747262732365,0.4390291129721696,0.2584164170388797,0.5983558367191313,0.012712705656029657
30,38.99321759557726,2024-07-10 21:12:06.556016,2024-07-10 21:12:14.825848,0 days 00:00:08.269832,10,0.9113886279783066,5,14,147,COMPLETE,"{'mse': 1585.0785839025098, 'rmse': 39.813045398493564, 'mae': 30.089297874259994, 'mdae': 22.630270496869812, 'r2': 0.4694241069501853}","{'mse': 1484.0305231347604, 'rmse': 38.52311673702896, 'mae': 29.512012187899746, 'mdae': 22.91446133266953, 'r2': 0.4591183388268911}","{'mse': 1532.6847764151626, 'rmse': 39.14951821434285, 'mae': 29.97474521495593, 'mdae': 23.521897086734143, 'r2': 0.4481034155026229}","{'mse': 1500.7334404852943, 'rmse': 38.739300980855276, 'mae': 29.618919049692533, 'mdae': 23.3679608959198, 'r2': 0.4547737968368576}","{'mse': 1500.873344247064, 'rmse': 38.74110664716567, 'mae': 29.350314423716995, 'mdae': 22.14045394142194, 'r2': 0.47804761630998494}",1520.6801336369583,38.99321759557726,29.70905775010504,22.915008750723043,0.4618934548853084,40.07694246203818,0.5112670301832972,0.3125784278069602,0.5600201835001236,0.011897727071770007
31,39.043242824325596,2024-07-10 21:12:14.826848,2024-07-10 21:12:21.926666,0 days 00:00:07.099818,10,0.7670882505366553,5,13,154,COMPLETE,"{'mse': 1584.4392939286258, 'rmse': 39.805015939308774, 'mae': 30.127510818943914, 'mdae': 23.164227884485832, 'r2': 0.46963809750702956}","{'mse': 1489.5696275357786, 'rmse': 38.59494303060673, 'mae': 29.65877509053466, 'mdae': 23.10857513515162, 'r2': 0.4570995124327375}","{'mse': 1536.2091824917466, 'rmse': 39.194504493509626, 'mae': 30.153061826780263, 'mdae': 23.852600929942085, 'r2': 0.44683433023083063}","{'mse': 1506.2617893346437, 'rmse': 38.810588623913496, 'mae': 29.763770884664545, 'mdae': 23.376580213059825, 'r2': 0.4527653118044208}","{'mse': 1506.3062984518638, 'rmse': 38.81116203428936, 'mae': 29.447520207418865, 'mdae': 22.390950943656946, 'r2': 0.4761582207733507}",1524.5572383485317,39.043242824325596,29.830127765668454,23.17858702125926,0.46049909454967386,37.4619191811175,0.47753024678996225,0.3053181155628452,0.5289079534387953,0.012112224683699704
32,39.111127910890374,2024-07-10 21:12:21.927665,2024-07-10 21:12:28.857922,0 days 00:00:06.930257,9,0.901527147877358,6,13,140,COMPLETE,"{'mse': 1591.8084602406107, 'rmse': 39.897474359169784, 'mae': 30.284509028355696, 'mdae': 23.353352952725324, 'r2': 0.4671714046649701}","{'mse': 1491.1375581259658, 'rmse': 38.6152503310022, 'mae': 29.751875311946044, 'mdae': 23.317894615763876, 'r2': 0.4565280518805428}","{'mse': 1536.4369864255734, 'rmse': 39.19741045561012, 'mae': 30.19991775741817, 'mdae': 23.876308552040463, 'r2': 0.4467523014830094}","{'mse': 1516.344121808659, 'rmse': 38.94026350461254, 'mae': 29.955732515382728, 'mdae': 23.385977125396572, 'r2': 0.4491023349522103}","{'mse': 1513.6177698027286, 'rmse': 38.90524090405724, 'mae': 29.645368682153418, 'mdae': 22.575627512048996, 'r2': 0.4736155412631221}",1529.8689792807077,39.111127910890374,29.967480659051212,23.301832151595047,0.4586339268487709,38.166688955290454,0.48560892017036067,0.276095002617809,0.46566862828820443,0.011552015762617864
33,39.05374921163468,2024-07-10 21:12:28.858927,2024-07-10 21:12:34.249352,0 days 00:00:05.390425,10,0.7538750625758561,5,9,114,COMPLETE,"{'mse': 1582.0151935969684, 'rmse': 39.77455459960512, 'mae': 30.121092558640782, 'mdae': 22.681471010565105, 'r2': 0.47044952049348165}","{'mse': 1489.8400840345569, 'rmse': 38.598446653130445, 'mae': 29.66729401046226, 'mdae': 23.434799470441355, 'r2': 0.45700093968908184}","{'mse': 1533.6363219995246, 'rmse': 39.16166904001315, 'mae': 30.113126936736418, 'mdae': 23.765771582705554, 'r2': 0.44776077834325123}","{'mse': 1512.4384323351169, 'rmse': 38.8900814133259, 'mae': 29.806132726723032, 'mdae': 23.509309235709214, 'r2': 0.45052129729751855}","{'mse': 1508.8558972258804, 'rmse': 38.84399435209876, 'mae': 29.48128449326331, 'mdae': 22.05698470776278, 'r2': 0.47527155757645123}",1525.3571858384096,39.05374921163468,29.83778614516516,23.089667201436804,0.46020081867995694,35.28216680293762,0.44980322524608757,0.2798383507146935,0.704519360520043,0.012153703376718571
34,39.038100818101896,2024-07-10 21:12:34.250350,2024-07-10 21:12:39.710717,0 days 00:00:05.460367,10,0.8786573830716805,5,9,102,COMPLETE,"{'mse': 1576.2430913370536, 'rmse': 39.70192805566316, 'mae': 30.009575235505864, 'mdae': 22.813048902297027, 'r2': 0.4723816255275356}","{'mse': 1491.496144231966, 'rmse': 38.61989311523228, 'mae': 29.651699946127312, 'mdae': 23.28452557660614, 'r2': 0.4563973587137491}","{'mse': 1535.3735128706842, 'rmse': 39.18384249752293, 'mae': 30.030456277287364, 'mdae': 23.369368234103835, 'r2': 0.4471352422100775}","{'mse': 1508.844869225678, 'rmse': 38.843852399391054, 'mae': 29.650734655720882, 'mdae': 22.953237296267417, 'r2': 0.4518268621081174}","{'mse': 1508.6223505795285, 'rmse': 38.840988022700046, 'mae': 29.448280313421865, 'mdae': 21.995082721970142, 'r2': 0.4753527771072221}",1524.115993648982,39.038100818101896,29.75814928561266,22.883052546248912,0.4606187731333403,33.095622237364005,0.4223123321284136,0.25310780831142937,0.5468090069872188,0.012573575614020303
35,39.12935574246042,2024-07-10 21:12:39.711713,2024-07-10 21:12:45.119257,0 days 00:00:05.407544,9,0.9438245048353373,8,9,98,COMPLETE,"{'mse': 1575.4819203908798, 'rmse': 39.692340827808074, 'mae': 30.17240560660879, 'mdae': 23.189830128304624, 'r2': 0.4726364134974389}","{'mse': 1494.0929460860382, 'rmse': 38.653498497368105, 'mae': 29.78209509204561, 'mdae': 23.49350912943555, 'r2': 0.4554509074927856}","{'mse': 1543.2201911352126, 'rmse': 39.28384134902304, 'mae': 30.32007686253552, 'mdae': 24.085196633694917, 'r2': 0.4443097721587784}","{'mse': 1522.1621959712554, 'rmse': 39.01489710317401, 'mae': 29.957055406307493, 'mdae': 23.84314788650006, 'r2': 0.4469885908322897}","{'mse': 1521.1716777685667, 'rmse': 39.00220093492887, 'mae': 29.74419367291519, 'mdae': 22.829283785101836, 'r2': 0.4709885505952839}",1531.2257862703907,39.12935574246042,29.99516532808252,23.4881935126074,0.45807484691531536,30.267774705062486,0.3861758834557955,0.24840475280911237,0.5014021160730406,0.013210510769310069
36,38.97918122679063,2024-07-10 21:12:45.120255,2024-07-10 21:12:51.284794,0 days 00:00:06.164539,10,0.8911064118152203,10,12,118,COMPLETE,"{'mse': 1573.4108881292073, 'rmse': 39.66624368564797, 'mae': 30.06772363987221, 'mdae': 22.48522656145691, 'r2': 0.47332965344335165}","{'mse': 1483.9664362181522, 'rmse': 38.522284929870814, 'mae': 29.6086424010314, 'mdae': 23.457424270881575, 'r2': 0.4591416964582701}","{'mse': 1533.8016875899445, 'rmse': 39.16378030259521, 'mae': 30.090215531982814, 'mdae': 23.8848050686643, 'r2': 0.4477012326976295}","{'mse': 1500.7084788546676, 'rmse': 38.73897880500553, 'mae': 29.640657390233955, 'mdae': 23.223262799462702, 'r2': 0.45478286555933967}","{'mse': 1505.7984100104109, 'rmse': 38.80461841083366, 'mae': 29.49642855393372, 'mdae': 22.31932914397818, 'r2': 0.47633484699146633}",1519.5371801604767,38.97918122679063,29.78073350341082,23.074009568888734,0.4622580590300115,35.051405839194004,0.44806674933660606,0.2775826155098887,0.6600910309534914,0.012229345732079453
37,39.42059138097305,2024-07-10 21:12:51.285794,2024-07-10 21:12:54.633036,0 days 00:00:03.347242,8,0.8945696973537096,16,10,71,COMPLETE,"{'mse': 1602.1966586992503, 'rmse': 40.02744881577204, 'mae': 30.609536159041017, 'mdae': 23.90182236529492, 'r2': 0.4636941463571824}","{'mse': 1516.6058362760723, 'rmse': 38.94362382054439, 'mae': 30.157736254559392, 'mdae': 24.252145943252934, 'r2': 0.4472456790598339}","{'mse': 1559.34484413583, 'rmse': 39.48854066860195, 'mae': 30.523033292585513, 'mdae': 24.80857294095849, 'r2': 0.4385035287262179}","{'mse': 1552.3608044730693, 'rmse': 39.40001020904778, 'mae': 30.538742515934157, 'mdae': 24.36043897329713, 'r2': 0.4360172402845669}","{'mse': 1540.039215629257, 'rmse': 39.24333339089911, 'mae': 30.067524462833102, 'mdae': 23.77695335051095, 'r2': 0.4644270666442919}",1554.1094718426957,39.42059138097305,30.379314536990638,24.219986714662884,0.44997753221441866,31.413927209998853,0.39756605905315423,0.24768141938163465,0.4076462662911289,0.01351795174253205
38,39.06988557585131,2024-07-10 21:12:54.634035,2024-07-10 21:13:01.501505,0 days 00:00:06.867470,9,0.9823678539896625,10,12,131,COMPLETE,"{'mse': 1581.1435609862315, 'rmse': 39.76359592625183, 'mae': 30.195318041530747, 'mdae': 23.159264047252606, 'r2': 0.4707412834732795}","{'mse': 1490.2752778175034, 'rmse': 38.60408369353563, 'mae': 29.725377367875495, 'mdae': 23.56538008415352, 'r2': 0.45684232547422376}","{'mse': 1534.0672185581304, 'rmse': 39.16717016275404, 'mae': 30.12720139582083, 'mdae': 23.955844143721855, 'r2': 0.44760561901588947}","{'mse': 1514.7952947531319, 'rmse': 38.920371205233025, 'mae': 29.973250678537177, 'mdae': 24.12581787334699, 'r2': 0.4496650338779892}","{'mse': 1512.7593297174083, 'rmse': 38.89420689148203, 'mae': 29.63619983186985, 'mdae': 22.674588369434634, 'r2': 0.4739140773458006}",1526.6081363664812,39.06988557585131,29.93146946312682,23.496178903581917,0.45975366783743654,34.2095006121244,0.4361442656488747,0.24460725593836186,0.5918295351805387,0.012032003516661624
39,41.00711103893898,2024-07-10 21:13:01.502507,2024-07-10 21:13:03.625653,0 days 00:00:02.123146,5,0.9372691571661288,11,8,50,COMPLETE,"{'mse': 1750.2107852278061, 'rmse': 41.835520616191765, 'mae': 32.43863662151284, 'mdae': 26.530493357978912, 'r2': 0.41414914072501563}","{'mse': 1646.784486885662, 'rmse': 40.58059249056946, 'mae': 31.85460968491455, 'mdae': 26.528132113341126, 'r2': 0.399799724483201}","{'mse': 1666.324129820693, 'rmse': 40.82063362835875, 'mae': 32.131386973985116, 'mdae': 27.11865737160006, 'r2': 0.3999819075227119}","{'mse': 1685.2931413171727, 'rmse': 41.052321996656566, 'mae': 32.16478930525609, 'mdae': 26.260647608618335, 'r2': 0.38772205918186753}","{'mse': 1660.2761590727885, 'rmse': 40.74648646291835, 'mae': 31.84218965286431, 'mdae': 26.43051713625679, 'r2': 0.42261277266771635}",1681.7777404648245,41.00711103893898,32.086322447706586,26.573689517559046,0.4048531209161025,40.68506955579424,0.4931844291864266,0.2477926362331047,0.32381511497327464,0.013643313620602634
40,44.665568935993996,2024-07-10 21:13:03.626655,2024-07-10 21:13:05.737556,0 days 00:00:02.110901,2,0.8550298247716153,13,12,117,COMPLETE,"{'mse': 2082.555526819768, 'rmse': 45.6350252198875, 'mae': 36.349783285981424, 'mdae': 29.738470082548123, 'r2': 0.30290285308896325}","{'mse': 1950.0551588415556, 'rmse': 44.15942887811793, 'mae': 35.53609552871519, 'mdae': 30.351401633750385, 'r2': 0.2892672642167532}","{'mse': 1977.0700465475056, 'rmse': 44.46425583035778, 'mae': 35.98301619082965, 'mdae': 30.41085342995298, 'r2': 0.2880870073272789}","{'mse': 1976.1211457075096, 'rmse': 44.4535841716673, 'mae': 35.76318940131887, 'mdae': 29.8629234417135, 'r2': 0.2820623568459343}","{'mse': 1990.5473535511367, 'rmse': 44.615550579939466, 'mae': 36.22328940114412, 'mdae': 31.484940165928563, 'r2': 0.30775575433043456}",1995.2698462934954,44.665568935993996,35.97107476159785,30.36971775077871,0.2940150471618729,50.94939982212412,0.5665663216511675,0.3315110196629405,0.6893951606017102,0.010820698136592437
41,38.98520182587798,2024-07-10 21:13:05.738556,2024-07-10 21:13:15.548204,0 days 00:00:09.809648,10,0.8815188526127675,7,15,190,COMPLETE,"{'mse': 1577.7950180938926, 'rmse': 39.72146797506221, 'mae': 30.057246924367114, 'mdae': 22.850464651428595, 'r2': 0.47186214659865466}","{'mse': 1480.0680679842364, 'rmse': 38.47165278467038, 'mae': 29.485019599189684, 'mdae': 22.920774673520192, 'r2': 0.4605625269960214}","{'mse': 1533.3159605620654, 'rmse': 39.157578583999104, 'mae': 30.020403283510355, 'mdae': 23.758683780700302, 'r2': 0.4478761356468919}","{'mse': 1504.8233065998693, 'rmse': 38.79205210606767, 'mae': 29.6777647067204, 'mdae': 23.35759132368615, 'r2': 0.4532879219220064}","{'mse': 1504.1410762415192, 'rmse': 38.78325767959055, 'mae': 29.355229596090705, 'mdae': 21.89835579563254, 'r2': 0.47691121095619304}",1520.0286858963166,38.98520182587798,29.71913282197565,22.957174044993558,0.46209998842395344,37.39642859823335,0.4779180001273042,0.313859410039667,0.6958016505454098,0.012216856557928944
42,38.94622779990742,2024-07-10 21:13:15.549204,2024-07-10 21:13:25.571841,0 days 00:00:10.022637,10,0.8843246462974628,9,15,200,COMPLETE,"{'mse': 1579.7417958882022, 'rmse': 39.74596578129914, 'mae': 30.122707395804042, 'mdae': 22.962487649109967, 'r2': 0.4712104985496083}","{'mse': 1484.8196953901393, 'rmse': 38.53335821583864, 'mae': 29.572713288494967, 'mdae': 23.252743517126866, 'r2': 0.45883071078030657}","{'mse': 1522.9219830739612, 'rmse': 39.02463302933112, 'mae': 29.963644954934736, 'mdae': 23.739102293565, 'r2': 0.4516188495847471}","{'mse': 1496.2095841570313, 'rmse': 38.680868451432566, 'mae': 29.605228534975033, 'mdae': 23.176229218165464, 'r2': 0.4564173432142321}","{'mse': 1501.2768115168822, 'rmse': 38.74631352163561, 'mae': 29.43067680554677, 'mdae': 21.945104356176316, 'r2': 0.47790730420168503}",1516.9939740052432,38.94622779990742,29.738994195951108,23.01513340682872,0.4631969412661158,37.704889288475194,0.4812927422085634,0.29082038645865355,0.6622452564862541,0.010950924657471616
43,38.970226130687394,2024-07-10 21:13:25.572864,2024-07-10 21:13:35.148578,0 days 00:00:09.575714,10,0.8896354760337155,9,15,190,COMPLETE,"{'mse': 1577.8525571114076, 'rmse': 39.722192249565076, 'mae': 30.06792971256462, 'mdae': 22.73120461563952, 'r2': 0.47184288647116757}","{'mse': 1482.4837108918355, 'rmse': 38.50303508675434, 'mae': 29.557119659970997, 'mdae': 23.440043392663462, 'r2': 0.45968210241694785}","{'mse': 1526.0610024187667, 'rmse': 39.06483076142487, 'mae': 29.97743837158644, 'mdae': 23.833408309310922, 'r2': 0.45048853624065455}","{'mse': 1501.2871991911472, 'rmse': 38.74644756866295, 'mae': 29.68004431431879, 'mdae': 23.400833840230955, 'r2': 0.45457261270347604}","{'mse': 1506.5751128837533, 'rmse': 38.81462498702974, 'mae': 29.455164674987454, 'mdae': 22.233067536827463, 'r2': 0.476064736313764}",1518.851916499382,38.970226130687394,29.74753934668566,23.127711538934467,0.46253017482920206,36.45179039728422,0.4655531957675448,0.2654250051011268,0.6379185960539758,0.011026630537625906
44,39.15705378830413,2024-07-10 21:13:35.149580,2024-07-10 21:13:45.233766,0 days 00:00:10.084186,9,0.9620664115902872,10,15,194,COMPLETE,"{'mse': 1584.0350662333842, 'rmse': 39.79993801795908, 'mae': 30.265925021034953, 'mdae': 23.202278069931857, 'r2': 0.4697734052908684}","{'mse': 1496.4070135144211, 'rmse': 38.68342039575121, 'mae': 29.792112337299677, 'mdae': 23.58660036829326, 'r2': 0.45460750392714566}","{'mse': 1542.9863553440073, 'rmse': 39.280865002492085, 'mae': 30.238458110363297, 'mdae': 23.94516114812169, 'r2': 0.4443939728871248}","{'mse': 1522.5817393264813, 'rmse': 39.02027343992455, 'mae': 30.01658817931092, 'mdae': 23.729975884183368, 'r2': 0.4468361680072488}","{'mse': 1521.0602232568247, 'rmse': 39.000772085393706, 'mae': 29.726538367875953, 'mdae': 22.67589921825426, 'r2': 0.4710273106600821}",1533.4140795350236,39.15705378830413,30.007924403176958,23.427982937756887,0.45732767215449394,32.76275726060035,0.4171602732782506,0.24775901528588262,0.5001012744280586,0.012523257560246909
45,38.955087139297966,2024-07-10 21:13:45.233766,2024-07-10 21:14:01.622383,0 days 00:00:16.388617,10,0.9975585978275582,12,14,304,COMPLETE,"{'mse': 1569.608932779262, 'rmse': 39.61829038183326, 'mae': 30.023223769171057, 'mdae': 22.604285183194726, 'r2': 0.47460228804684634}","{'mse': 1481.7828945037577, 'rmse': 38.493933216855844, 'mae': 29.53903113242609, 'mdae': 23.184698765443155, 'r2': 0.4599375275758322}","{'mse': 1526.5992909748943, 'rmse': 39.07171983640974, 'mae': 29.9695407649795, 'mdae': 24.077405568528285, 'r2': 0.45029470668080496}","{'mse': 1500.23241390369, 'rmse': 38.7328337964535, 'mae': 29.680251133711238, 'mdae': 23.366873845713318, 'r2': 0.4549558230471108}","{'mse': 1509.9953376946582, 'rmse': 38.85865846493749, 'mae': 29.520816306669158, 'mdae': 22.537080777574758, 'r2': 0.4748752991772791}",1517.6437739712524,38.955087139297966,29.746572621391408,23.15406882809085,0.4629331289055747,33.27249512662743,0.4256758463822888,0.23700663156858137,0.6288305048866599,0.011304041957199376
46,39.03810545601636,2024-07-10 21:14:01.623382,2024-07-10 21:14:15.925876,0 days 00:00:14.302494,10,0.8280757823318647,12,16,304,COMPLETE,"{'mse': 1573.3007442450757, 'rmse': 39.66485527825704, 'mae': 30.111118762132108, 'mdae': 22.918819498860287, 'r2': 0.4733665220820933}","{'mse': 1489.7449706188768, 'rmse': 38.59721454482016, 'mae': 29.689350374030056, 'mdae': 23.76403587413691, 'r2': 0.45703560548703603}","{'mse': 1534.7230410672828, 'rmse': 39.175541362785054, 'mae': 30.111457894686602, 'mdae': 24.014357365594837, 'r2': 0.4473694672589156}","{'mse': 1509.1819599680912, 'rmse': 38.84819120587329, 'mae': 29.829929494148754, 'mdae': 23.51080320050279, 'r2': 0.45170439485267466}","{'mse': 1513.5776186379067, 'rmse': 38.90472488834623, 'mae': 29.61246895823111, 'mdae': 22.577612675299093, 'r2': 0.4736295044641258}",1524.1056669074467,39.03810545601636,29.87086509664573,23.357125722878784,0.46062109882896907,31.808405127097046,0.4061854754797633,0.2329155429948804,0.5960073422100932,0.012243708002933642
47,39.076380325840645,2024-07-10 21:14:15.925876,2024-07-10 21:14:35.422162,0 days 00:00:19.496286,9,0.9980966197581974,9,14,353,COMPLETE,"{'mse': 1580.8324403658978, 'rmse': 39.759683604952116, 'mae': 30.187779791363592, 'mdae': 23.224622781664564, 'r2': 0.4708454253768143}","{'mse': 1496.7459808307713, 'rmse': 38.68780144736544, 'mae': 29.790689449214987, 'mdae': 23.48919863798991, 'r2': 0.45448396118170153}","{'mse': 1532.2126608909775, 'rmse': 39.14348810327176, 'mae': 30.107714969569443, 'mdae': 23.983881603160043, 'r2': 0.4482734171554711}","{'mse': 1512.6775210425935, 'rmse': 38.89315519526018, 'mae': 29.91042273481885, 'mdae': 23.670537992318643, 'r2': 0.45043443481769374}","{'mse': 1513.0367660142135, 'rmse': 38.89777327835378, 'mae': 29.61714804189716, 'mdae': 22.919734774380906, 'r2': 0.47381759449666827}",1527.101073828891,39.076380325840645,29.922750997372805,23.457595157902812,0.4595709666056698,32.559420190004424,0.41469033498548236,0.23207613923552,0.40831690309016827,0.011906597831902666
48,39.428755007900676,2024-07-10 21:14:35.423168,2024-07-10 21:14:53.166044,0 days 00:00:17.742876,8,0.8866495274386917,13,12,377,COMPLETE,"{'mse': 1610.0257675940381, 'rmse': 40.1251263872656, 'mae': 30.706600685847132, 'mdae': 23.824771623182073, 'r2': 0.46107349619773785}","{'mse': 1514.854945868699, 'rmse': 38.92113752023056, 'mae': 30.14599314971274, 'mdae': 24.370091251496135, 'r2': 0.4478838226136954}","{'mse': 1559.3618347615366, 'rmse': 39.48875580163975, 'mae': 30.633094935756727, 'mdae': 24.572357503972427, 'r2': 0.43849741065912395}","{'mse': 1547.5304333443498, 'rmse': 39.33866333957408, 'mae': 30.435481871952103, 'mdae': 24.24357012067903, 'r2': 0.4377721454791422}","{'mse': 1542.1401249653748, 'rmse': 39.27009199079338, 'mae': 30.143338401016415, 'mdae': 23.898101127404274, 'r2': 0.46369644227808093}",1554.7826213067997,39.428755007900676,30.412901808857026,24.181778325346787,0.4497846634455561,34.92642487234141,0.44144625061719256,0.2641772917480507,0.3161323365792525,0.01220953719862185
49,39.01277480714746,2024-07-10 21:14:53.167042,2024-07-10 21:15:03.401003,0 days 00:00:10.233961,10,0.854255604093686,11,16,199,COMPLETE,"{'mse': 1575.018731357943, 'rmse': 39.68650565819499, 'mae': 30.137397722656033, 'mdae': 23.047537845244626, 'r2': 0.472791457504277}","{'mse': 1486.049860212331, 'rmse': 38.54931724703216, 'mae': 29.609632088684993, 'mdae': 23.44799564646798, 'r2': 0.45838235504761027}","{'mse': 1528.8635174525539, 'rmse': 39.100684360411826, 'mae': 30.067356200906215, 'mdae': 24.07694787842103, 'r2': 0.44947939300458273}","{'mse': 1506.270282474421, 'rmse': 38.81069804157639, 'mae': 29.793694898714477, 'mdae': 23.700481245179155, 'r2': 0.4527622261915938}","{'mse': 1514.507104925517, 'rmse': 38.916668728521934, 'mae': 29.533620294215496, 'mdae': 22.563613843433977, 'r2': 0.4733062609437547}",1522.1418992845531,39.01277480714746,29.82834024103544,23.367315291749357,0.4613443385383637,33.36904669891361,0.426176505912996,0.26857892635184755,0.5850813861220431,0.011150415365626887
